ISO-10303-21;
HEADER;
/* Generated by software containing ST-Developer
 * from STEP Tools, Inc. (www.steptools.com) 
 */
/* OPTION: using custom renumber hook */

FILE_DESCRIPTION(
/* description */ ('STEP AP242 Edition 2',
'CAx-IF Rec.Pracs.---Representation and Presentation of Product Manufa
cturing Information (PMI)---4.0---2014-10-13',
'CAx-IF Rec.Pracs.---3D Tessellated Geometry---0.4---2014-09-14','2;1',
'CAx-IF Rec.Pracs.---User Defined Attributes---1.5---2016-08-15'),
/* implementation_level */ '2;1');

FILE_NAME(
/* name */ 'Part Studio 1',
/* time_stamp */ '2026-10-04T14:46:21Z',
/* author */ (''),
/* organization */ (''),
/* preprocessor_version */ 'ST-DEVELOPER v20',
/* originating_system */ 'ONSHAPE BY PTC INC, 1.221',
/* authorisation */ '  ');

FILE_SCHEMA (('AP242_MANAGED_MODEL_BASED_3D_ENGINEERING_MIM_LF { 1 0 10303 442 3 1 4 }'));
ENDSEC;

DATA;
#10=SHAPE_REPRESENTATION_RELATIONSHIP('','',#3065,#11);
#11=ADVANCED_BREP_SHAPE_REPRESENTATION('',(#3063),#4811);
#12=ORIENTED_EDGE('',*,*,#876,.T.);
#13=ORIENTED_EDGE('',*,*,#877,.T.);
#14=ORIENTED_EDGE('',*,*,#878,.F.);
#15=ORIENTED_EDGE('',*,*,#879,.T.);
#16=ORIENTED_EDGE('',*,*,#878,.T.);
#17=ORIENTED_EDGE('',*,*,#880,.T.);
#18=ORIENTED_EDGE('',*,*,#881,.F.);
#19=ORIENTED_EDGE('',*,*,#882,.T.);
#20=ORIENTED_EDGE('',*,*,#881,.T.);
#21=ORIENTED_EDGE('',*,*,#883,.T.);
#22=ORIENTED_EDGE('',*,*,#884,.F.);
#23=ORIENTED_EDGE('',*,*,#885,.T.);
#24=ORIENTED_EDGE('',*,*,#884,.T.);
#25=ORIENTED_EDGE('',*,*,#886,.T.);
#26=ORIENTED_EDGE('',*,*,#887,.F.);
#27=ORIENTED_EDGE('',*,*,#888,.T.);
#28=ORIENTED_EDGE('',*,*,#887,.T.);
#29=ORIENTED_EDGE('',*,*,#889,.T.);
#30=ORIENTED_EDGE('',*,*,#890,.F.);
#31=ORIENTED_EDGE('',*,*,#891,.T.);
#32=ORIENTED_EDGE('',*,*,#890,.T.);
#33=ORIENTED_EDGE('',*,*,#892,.T.);
#34=ORIENTED_EDGE('',*,*,#893,.F.);
#35=ORIENTED_EDGE('',*,*,#894,.T.);
#36=ORIENTED_EDGE('',*,*,#893,.T.);
#37=ORIENTED_EDGE('',*,*,#895,.T.);
#38=ORIENTED_EDGE('',*,*,#896,.F.);
#39=ORIENTED_EDGE('',*,*,#897,.T.);
#40=ORIENTED_EDGE('',*,*,#896,.T.);
#41=ORIENTED_EDGE('',*,*,#898,.T.);
#42=ORIENTED_EDGE('',*,*,#899,.F.);
#43=ORIENTED_EDGE('',*,*,#900,.T.);
#44=ORIENTED_EDGE('',*,*,#899,.T.);
#45=ORIENTED_EDGE('',*,*,#901,.T.);
#46=ORIENTED_EDGE('',*,*,#902,.F.);
#47=ORIENTED_EDGE('',*,*,#903,.T.);
#48=ORIENTED_EDGE('',*,*,#902,.T.);
#49=ORIENTED_EDGE('',*,*,#904,.T.);
#50=ORIENTED_EDGE('',*,*,#905,.F.);
#51=ORIENTED_EDGE('',*,*,#906,.T.);
#52=ORIENTED_EDGE('',*,*,#905,.T.);
#53=ORIENTED_EDGE('',*,*,#907,.T.);
#54=ORIENTED_EDGE('',*,*,#908,.F.);
#55=ORIENTED_EDGE('',*,*,#909,.T.);
#56=ORIENTED_EDGE('',*,*,#908,.T.);
#57=ORIENTED_EDGE('',*,*,#910,.T.);
#58=ORIENTED_EDGE('',*,*,#911,.F.);
#59=ORIENTED_EDGE('',*,*,#912,.T.);
#60=ORIENTED_EDGE('',*,*,#911,.T.);
#61=ORIENTED_EDGE('',*,*,#913,.T.);
#62=ORIENTED_EDGE('',*,*,#914,.F.);
#63=ORIENTED_EDGE('',*,*,#915,.T.);
#64=ORIENTED_EDGE('',*,*,#914,.T.);
#65=ORIENTED_EDGE('',*,*,#916,.T.);
#66=ORIENTED_EDGE('',*,*,#917,.F.);
#67=ORIENTED_EDGE('',*,*,#918,.T.);
#68=ORIENTED_EDGE('',*,*,#917,.T.);
#69=ORIENTED_EDGE('',*,*,#919,.T.);
#70=ORIENTED_EDGE('',*,*,#920,.F.);
#71=ORIENTED_EDGE('',*,*,#921,.T.);
#72=ORIENTED_EDGE('',*,*,#920,.T.);
#73=ORIENTED_EDGE('',*,*,#922,.T.);
#74=ORIENTED_EDGE('',*,*,#923,.F.);
#75=ORIENTED_EDGE('',*,*,#924,.T.);
#76=ORIENTED_EDGE('',*,*,#923,.T.);
#77=ORIENTED_EDGE('',*,*,#925,.T.);
#78=ORIENTED_EDGE('',*,*,#926,.F.);
#79=ORIENTED_EDGE('',*,*,#927,.T.);
#80=ORIENTED_EDGE('',*,*,#926,.T.);
#81=ORIENTED_EDGE('',*,*,#928,.T.);
#82=ORIENTED_EDGE('',*,*,#929,.F.);
#83=ORIENTED_EDGE('',*,*,#930,.T.);
#84=ORIENTED_EDGE('',*,*,#929,.T.);
#85=ORIENTED_EDGE('',*,*,#931,.T.);
#86=ORIENTED_EDGE('',*,*,#932,.F.);
#87=ORIENTED_EDGE('',*,*,#933,.T.);
#88=ORIENTED_EDGE('',*,*,#932,.T.);
#89=ORIENTED_EDGE('',*,*,#934,.T.);
#90=ORIENTED_EDGE('',*,*,#935,.F.);
#91=ORIENTED_EDGE('',*,*,#936,.T.);
#92=ORIENTED_EDGE('',*,*,#935,.T.);
#93=ORIENTED_EDGE('',*,*,#937,.T.);
#94=ORIENTED_EDGE('',*,*,#938,.F.);
#95=ORIENTED_EDGE('',*,*,#939,.T.);
#96=ORIENTED_EDGE('',*,*,#938,.T.);
#97=ORIENTED_EDGE('',*,*,#940,.T.);
#98=ORIENTED_EDGE('',*,*,#941,.F.);
#99=ORIENTED_EDGE('',*,*,#942,.T.);
#100=ORIENTED_EDGE('',*,*,#941,.T.);
#101=ORIENTED_EDGE('',*,*,#943,.T.);
#102=ORIENTED_EDGE('',*,*,#944,.F.);
#103=ORIENTED_EDGE('',*,*,#945,.T.);
#104=ORIENTED_EDGE('',*,*,#944,.T.);
#105=ORIENTED_EDGE('',*,*,#946,.T.);
#106=ORIENTED_EDGE('',*,*,#947,.F.);
#107=ORIENTED_EDGE('',*,*,#948,.T.);
#108=ORIENTED_EDGE('',*,*,#947,.T.);
#109=ORIENTED_EDGE('',*,*,#949,.T.);
#110=ORIENTED_EDGE('',*,*,#950,.F.);
#111=ORIENTED_EDGE('',*,*,#951,.T.);
#112=ORIENTED_EDGE('',*,*,#950,.T.);
#113=ORIENTED_EDGE('',*,*,#952,.T.);
#114=ORIENTED_EDGE('',*,*,#953,.F.);
#115=ORIENTED_EDGE('',*,*,#954,.T.);
#116=ORIENTED_EDGE('',*,*,#953,.T.);
#117=ORIENTED_EDGE('',*,*,#955,.T.);
#118=ORIENTED_EDGE('',*,*,#956,.F.);
#119=ORIENTED_EDGE('',*,*,#957,.T.);
#120=ORIENTED_EDGE('',*,*,#956,.T.);
#121=ORIENTED_EDGE('',*,*,#958,.T.);
#122=ORIENTED_EDGE('',*,*,#959,.F.);
#123=ORIENTED_EDGE('',*,*,#960,.T.);
#124=ORIENTED_EDGE('',*,*,#959,.T.);
#125=ORIENTED_EDGE('',*,*,#961,.T.);
#126=ORIENTED_EDGE('',*,*,#962,.F.);
#127=ORIENTED_EDGE('',*,*,#963,.T.);
#128=ORIENTED_EDGE('',*,*,#962,.T.);
#129=ORIENTED_EDGE('',*,*,#964,.T.);
#130=ORIENTED_EDGE('',*,*,#965,.F.);
#131=ORIENTED_EDGE('',*,*,#966,.T.);
#132=ORIENTED_EDGE('',*,*,#965,.T.);
#133=ORIENTED_EDGE('',*,*,#967,.T.);
#134=ORIENTED_EDGE('',*,*,#968,.F.);
#135=ORIENTED_EDGE('',*,*,#969,.T.);
#136=ORIENTED_EDGE('',*,*,#968,.T.);
#137=ORIENTED_EDGE('',*,*,#970,.T.);
#138=ORIENTED_EDGE('',*,*,#971,.F.);
#139=ORIENTED_EDGE('',*,*,#972,.T.);
#140=ORIENTED_EDGE('',*,*,#971,.T.);
#141=ORIENTED_EDGE('',*,*,#973,.T.);
#142=ORIENTED_EDGE('',*,*,#974,.F.);
#143=ORIENTED_EDGE('',*,*,#975,.T.);
#144=ORIENTED_EDGE('',*,*,#974,.T.);
#145=ORIENTED_EDGE('',*,*,#976,.T.);
#146=ORIENTED_EDGE('',*,*,#977,.F.);
#147=ORIENTED_EDGE('',*,*,#978,.T.);
#148=ORIENTED_EDGE('',*,*,#977,.T.);
#149=ORIENTED_EDGE('',*,*,#979,.T.);
#150=ORIENTED_EDGE('',*,*,#980,.F.);
#151=ORIENTED_EDGE('',*,*,#981,.T.);
#152=ORIENTED_EDGE('',*,*,#980,.T.);
#153=ORIENTED_EDGE('',*,*,#982,.T.);
#154=ORIENTED_EDGE('',*,*,#983,.F.);
#155=ORIENTED_EDGE('',*,*,#984,.T.);
#156=ORIENTED_EDGE('',*,*,#983,.T.);
#157=ORIENTED_EDGE('',*,*,#985,.T.);
#158=ORIENTED_EDGE('',*,*,#986,.F.);
#159=ORIENTED_EDGE('',*,*,#987,.T.);
#160=ORIENTED_EDGE('',*,*,#986,.T.);
#161=ORIENTED_EDGE('',*,*,#988,.T.);
#162=ORIENTED_EDGE('',*,*,#989,.F.);
#163=ORIENTED_EDGE('',*,*,#990,.T.);
#164=ORIENTED_EDGE('',*,*,#989,.T.);
#165=ORIENTED_EDGE('',*,*,#991,.T.);
#166=ORIENTED_EDGE('',*,*,#992,.F.);
#167=ORIENTED_EDGE('',*,*,#993,.T.);
#168=ORIENTED_EDGE('',*,*,#992,.T.);
#169=ORIENTED_EDGE('',*,*,#994,.T.);
#170=ORIENTED_EDGE('',*,*,#995,.F.);
#171=ORIENTED_EDGE('',*,*,#996,.T.);
#172=ORIENTED_EDGE('',*,*,#995,.T.);
#173=ORIENTED_EDGE('',*,*,#997,.T.);
#174=ORIENTED_EDGE('',*,*,#998,.F.);
#175=ORIENTED_EDGE('',*,*,#999,.T.);
#176=ORIENTED_EDGE('',*,*,#998,.T.);
#177=ORIENTED_EDGE('',*,*,#1000,.T.);
#178=ORIENTED_EDGE('',*,*,#1001,.F.);
#179=ORIENTED_EDGE('',*,*,#1002,.T.);
#180=ORIENTED_EDGE('',*,*,#1001,.T.);
#181=ORIENTED_EDGE('',*,*,#1003,.T.);
#182=ORIENTED_EDGE('',*,*,#1004,.F.);
#183=ORIENTED_EDGE('',*,*,#1005,.T.);
#184=ORIENTED_EDGE('',*,*,#1004,.T.);
#185=ORIENTED_EDGE('',*,*,#1006,.T.);
#186=ORIENTED_EDGE('',*,*,#1007,.F.);
#187=ORIENTED_EDGE('',*,*,#1008,.T.);
#188=ORIENTED_EDGE('',*,*,#1007,.T.);
#189=ORIENTED_EDGE('',*,*,#1009,.T.);
#190=ORIENTED_EDGE('',*,*,#1010,.F.);
#191=ORIENTED_EDGE('',*,*,#1011,.T.);
#192=ORIENTED_EDGE('',*,*,#1010,.T.);
#193=ORIENTED_EDGE('',*,*,#1012,.T.);
#194=ORIENTED_EDGE('',*,*,#1013,.F.);
#195=ORIENTED_EDGE('',*,*,#1014,.T.);
#196=ORIENTED_EDGE('',*,*,#1013,.T.);
#197=ORIENTED_EDGE('',*,*,#1015,.T.);
#198=ORIENTED_EDGE('',*,*,#1016,.F.);
#199=ORIENTED_EDGE('',*,*,#1017,.T.);
#200=ORIENTED_EDGE('',*,*,#1016,.T.);
#201=ORIENTED_EDGE('',*,*,#1018,.T.);
#202=ORIENTED_EDGE('',*,*,#876,.F.);
#203=ORIENTED_EDGE('',*,*,#1019,.T.);
#204=ORIENTED_EDGE('',*,*,#1020,.T.);
#205=ORIENTED_EDGE('',*,*,#1021,.F.);
#206=ORIENTED_EDGE('',*,*,#1022,.F.);
#207=ORIENTED_EDGE('',*,*,#1023,.T.);
#208=ORIENTED_EDGE('',*,*,#1021,.T.);
#209=ORIENTED_EDGE('',*,*,#1024,.T.);
#210=ORIENTED_EDGE('',*,*,#1025,.F.);
#211=ORIENTED_EDGE('',*,*,#1026,.F.);
#212=ORIENTED_EDGE('',*,*,#1027,.T.);
#213=ORIENTED_EDGE('',*,*,#1028,.F.);
#214=ORIENTED_EDGE('',*,*,#1029,.F.);
#215=ORIENTED_EDGE('',*,*,#1025,.T.);
#216=ORIENTED_EDGE('',*,*,#1030,.T.);
#217=ORIENTED_EDGE('',*,*,#1031,.F.);
#218=ORIENTED_EDGE('',*,*,#1032,.F.);
#219=ORIENTED_EDGE('',*,*,#1028,.T.);
#220=ORIENTED_EDGE('',*,*,#1033,.T.);
#221=ORIENTED_EDGE('',*,*,#1034,.F.);
#222=ORIENTED_EDGE('',*,*,#1035,.F.);
#223=ORIENTED_EDGE('',*,*,#1031,.T.);
#224=ORIENTED_EDGE('',*,*,#1036,.T.);
#225=ORIENTED_EDGE('',*,*,#1037,.F.);
#226=ORIENTED_EDGE('',*,*,#1038,.F.);
#227=ORIENTED_EDGE('',*,*,#1034,.T.);
#228=ORIENTED_EDGE('',*,*,#1039,.T.);
#229=ORIENTED_EDGE('',*,*,#1040,.F.);
#230=ORIENTED_EDGE('',*,*,#1041,.F.);
#231=ORIENTED_EDGE('',*,*,#1037,.T.);
#232=ORIENTED_EDGE('',*,*,#1042,.T.);
#233=ORIENTED_EDGE('',*,*,#1043,.F.);
#234=ORIENTED_EDGE('',*,*,#1044,.F.);
#235=ORIENTED_EDGE('',*,*,#1040,.T.);
#236=ORIENTED_EDGE('',*,*,#1045,.T.);
#237=ORIENTED_EDGE('',*,*,#1046,.F.);
#238=ORIENTED_EDGE('',*,*,#1047,.F.);
#239=ORIENTED_EDGE('',*,*,#1043,.T.);
#240=ORIENTED_EDGE('',*,*,#1048,.T.);
#241=ORIENTED_EDGE('',*,*,#1049,.F.);
#242=ORIENTED_EDGE('',*,*,#1050,.F.);
#243=ORIENTED_EDGE('',*,*,#1046,.T.);
#244=ORIENTED_EDGE('',*,*,#1051,.T.);
#245=ORIENTED_EDGE('',*,*,#1052,.F.);
#246=ORIENTED_EDGE('',*,*,#1053,.F.);
#247=ORIENTED_EDGE('',*,*,#1049,.T.);
#248=ORIENTED_EDGE('',*,*,#1054,.T.);
#249=ORIENTED_EDGE('',*,*,#1055,.F.);
#250=ORIENTED_EDGE('',*,*,#1056,.F.);
#251=ORIENTED_EDGE('',*,*,#1052,.T.);
#252=ORIENTED_EDGE('',*,*,#1057,.T.);
#253=ORIENTED_EDGE('',*,*,#1058,.F.);
#254=ORIENTED_EDGE('',*,*,#1059,.F.);
#255=ORIENTED_EDGE('',*,*,#1055,.T.);
#256=ORIENTED_EDGE('',*,*,#1060,.T.);
#257=ORIENTED_EDGE('',*,*,#1061,.F.);
#258=ORIENTED_EDGE('',*,*,#1062,.F.);
#259=ORIENTED_EDGE('',*,*,#1058,.T.);
#260=ORIENTED_EDGE('',*,*,#1063,.T.);
#261=ORIENTED_EDGE('',*,*,#1064,.F.);
#262=ORIENTED_EDGE('',*,*,#1065,.F.);
#263=ORIENTED_EDGE('',*,*,#1061,.T.);
#264=ORIENTED_EDGE('',*,*,#1066,.T.);
#265=ORIENTED_EDGE('',*,*,#1067,.F.);
#266=ORIENTED_EDGE('',*,*,#1068,.F.);
#267=ORIENTED_EDGE('',*,*,#1064,.T.);
#268=ORIENTED_EDGE('',*,*,#1069,.T.);
#269=ORIENTED_EDGE('',*,*,#1070,.F.);
#270=ORIENTED_EDGE('',*,*,#1071,.F.);
#271=ORIENTED_EDGE('',*,*,#1067,.T.);
#272=ORIENTED_EDGE('',*,*,#1072,.T.);
#273=ORIENTED_EDGE('',*,*,#1073,.F.);
#274=ORIENTED_EDGE('',*,*,#1074,.F.);
#275=ORIENTED_EDGE('',*,*,#1070,.T.);
#276=ORIENTED_EDGE('',*,*,#1075,.T.);
#277=ORIENTED_EDGE('',*,*,#1076,.F.);
#278=ORIENTED_EDGE('',*,*,#1077,.F.);
#279=ORIENTED_EDGE('',*,*,#1073,.T.);
#280=ORIENTED_EDGE('',*,*,#1078,.T.);
#281=ORIENTED_EDGE('',*,*,#1079,.F.);
#282=ORIENTED_EDGE('',*,*,#1080,.F.);
#283=ORIENTED_EDGE('',*,*,#1076,.T.);
#284=ORIENTED_EDGE('',*,*,#1079,.T.);
#285=ORIENTED_EDGE('',*,*,#1081,.T.);
#286=ORIENTED_EDGE('',*,*,#1082,.F.);
#287=ORIENTED_EDGE('',*,*,#1083,.F.);
#288=ORIENTED_EDGE('',*,*,#1084,.T.);
#289=ORIENTED_EDGE('',*,*,#1085,.F.);
#290=ORIENTED_EDGE('',*,*,#1086,.F.);
#291=ORIENTED_EDGE('',*,*,#1082,.T.);
#292=ORIENTED_EDGE('',*,*,#1087,.T.);
#293=ORIENTED_EDGE('',*,*,#1088,.F.);
#294=ORIENTED_EDGE('',*,*,#1089,.F.);
#295=ORIENTED_EDGE('',*,*,#1085,.T.);
#296=ORIENTED_EDGE('',*,*,#1090,.T.);
#297=ORIENTED_EDGE('',*,*,#1091,.F.);
#298=ORIENTED_EDGE('',*,*,#1092,.F.);
#299=ORIENTED_EDGE('',*,*,#1088,.T.);
#300=ORIENTED_EDGE('',*,*,#1093,.T.);
#301=ORIENTED_EDGE('',*,*,#1094,.F.);
#302=ORIENTED_EDGE('',*,*,#1095,.F.);
#303=ORIENTED_EDGE('',*,*,#1091,.T.);
#304=ORIENTED_EDGE('',*,*,#1096,.T.);
#305=ORIENTED_EDGE('',*,*,#1097,.F.);
#306=ORIENTED_EDGE('',*,*,#1098,.F.);
#307=ORIENTED_EDGE('',*,*,#1094,.T.);
#308=ORIENTED_EDGE('',*,*,#1099,.T.);
#309=ORIENTED_EDGE('',*,*,#1100,.F.);
#310=ORIENTED_EDGE('',*,*,#1101,.F.);
#311=ORIENTED_EDGE('',*,*,#1097,.T.);
#312=ORIENTED_EDGE('',*,*,#1102,.T.);
#313=ORIENTED_EDGE('',*,*,#1103,.F.);
#314=ORIENTED_EDGE('',*,*,#1104,.F.);
#315=ORIENTED_EDGE('',*,*,#1100,.T.);
#316=ORIENTED_EDGE('',*,*,#1105,.T.);
#317=ORIENTED_EDGE('',*,*,#1106,.F.);
#318=ORIENTED_EDGE('',*,*,#1107,.F.);
#319=ORIENTED_EDGE('',*,*,#1103,.T.);
#320=ORIENTED_EDGE('',*,*,#1108,.T.);
#321=ORIENTED_EDGE('',*,*,#1109,.F.);
#322=ORIENTED_EDGE('',*,*,#1110,.F.);
#323=ORIENTED_EDGE('',*,*,#1106,.T.);
#324=ORIENTED_EDGE('',*,*,#1111,.T.);
#325=ORIENTED_EDGE('',*,*,#1112,.F.);
#326=ORIENTED_EDGE('',*,*,#1113,.F.);
#327=ORIENTED_EDGE('',*,*,#1109,.T.);
#328=ORIENTED_EDGE('',*,*,#1114,.T.);
#329=ORIENTED_EDGE('',*,*,#1115,.F.);
#330=ORIENTED_EDGE('',*,*,#1116,.F.);
#331=ORIENTED_EDGE('',*,*,#1112,.T.);
#332=ORIENTED_EDGE('',*,*,#1117,.T.);
#333=ORIENTED_EDGE('',*,*,#1118,.F.);
#334=ORIENTED_EDGE('',*,*,#1119,.F.);
#335=ORIENTED_EDGE('',*,*,#1115,.T.);
#336=ORIENTED_EDGE('',*,*,#1120,.T.);
#337=ORIENTED_EDGE('',*,*,#1121,.F.);
#338=ORIENTED_EDGE('',*,*,#1122,.F.);
#339=ORIENTED_EDGE('',*,*,#1118,.T.);
#340=ORIENTED_EDGE('',*,*,#1123,.T.);
#341=ORIENTED_EDGE('',*,*,#1124,.F.);
#342=ORIENTED_EDGE('',*,*,#1125,.F.);
#343=ORIENTED_EDGE('',*,*,#1121,.T.);
#344=ORIENTED_EDGE('',*,*,#1126,.T.);
#345=ORIENTED_EDGE('',*,*,#1127,.F.);
#346=ORIENTED_EDGE('',*,*,#1128,.F.);
#347=ORIENTED_EDGE('',*,*,#1124,.T.);
#348=ORIENTED_EDGE('',*,*,#1129,.T.);
#349=ORIENTED_EDGE('',*,*,#1130,.F.);
#350=ORIENTED_EDGE('',*,*,#1131,.F.);
#351=ORIENTED_EDGE('',*,*,#1127,.T.);
#352=ORIENTED_EDGE('',*,*,#1132,.T.);
#353=ORIENTED_EDGE('',*,*,#1133,.F.);
#354=ORIENTED_EDGE('',*,*,#1134,.F.);
#355=ORIENTED_EDGE('',*,*,#1130,.T.);
#356=ORIENTED_EDGE('',*,*,#1135,.T.);
#357=ORIENTED_EDGE('',*,*,#1136,.F.);
#358=ORIENTED_EDGE('',*,*,#1137,.F.);
#359=ORIENTED_EDGE('',*,*,#1133,.T.);
#360=ORIENTED_EDGE('',*,*,#1138,.T.);
#361=ORIENTED_EDGE('',*,*,#1139,.F.);
#362=ORIENTED_EDGE('',*,*,#1140,.F.);
#363=ORIENTED_EDGE('',*,*,#1136,.T.);
#364=ORIENTED_EDGE('',*,*,#1141,.T.);
#365=ORIENTED_EDGE('',*,*,#1142,.F.);
#366=ORIENTED_EDGE('',*,*,#1143,.F.);
#367=ORIENTED_EDGE('',*,*,#1139,.T.);
#368=ORIENTED_EDGE('',*,*,#1144,.T.);
#369=ORIENTED_EDGE('',*,*,#1145,.F.);
#370=ORIENTED_EDGE('',*,*,#1146,.F.);
#371=ORIENTED_EDGE('',*,*,#1142,.T.);
#372=ORIENTED_EDGE('',*,*,#1147,.T.);
#373=ORIENTED_EDGE('',*,*,#1148,.F.);
#374=ORIENTED_EDGE('',*,*,#1149,.F.);
#375=ORIENTED_EDGE('',*,*,#1145,.T.);
#376=ORIENTED_EDGE('',*,*,#1150,.T.);
#377=ORIENTED_EDGE('',*,*,#1151,.F.);
#378=ORIENTED_EDGE('',*,*,#1152,.F.);
#379=ORIENTED_EDGE('',*,*,#1148,.T.);
#380=ORIENTED_EDGE('',*,*,#1153,.T.);
#381=ORIENTED_EDGE('',*,*,#1154,.F.);
#382=ORIENTED_EDGE('',*,*,#1155,.F.);
#383=ORIENTED_EDGE('',*,*,#1151,.T.);
#384=ORIENTED_EDGE('',*,*,#1156,.T.);
#385=ORIENTED_EDGE('',*,*,#1157,.F.);
#386=ORIENTED_EDGE('',*,*,#1158,.F.);
#387=ORIENTED_EDGE('',*,*,#1154,.T.);
#388=ORIENTED_EDGE('',*,*,#1159,.T.);
#389=ORIENTED_EDGE('',*,*,#1160,.F.);
#390=ORIENTED_EDGE('',*,*,#1161,.F.);
#391=ORIENTED_EDGE('',*,*,#1157,.T.);
#392=ORIENTED_EDGE('',*,*,#1162,.T.);
#393=ORIENTED_EDGE('',*,*,#1023,.F.);
#394=ORIENTED_EDGE('',*,*,#1163,.F.);
#395=ORIENTED_EDGE('',*,*,#1160,.T.);
#396=ORIENTED_EDGE('',*,*,#879,.F.);
#397=ORIENTED_EDGE('',*,*,#882,.F.);
#398=ORIENTED_EDGE('',*,*,#885,.F.);
#399=ORIENTED_EDGE('',*,*,#888,.F.);
#400=ORIENTED_EDGE('',*,*,#891,.F.);
#401=ORIENTED_EDGE('',*,*,#894,.F.);
#402=ORIENTED_EDGE('',*,*,#897,.F.);
#403=ORIENTED_EDGE('',*,*,#900,.F.);
#404=ORIENTED_EDGE('',*,*,#903,.F.);
#405=ORIENTED_EDGE('',*,*,#906,.F.);
#406=ORIENTED_EDGE('',*,*,#909,.F.);
#407=ORIENTED_EDGE('',*,*,#912,.F.);
#408=ORIENTED_EDGE('',*,*,#915,.F.);
#409=ORIENTED_EDGE('',*,*,#918,.F.);
#410=ORIENTED_EDGE('',*,*,#921,.F.);
#411=ORIENTED_EDGE('',*,*,#924,.F.);
#412=ORIENTED_EDGE('',*,*,#927,.F.);
#413=ORIENTED_EDGE('',*,*,#930,.F.);
#414=ORIENTED_EDGE('',*,*,#933,.F.);
#415=ORIENTED_EDGE('',*,*,#936,.F.);
#416=ORIENTED_EDGE('',*,*,#939,.F.);
#417=ORIENTED_EDGE('',*,*,#942,.F.);
#418=ORIENTED_EDGE('',*,*,#945,.F.);
#419=ORIENTED_EDGE('',*,*,#948,.F.);
#420=ORIENTED_EDGE('',*,*,#951,.F.);
#421=ORIENTED_EDGE('',*,*,#954,.F.);
#422=ORIENTED_EDGE('',*,*,#957,.F.);
#423=ORIENTED_EDGE('',*,*,#960,.F.);
#424=ORIENTED_EDGE('',*,*,#963,.F.);
#425=ORIENTED_EDGE('',*,*,#966,.F.);
#426=ORIENTED_EDGE('',*,*,#969,.F.);
#427=ORIENTED_EDGE('',*,*,#972,.F.);
#428=ORIENTED_EDGE('',*,*,#975,.F.);
#429=ORIENTED_EDGE('',*,*,#978,.F.);
#430=ORIENTED_EDGE('',*,*,#981,.F.);
#431=ORIENTED_EDGE('',*,*,#984,.F.);
#432=ORIENTED_EDGE('',*,*,#987,.F.);
#433=ORIENTED_EDGE('',*,*,#990,.F.);
#434=ORIENTED_EDGE('',*,*,#993,.F.);
#435=ORIENTED_EDGE('',*,*,#996,.F.);
#436=ORIENTED_EDGE('',*,*,#999,.F.);
#437=ORIENTED_EDGE('',*,*,#1002,.F.);
#438=ORIENTED_EDGE('',*,*,#1005,.F.);
#439=ORIENTED_EDGE('',*,*,#1008,.F.);
#440=ORIENTED_EDGE('',*,*,#1011,.F.);
#441=ORIENTED_EDGE('',*,*,#1014,.F.);
#442=ORIENTED_EDGE('',*,*,#1017,.F.);
#443=ORIENTED_EDGE('',*,*,#1019,.F.);
#444=ORIENTED_EDGE('',*,*,#1022,.T.);
#445=ORIENTED_EDGE('',*,*,#1026,.T.);
#446=ORIENTED_EDGE('',*,*,#1029,.T.);
#447=ORIENTED_EDGE('',*,*,#1032,.T.);
#448=ORIENTED_EDGE('',*,*,#1035,.T.);
#449=ORIENTED_EDGE('',*,*,#1038,.T.);
#450=ORIENTED_EDGE('',*,*,#1041,.T.);
#451=ORIENTED_EDGE('',*,*,#1044,.T.);
#452=ORIENTED_EDGE('',*,*,#1047,.T.);
#453=ORIENTED_EDGE('',*,*,#1050,.T.);
#454=ORIENTED_EDGE('',*,*,#1053,.T.);
#455=ORIENTED_EDGE('',*,*,#1056,.T.);
#456=ORIENTED_EDGE('',*,*,#1059,.T.);
#457=ORIENTED_EDGE('',*,*,#1062,.T.);
#458=ORIENTED_EDGE('',*,*,#1065,.T.);
#459=ORIENTED_EDGE('',*,*,#1068,.T.);
#460=ORIENTED_EDGE('',*,*,#1071,.T.);
#461=ORIENTED_EDGE('',*,*,#1074,.T.);
#462=ORIENTED_EDGE('',*,*,#1077,.T.);
#463=ORIENTED_EDGE('',*,*,#1080,.T.);
#464=ORIENTED_EDGE('',*,*,#1083,.T.);
#465=ORIENTED_EDGE('',*,*,#1086,.T.);
#466=ORIENTED_EDGE('',*,*,#1089,.T.);
#467=ORIENTED_EDGE('',*,*,#1092,.T.);
#468=ORIENTED_EDGE('',*,*,#1095,.T.);
#469=ORIENTED_EDGE('',*,*,#1098,.T.);
#470=ORIENTED_EDGE('',*,*,#1101,.T.);
#471=ORIENTED_EDGE('',*,*,#1104,.T.);
#472=ORIENTED_EDGE('',*,*,#1107,.T.);
#473=ORIENTED_EDGE('',*,*,#1110,.T.);
#474=ORIENTED_EDGE('',*,*,#1113,.T.);
#475=ORIENTED_EDGE('',*,*,#1116,.T.);
#476=ORIENTED_EDGE('',*,*,#1119,.T.);
#477=ORIENTED_EDGE('',*,*,#1122,.T.);
#478=ORIENTED_EDGE('',*,*,#1125,.T.);
#479=ORIENTED_EDGE('',*,*,#1128,.T.);
#480=ORIENTED_EDGE('',*,*,#1131,.T.);
#481=ORIENTED_EDGE('',*,*,#1134,.T.);
#482=ORIENTED_EDGE('',*,*,#1137,.T.);
#483=ORIENTED_EDGE('',*,*,#1140,.T.);
#484=ORIENTED_EDGE('',*,*,#1143,.T.);
#485=ORIENTED_EDGE('',*,*,#1146,.T.);
#486=ORIENTED_EDGE('',*,*,#1149,.T.);
#487=ORIENTED_EDGE('',*,*,#1152,.T.);
#488=ORIENTED_EDGE('',*,*,#1155,.T.);
#489=ORIENTED_EDGE('',*,*,#1158,.T.);
#490=ORIENTED_EDGE('',*,*,#1161,.T.);
#491=ORIENTED_EDGE('',*,*,#1163,.T.);
#492=ORIENTED_EDGE('',*,*,#1020,.F.);
#493=ORIENTED_EDGE('',*,*,#1162,.F.);
#494=ORIENTED_EDGE('',*,*,#1159,.F.);
#495=ORIENTED_EDGE('',*,*,#1156,.F.);
#496=ORIENTED_EDGE('',*,*,#1153,.F.);
#497=ORIENTED_EDGE('',*,*,#1150,.F.);
#498=ORIENTED_EDGE('',*,*,#1147,.F.);
#499=ORIENTED_EDGE('',*,*,#1144,.F.);
#500=ORIENTED_EDGE('',*,*,#1141,.F.);
#501=ORIENTED_EDGE('',*,*,#1138,.F.);
#502=ORIENTED_EDGE('',*,*,#1135,.F.);
#503=ORIENTED_EDGE('',*,*,#1132,.F.);
#504=ORIENTED_EDGE('',*,*,#1129,.F.);
#505=ORIENTED_EDGE('',*,*,#1126,.F.);
#506=ORIENTED_EDGE('',*,*,#1123,.F.);
#507=ORIENTED_EDGE('',*,*,#1120,.F.);
#508=ORIENTED_EDGE('',*,*,#1117,.F.);
#509=ORIENTED_EDGE('',*,*,#1114,.F.);
#510=ORIENTED_EDGE('',*,*,#1111,.F.);
#511=ORIENTED_EDGE('',*,*,#1108,.F.);
#512=ORIENTED_EDGE('',*,*,#1105,.F.);
#513=ORIENTED_EDGE('',*,*,#1102,.F.);
#514=ORIENTED_EDGE('',*,*,#1099,.F.);
#515=ORIENTED_EDGE('',*,*,#1096,.F.);
#516=ORIENTED_EDGE('',*,*,#1093,.F.);
#517=ORIENTED_EDGE('',*,*,#1090,.F.);
#518=ORIENTED_EDGE('',*,*,#1087,.F.);
#519=ORIENTED_EDGE('',*,*,#1084,.F.);
#520=ORIENTED_EDGE('',*,*,#1081,.F.);
#521=ORIENTED_EDGE('',*,*,#1078,.F.);
#522=ORIENTED_EDGE('',*,*,#1075,.F.);
#523=ORIENTED_EDGE('',*,*,#1072,.F.);
#524=ORIENTED_EDGE('',*,*,#1069,.F.);
#525=ORIENTED_EDGE('',*,*,#1066,.F.);
#526=ORIENTED_EDGE('',*,*,#1063,.F.);
#527=ORIENTED_EDGE('',*,*,#1060,.F.);
#528=ORIENTED_EDGE('',*,*,#1057,.F.);
#529=ORIENTED_EDGE('',*,*,#1054,.F.);
#530=ORIENTED_EDGE('',*,*,#1051,.F.);
#531=ORIENTED_EDGE('',*,*,#1048,.F.);
#532=ORIENTED_EDGE('',*,*,#1045,.F.);
#533=ORIENTED_EDGE('',*,*,#1042,.F.);
#534=ORIENTED_EDGE('',*,*,#1039,.F.);
#535=ORIENTED_EDGE('',*,*,#1036,.F.);
#536=ORIENTED_EDGE('',*,*,#1033,.F.);
#537=ORIENTED_EDGE('',*,*,#1030,.F.);
#538=ORIENTED_EDGE('',*,*,#1027,.F.);
#539=ORIENTED_EDGE('',*,*,#1024,.F.);
#540=ORIENTED_EDGE('',*,*,#1164,.T.);
#541=ORIENTED_EDGE('',*,*,#1165,.T.);
#542=ORIENTED_EDGE('',*,*,#1166,.T.);
#543=ORIENTED_EDGE('',*,*,#1167,.T.);
#544=ORIENTED_EDGE('',*,*,#1168,.T.);
#545=ORIENTED_EDGE('',*,*,#1169,.T.);
#546=ORIENTED_EDGE('',*,*,#1170,.T.);
#547=ORIENTED_EDGE('',*,*,#1171,.T.);
#548=ORIENTED_EDGE('',*,*,#1172,.T.);
#549=ORIENTED_EDGE('',*,*,#1173,.T.);
#550=ORIENTED_EDGE('',*,*,#1174,.T.);
#551=ORIENTED_EDGE('',*,*,#1175,.T.);
#552=ORIENTED_EDGE('',*,*,#1176,.T.);
#553=ORIENTED_EDGE('',*,*,#1177,.T.);
#554=ORIENTED_EDGE('',*,*,#1178,.T.);
#555=ORIENTED_EDGE('',*,*,#1179,.T.);
#556=ORIENTED_EDGE('',*,*,#1180,.T.);
#557=ORIENTED_EDGE('',*,*,#1181,.T.);
#558=ORIENTED_EDGE('',*,*,#1182,.T.);
#559=ORIENTED_EDGE('',*,*,#1183,.T.);
#560=ORIENTED_EDGE('',*,*,#1184,.T.);
#561=ORIENTED_EDGE('',*,*,#1185,.T.);
#562=ORIENTED_EDGE('',*,*,#1186,.T.);
#563=ORIENTED_EDGE('',*,*,#1187,.T.);
#564=ORIENTED_EDGE('',*,*,#1188,.T.);
#565=ORIENTED_EDGE('',*,*,#1189,.T.);
#566=ORIENTED_EDGE('',*,*,#1190,.T.);
#567=ORIENTED_EDGE('',*,*,#1191,.T.);
#568=ORIENTED_EDGE('',*,*,#1192,.T.);
#569=ORIENTED_EDGE('',*,*,#1193,.T.);
#570=ORIENTED_EDGE('',*,*,#1194,.T.);
#571=ORIENTED_EDGE('',*,*,#1195,.T.);
#572=ORIENTED_EDGE('',*,*,#1196,.T.);
#573=ORIENTED_EDGE('',*,*,#1197,.T.);
#574=ORIENTED_EDGE('',*,*,#1198,.T.);
#575=ORIENTED_EDGE('',*,*,#1199,.T.);
#576=ORIENTED_EDGE('',*,*,#1200,.T.);
#577=ORIENTED_EDGE('',*,*,#1201,.T.);
#578=ORIENTED_EDGE('',*,*,#1202,.T.);
#579=ORIENTED_EDGE('',*,*,#1203,.T.);
#580=ORIENTED_EDGE('',*,*,#1204,.T.);
#581=ORIENTED_EDGE('',*,*,#1205,.T.);
#582=ORIENTED_EDGE('',*,*,#1206,.T.);
#583=ORIENTED_EDGE('',*,*,#1207,.T.);
#584=ORIENTED_EDGE('',*,*,#1208,.T.);
#585=ORIENTED_EDGE('',*,*,#1209,.T.);
#586=ORIENTED_EDGE('',*,*,#1210,.T.);
#587=ORIENTED_EDGE('',*,*,#1211,.T.);
#588=ORIENTED_EDGE('',*,*,#1164,.F.);
#589=ORIENTED_EDGE('',*,*,#1212,.F.);
#590=ORIENTED_EDGE('',*,*,#1213,.T.);
#591=ORIENTED_EDGE('',*,*,#1214,.T.);
#592=ORIENTED_EDGE('',*,*,#1211,.F.);
#593=ORIENTED_EDGE('',*,*,#1215,.F.);
#594=ORIENTED_EDGE('',*,*,#1216,.T.);
#595=ORIENTED_EDGE('',*,*,#1212,.T.);
#596=ORIENTED_EDGE('',*,*,#1210,.F.);
#597=ORIENTED_EDGE('',*,*,#1217,.F.);
#598=ORIENTED_EDGE('',*,*,#1218,.T.);
#599=ORIENTED_EDGE('',*,*,#1215,.T.);
#600=ORIENTED_EDGE('',*,*,#1209,.F.);
#601=ORIENTED_EDGE('',*,*,#1219,.F.);
#602=ORIENTED_EDGE('',*,*,#1220,.T.);
#603=ORIENTED_EDGE('',*,*,#1217,.T.);
#604=ORIENTED_EDGE('',*,*,#1208,.F.);
#605=ORIENTED_EDGE('',*,*,#1221,.F.);
#606=ORIENTED_EDGE('',*,*,#1222,.T.);
#607=ORIENTED_EDGE('',*,*,#1219,.T.);
#608=ORIENTED_EDGE('',*,*,#1207,.F.);
#609=ORIENTED_EDGE('',*,*,#1223,.F.);
#610=ORIENTED_EDGE('',*,*,#1224,.T.);
#611=ORIENTED_EDGE('',*,*,#1221,.T.);
#612=ORIENTED_EDGE('',*,*,#1206,.F.);
#613=ORIENTED_EDGE('',*,*,#1225,.F.);
#614=ORIENTED_EDGE('',*,*,#1226,.T.);
#615=ORIENTED_EDGE('',*,*,#1223,.T.);
#616=ORIENTED_EDGE('',*,*,#1205,.F.);
#617=ORIENTED_EDGE('',*,*,#1227,.F.);
#618=ORIENTED_EDGE('',*,*,#1228,.T.);
#619=ORIENTED_EDGE('',*,*,#1225,.T.);
#620=ORIENTED_EDGE('',*,*,#1204,.F.);
#621=ORIENTED_EDGE('',*,*,#1229,.F.);
#622=ORIENTED_EDGE('',*,*,#1230,.T.);
#623=ORIENTED_EDGE('',*,*,#1227,.T.);
#624=ORIENTED_EDGE('',*,*,#1203,.F.);
#625=ORIENTED_EDGE('',*,*,#1231,.F.);
#626=ORIENTED_EDGE('',*,*,#1232,.T.);
#627=ORIENTED_EDGE('',*,*,#1229,.T.);
#628=ORIENTED_EDGE('',*,*,#1202,.F.);
#629=ORIENTED_EDGE('',*,*,#1233,.F.);
#630=ORIENTED_EDGE('',*,*,#1234,.T.);
#631=ORIENTED_EDGE('',*,*,#1231,.T.);
#632=ORIENTED_EDGE('',*,*,#1201,.F.);
#633=ORIENTED_EDGE('',*,*,#1235,.F.);
#634=ORIENTED_EDGE('',*,*,#1236,.T.);
#635=ORIENTED_EDGE('',*,*,#1233,.T.);
#636=ORIENTED_EDGE('',*,*,#1200,.F.);
#637=ORIENTED_EDGE('',*,*,#1237,.F.);
#638=ORIENTED_EDGE('',*,*,#1238,.T.);
#639=ORIENTED_EDGE('',*,*,#1235,.T.);
#640=ORIENTED_EDGE('',*,*,#1199,.F.);
#641=ORIENTED_EDGE('',*,*,#1239,.F.);
#642=ORIENTED_EDGE('',*,*,#1240,.T.);
#643=ORIENTED_EDGE('',*,*,#1237,.T.);
#644=ORIENTED_EDGE('',*,*,#1198,.F.);
#645=ORIENTED_EDGE('',*,*,#1241,.F.);
#646=ORIENTED_EDGE('',*,*,#1242,.T.);
#647=ORIENTED_EDGE('',*,*,#1239,.T.);
#648=ORIENTED_EDGE('',*,*,#1197,.F.);
#649=ORIENTED_EDGE('',*,*,#1243,.F.);
#650=ORIENTED_EDGE('',*,*,#1244,.T.);
#651=ORIENTED_EDGE('',*,*,#1241,.T.);
#652=ORIENTED_EDGE('',*,*,#1196,.F.);
#653=ORIENTED_EDGE('',*,*,#1245,.F.);
#654=ORIENTED_EDGE('',*,*,#1246,.T.);
#655=ORIENTED_EDGE('',*,*,#1243,.T.);
#656=ORIENTED_EDGE('',*,*,#1195,.F.);
#657=ORIENTED_EDGE('',*,*,#1247,.F.);
#658=ORIENTED_EDGE('',*,*,#1248,.T.);
#659=ORIENTED_EDGE('',*,*,#1245,.T.);
#660=ORIENTED_EDGE('',*,*,#1194,.F.);
#661=ORIENTED_EDGE('',*,*,#1249,.F.);
#662=ORIENTED_EDGE('',*,*,#1250,.T.);
#663=ORIENTED_EDGE('',*,*,#1247,.T.);
#664=ORIENTED_EDGE('',*,*,#1193,.F.);
#665=ORIENTED_EDGE('',*,*,#1251,.F.);
#666=ORIENTED_EDGE('',*,*,#1252,.T.);
#667=ORIENTED_EDGE('',*,*,#1249,.T.);
#668=ORIENTED_EDGE('',*,*,#1192,.F.);
#669=ORIENTED_EDGE('',*,*,#1253,.F.);
#670=ORIENTED_EDGE('',*,*,#1254,.T.);
#671=ORIENTED_EDGE('',*,*,#1251,.T.);
#672=ORIENTED_EDGE('',*,*,#1191,.F.);
#673=ORIENTED_EDGE('',*,*,#1255,.F.);
#674=ORIENTED_EDGE('',*,*,#1256,.T.);
#675=ORIENTED_EDGE('',*,*,#1253,.T.);
#676=ORIENTED_EDGE('',*,*,#1190,.F.);
#677=ORIENTED_EDGE('',*,*,#1257,.F.);
#678=ORIENTED_EDGE('',*,*,#1258,.T.);
#679=ORIENTED_EDGE('',*,*,#1255,.T.);
#680=ORIENTED_EDGE('',*,*,#1189,.F.);
#681=ORIENTED_EDGE('',*,*,#1259,.F.);
#682=ORIENTED_EDGE('',*,*,#1260,.T.);
#683=ORIENTED_EDGE('',*,*,#1257,.T.);
#684=ORIENTED_EDGE('',*,*,#1188,.F.);
#685=ORIENTED_EDGE('',*,*,#1261,.F.);
#686=ORIENTED_EDGE('',*,*,#1262,.T.);
#687=ORIENTED_EDGE('',*,*,#1259,.T.);
#688=ORIENTED_EDGE('',*,*,#1187,.F.);
#689=ORIENTED_EDGE('',*,*,#1263,.F.);
#690=ORIENTED_EDGE('',*,*,#1264,.T.);
#691=ORIENTED_EDGE('',*,*,#1261,.T.);
#692=ORIENTED_EDGE('',*,*,#1186,.F.);
#693=ORIENTED_EDGE('',*,*,#1265,.F.);
#694=ORIENTED_EDGE('',*,*,#1266,.T.);
#695=ORIENTED_EDGE('',*,*,#1263,.T.);
#696=ORIENTED_EDGE('',*,*,#1185,.F.);
#697=ORIENTED_EDGE('',*,*,#1267,.F.);
#698=ORIENTED_EDGE('',*,*,#1268,.T.);
#699=ORIENTED_EDGE('',*,*,#1265,.T.);
#700=ORIENTED_EDGE('',*,*,#1184,.F.);
#701=ORIENTED_EDGE('',*,*,#1269,.F.);
#702=ORIENTED_EDGE('',*,*,#1270,.T.);
#703=ORIENTED_EDGE('',*,*,#1267,.T.);
#704=ORIENTED_EDGE('',*,*,#1183,.F.);
#705=ORIENTED_EDGE('',*,*,#1271,.F.);
#706=ORIENTED_EDGE('',*,*,#1272,.T.);
#707=ORIENTED_EDGE('',*,*,#1269,.T.);
#708=ORIENTED_EDGE('',*,*,#1182,.F.);
#709=ORIENTED_EDGE('',*,*,#1273,.F.);
#710=ORIENTED_EDGE('',*,*,#1274,.T.);
#711=ORIENTED_EDGE('',*,*,#1271,.T.);
#712=ORIENTED_EDGE('',*,*,#1181,.F.);
#713=ORIENTED_EDGE('',*,*,#1275,.F.);
#714=ORIENTED_EDGE('',*,*,#1276,.T.);
#715=ORIENTED_EDGE('',*,*,#1273,.T.);
#716=ORIENTED_EDGE('',*,*,#1180,.F.);
#717=ORIENTED_EDGE('',*,*,#1277,.F.);
#718=ORIENTED_EDGE('',*,*,#1278,.T.);
#719=ORIENTED_EDGE('',*,*,#1275,.T.);
#720=ORIENTED_EDGE('',*,*,#1179,.F.);
#721=ORIENTED_EDGE('',*,*,#1279,.F.);
#722=ORIENTED_EDGE('',*,*,#1280,.T.);
#723=ORIENTED_EDGE('',*,*,#1277,.T.);
#724=ORIENTED_EDGE('',*,*,#1178,.F.);
#725=ORIENTED_EDGE('',*,*,#1281,.F.);
#726=ORIENTED_EDGE('',*,*,#1282,.T.);
#727=ORIENTED_EDGE('',*,*,#1279,.T.);
#728=ORIENTED_EDGE('',*,*,#1177,.F.);
#729=ORIENTED_EDGE('',*,*,#1283,.F.);
#730=ORIENTED_EDGE('',*,*,#1284,.T.);
#731=ORIENTED_EDGE('',*,*,#1281,.T.);
#732=ORIENTED_EDGE('',*,*,#1176,.F.);
#733=ORIENTED_EDGE('',*,*,#1285,.F.);
#734=ORIENTED_EDGE('',*,*,#1286,.T.);
#735=ORIENTED_EDGE('',*,*,#1283,.T.);
#736=ORIENTED_EDGE('',*,*,#1175,.F.);
#737=ORIENTED_EDGE('',*,*,#1287,.F.);
#738=ORIENTED_EDGE('',*,*,#1288,.T.);
#739=ORIENTED_EDGE('',*,*,#1285,.T.);
#740=ORIENTED_EDGE('',*,*,#1174,.F.);
#741=ORIENTED_EDGE('',*,*,#1289,.F.);
#742=ORIENTED_EDGE('',*,*,#1290,.T.);
#743=ORIENTED_EDGE('',*,*,#1287,.T.);
#744=ORIENTED_EDGE('',*,*,#1173,.F.);
#745=ORIENTED_EDGE('',*,*,#1291,.F.);
#746=ORIENTED_EDGE('',*,*,#1292,.T.);
#747=ORIENTED_EDGE('',*,*,#1289,.T.);
#748=ORIENTED_EDGE('',*,*,#1172,.F.);
#749=ORIENTED_EDGE('',*,*,#1293,.F.);
#750=ORIENTED_EDGE('',*,*,#1294,.T.);
#751=ORIENTED_EDGE('',*,*,#1291,.T.);
#752=ORIENTED_EDGE('',*,*,#1171,.F.);
#753=ORIENTED_EDGE('',*,*,#1295,.F.);
#754=ORIENTED_EDGE('',*,*,#1296,.T.);
#755=ORIENTED_EDGE('',*,*,#1293,.T.);
#756=ORIENTED_EDGE('',*,*,#1170,.F.);
#757=ORIENTED_EDGE('',*,*,#1297,.F.);
#758=ORIENTED_EDGE('',*,*,#1298,.T.);
#759=ORIENTED_EDGE('',*,*,#1295,.T.);
#760=ORIENTED_EDGE('',*,*,#1169,.F.);
#761=ORIENTED_EDGE('',*,*,#1299,.F.);
#762=ORIENTED_EDGE('',*,*,#1300,.T.);
#763=ORIENTED_EDGE('',*,*,#1297,.T.);
#764=ORIENTED_EDGE('',*,*,#1168,.F.);
#765=ORIENTED_EDGE('',*,*,#1301,.F.);
#766=ORIENTED_EDGE('',*,*,#1302,.T.);
#767=ORIENTED_EDGE('',*,*,#1299,.T.);
#768=ORIENTED_EDGE('',*,*,#1167,.F.);
#769=ORIENTED_EDGE('',*,*,#1303,.F.);
#770=ORIENTED_EDGE('',*,*,#1304,.T.);
#771=ORIENTED_EDGE('',*,*,#1301,.T.);
#772=ORIENTED_EDGE('',*,*,#1166,.F.);
#773=ORIENTED_EDGE('',*,*,#1305,.F.);
#774=ORIENTED_EDGE('',*,*,#1306,.T.);
#775=ORIENTED_EDGE('',*,*,#1303,.T.);
#776=ORIENTED_EDGE('',*,*,#1165,.F.);
#777=ORIENTED_EDGE('',*,*,#1214,.F.);
#778=ORIENTED_EDGE('',*,*,#1307,.T.);
#779=ORIENTED_EDGE('',*,*,#1305,.T.);
#780=ORIENTED_EDGE('',*,*,#877,.F.);
#781=ORIENTED_EDGE('',*,*,#1018,.F.);
#782=ORIENTED_EDGE('',*,*,#1015,.F.);
#783=ORIENTED_EDGE('',*,*,#1012,.F.);
#784=ORIENTED_EDGE('',*,*,#1009,.F.);
#785=ORIENTED_EDGE('',*,*,#1006,.F.);
#786=ORIENTED_EDGE('',*,*,#1003,.F.);
#787=ORIENTED_EDGE('',*,*,#1000,.F.);
#788=ORIENTED_EDGE('',*,*,#997,.F.);
#789=ORIENTED_EDGE('',*,*,#994,.F.);
#790=ORIENTED_EDGE('',*,*,#991,.F.);
#791=ORIENTED_EDGE('',*,*,#988,.F.);
#792=ORIENTED_EDGE('',*,*,#985,.F.);
#793=ORIENTED_EDGE('',*,*,#982,.F.);
#794=ORIENTED_EDGE('',*,*,#979,.F.);
#795=ORIENTED_EDGE('',*,*,#976,.F.);
#796=ORIENTED_EDGE('',*,*,#973,.F.);
#797=ORIENTED_EDGE('',*,*,#970,.F.);
#798=ORIENTED_EDGE('',*,*,#967,.F.);
#799=ORIENTED_EDGE('',*,*,#964,.F.);
#800=ORIENTED_EDGE('',*,*,#961,.F.);
#801=ORIENTED_EDGE('',*,*,#958,.F.);
#802=ORIENTED_EDGE('',*,*,#955,.F.);
#803=ORIENTED_EDGE('',*,*,#952,.F.);
#804=ORIENTED_EDGE('',*,*,#949,.F.);
#805=ORIENTED_EDGE('',*,*,#946,.F.);
#806=ORIENTED_EDGE('',*,*,#943,.F.);
#807=ORIENTED_EDGE('',*,*,#940,.F.);
#808=ORIENTED_EDGE('',*,*,#937,.F.);
#809=ORIENTED_EDGE('',*,*,#934,.F.);
#810=ORIENTED_EDGE('',*,*,#931,.F.);
#811=ORIENTED_EDGE('',*,*,#928,.F.);
#812=ORIENTED_EDGE('',*,*,#925,.F.);
#813=ORIENTED_EDGE('',*,*,#922,.F.);
#814=ORIENTED_EDGE('',*,*,#919,.F.);
#815=ORIENTED_EDGE('',*,*,#916,.F.);
#816=ORIENTED_EDGE('',*,*,#913,.F.);
#817=ORIENTED_EDGE('',*,*,#910,.F.);
#818=ORIENTED_EDGE('',*,*,#907,.F.);
#819=ORIENTED_EDGE('',*,*,#904,.F.);
#820=ORIENTED_EDGE('',*,*,#901,.F.);
#821=ORIENTED_EDGE('',*,*,#898,.F.);
#822=ORIENTED_EDGE('',*,*,#895,.F.);
#823=ORIENTED_EDGE('',*,*,#892,.F.);
#824=ORIENTED_EDGE('',*,*,#889,.F.);
#825=ORIENTED_EDGE('',*,*,#886,.F.);
#826=ORIENTED_EDGE('',*,*,#883,.F.);
#827=ORIENTED_EDGE('',*,*,#880,.F.);
#828=ORIENTED_EDGE('',*,*,#1213,.F.);
#829=ORIENTED_EDGE('',*,*,#1216,.F.);
#830=ORIENTED_EDGE('',*,*,#1218,.F.);
#831=ORIENTED_EDGE('',*,*,#1220,.F.);
#832=ORIENTED_EDGE('',*,*,#1222,.F.);
#833=ORIENTED_EDGE('',*,*,#1224,.F.);
#834=ORIENTED_EDGE('',*,*,#1226,.F.);
#835=ORIENTED_EDGE('',*,*,#1228,.F.);
#836=ORIENTED_EDGE('',*,*,#1230,.F.);
#837=ORIENTED_EDGE('',*,*,#1232,.F.);
#838=ORIENTED_EDGE('',*,*,#1234,.F.);
#839=ORIENTED_EDGE('',*,*,#1236,.F.);
#840=ORIENTED_EDGE('',*,*,#1238,.F.);
#841=ORIENTED_EDGE('',*,*,#1240,.F.);
#842=ORIENTED_EDGE('',*,*,#1242,.F.);
#843=ORIENTED_EDGE('',*,*,#1244,.F.);
#844=ORIENTED_EDGE('',*,*,#1246,.F.);
#845=ORIENTED_EDGE('',*,*,#1248,.F.);
#846=ORIENTED_EDGE('',*,*,#1250,.F.);
#847=ORIENTED_EDGE('',*,*,#1252,.F.);
#848=ORIENTED_EDGE('',*,*,#1254,.F.);
#849=ORIENTED_EDGE('',*,*,#1256,.F.);
#850=ORIENTED_EDGE('',*,*,#1258,.F.);
#851=ORIENTED_EDGE('',*,*,#1260,.F.);
#852=ORIENTED_EDGE('',*,*,#1262,.F.);
#853=ORIENTED_EDGE('',*,*,#1264,.F.);
#854=ORIENTED_EDGE('',*,*,#1266,.F.);
#855=ORIENTED_EDGE('',*,*,#1268,.F.);
#856=ORIENTED_EDGE('',*,*,#1270,.F.);
#857=ORIENTED_EDGE('',*,*,#1272,.F.);
#858=ORIENTED_EDGE('',*,*,#1274,.F.);
#859=ORIENTED_EDGE('',*,*,#1276,.F.);
#860=ORIENTED_EDGE('',*,*,#1278,.F.);
#861=ORIENTED_EDGE('',*,*,#1280,.F.);
#862=ORIENTED_EDGE('',*,*,#1282,.F.);
#863=ORIENTED_EDGE('',*,*,#1284,.F.);
#864=ORIENTED_EDGE('',*,*,#1286,.F.);
#865=ORIENTED_EDGE('',*,*,#1288,.F.);
#866=ORIENTED_EDGE('',*,*,#1290,.F.);
#867=ORIENTED_EDGE('',*,*,#1292,.F.);
#868=ORIENTED_EDGE('',*,*,#1294,.F.);
#869=ORIENTED_EDGE('',*,*,#1296,.F.);
#870=ORIENTED_EDGE('',*,*,#1298,.F.);
#871=ORIENTED_EDGE('',*,*,#1300,.F.);
#872=ORIENTED_EDGE('',*,*,#1302,.F.);
#873=ORIENTED_EDGE('',*,*,#1304,.F.);
#874=ORIENTED_EDGE('',*,*,#1306,.F.);
#875=ORIENTED_EDGE('',*,*,#1307,.F.);
#876=EDGE_CURVE('',#1308,#1309,#1596,.T.);
#877=EDGE_CURVE('',#1309,#1310,#1597,.T.);
#878=EDGE_CURVE('',#1311,#1310,#1598,.T.);
#879=EDGE_CURVE('',#1311,#1308,#1599,.F.);
#880=EDGE_CURVE('',#1310,#1312,#1600,.T.);
#881=EDGE_CURVE('',#1313,#1312,#1601,.T.);
#882=EDGE_CURVE('',#1313,#1311,#1602,.T.);
#883=EDGE_CURVE('',#1312,#1314,#1603,.T.);
#884=EDGE_CURVE('',#1315,#1314,#1604,.T.);
#885=EDGE_CURVE('',#1315,#1313,#1605,.T.);
#886=EDGE_CURVE('',#1314,#1316,#1606,.T.);
#887=EDGE_CURVE('',#1317,#1316,#1607,.T.);
#888=EDGE_CURVE('',#1317,#1315,#1608,.T.);
#889=EDGE_CURVE('',#1316,#1318,#1609,.T.);
#890=EDGE_CURVE('',#1319,#1318,#1610,.T.);
#891=EDGE_CURVE('',#1319,#1317,#1611,.T.);
#892=EDGE_CURVE('',#1318,#1320,#1612,.T.);
#893=EDGE_CURVE('',#1321,#1320,#1613,.T.);
#894=EDGE_CURVE('',#1321,#1319,#1614,.T.);
#895=EDGE_CURVE('',#1320,#1322,#1615,.T.);
#896=EDGE_CURVE('',#1323,#1322,#1616,.T.);
#897=EDGE_CURVE('',#1323,#1321,#1617,.T.);
#898=EDGE_CURVE('',#1322,#1324,#1618,.T.);
#899=EDGE_CURVE('',#1325,#1324,#1619,.T.);
#900=EDGE_CURVE('',#1325,#1323,#1620,.T.);
#901=EDGE_CURVE('',#1324,#1326,#1621,.T.);
#902=EDGE_CURVE('',#1327,#1326,#1622,.T.);
#903=EDGE_CURVE('',#1327,#1325,#1623,.T.);
#904=EDGE_CURVE('',#1326,#1328,#1624,.T.);
#905=EDGE_CURVE('',#1329,#1328,#1625,.T.);
#906=EDGE_CURVE('',#1329,#1327,#1626,.T.);
#907=EDGE_CURVE('',#1328,#1330,#1627,.T.);
#908=EDGE_CURVE('',#1331,#1330,#1628,.T.);
#909=EDGE_CURVE('',#1331,#1329,#1629,.T.);
#910=EDGE_CURVE('',#1330,#1332,#1630,.T.);
#911=EDGE_CURVE('',#1333,#1332,#1631,.T.);
#912=EDGE_CURVE('',#1333,#1331,#1632,.T.);
#913=EDGE_CURVE('',#1332,#1334,#1633,.T.);
#914=EDGE_CURVE('',#1335,#1334,#1634,.T.);
#915=EDGE_CURVE('',#1335,#1333,#1635,.T.);
#916=EDGE_CURVE('',#1334,#1336,#1636,.T.);
#917=EDGE_CURVE('',#1337,#1336,#1637,.T.);
#918=EDGE_CURVE('',#1337,#1335,#1638,.T.);
#919=EDGE_CURVE('',#1336,#1338,#1639,.T.);
#920=EDGE_CURVE('',#1339,#1338,#1640,.T.);
#921=EDGE_CURVE('',#1339,#1337,#1641,.T.);
#922=EDGE_CURVE('',#1338,#1340,#1642,.T.);
#923=EDGE_CURVE('',#1341,#1340,#1643,.T.);
#924=EDGE_CURVE('',#1341,#1339,#1644,.T.);
#925=EDGE_CURVE('',#1340,#1342,#1645,.T.);
#926=EDGE_CURVE('',#1343,#1342,#1646,.T.);
#927=EDGE_CURVE('',#1343,#1341,#1647,.T.);
#928=EDGE_CURVE('',#1342,#1344,#1648,.T.);
#929=EDGE_CURVE('',#1345,#1344,#1649,.T.);
#930=EDGE_CURVE('',#1345,#1343,#1650,.T.);
#931=EDGE_CURVE('',#1344,#1346,#1651,.T.);
#932=EDGE_CURVE('',#1347,#1346,#1652,.T.);
#933=EDGE_CURVE('',#1347,#1345,#1653,.T.);
#934=EDGE_CURVE('',#1346,#1348,#1654,.T.);
#935=EDGE_CURVE('',#1349,#1348,#1655,.T.);
#936=EDGE_CURVE('',#1349,#1347,#1656,.T.);
#937=EDGE_CURVE('',#1348,#1350,#1657,.T.);
#938=EDGE_CURVE('',#1351,#1350,#1658,.T.);
#939=EDGE_CURVE('',#1351,#1349,#1659,.T.);
#940=EDGE_CURVE('',#1350,#1352,#1660,.T.);
#941=EDGE_CURVE('',#1353,#1352,#1661,.T.);
#942=EDGE_CURVE('',#1353,#1351,#1662,.T.);
#943=EDGE_CURVE('',#1352,#1354,#1663,.T.);
#944=EDGE_CURVE('',#1355,#1354,#1664,.T.);
#945=EDGE_CURVE('',#1355,#1353,#1665,.T.);
#946=EDGE_CURVE('',#1354,#1356,#1666,.T.);
#947=EDGE_CURVE('',#1357,#1356,#1667,.T.);
#948=EDGE_CURVE('',#1357,#1355,#1668,.T.);
#949=EDGE_CURVE('',#1356,#1358,#1669,.T.);
#950=EDGE_CURVE('',#1359,#1358,#1670,.T.);
#951=EDGE_CURVE('',#1359,#1357,#1671,.T.);
#952=EDGE_CURVE('',#1358,#1360,#1672,.T.);
#953=EDGE_CURVE('',#1361,#1360,#1673,.T.);
#954=EDGE_CURVE('',#1361,#1359,#1674,.T.);
#955=EDGE_CURVE('',#1360,#1362,#1675,.T.);
#956=EDGE_CURVE('',#1363,#1362,#1676,.T.);
#957=EDGE_CURVE('',#1363,#1361,#1677,.T.);
#958=EDGE_CURVE('',#1362,#1364,#1678,.T.);
#959=EDGE_CURVE('',#1365,#1364,#1679,.T.);
#960=EDGE_CURVE('',#1365,#1363,#1680,.T.);
#961=EDGE_CURVE('',#1364,#1366,#1681,.T.);
#962=EDGE_CURVE('',#1367,#1366,#1682,.T.);
#963=EDGE_CURVE('',#1367,#1365,#1683,.T.);
#964=EDGE_CURVE('',#1366,#1368,#1684,.T.);
#965=EDGE_CURVE('',#1369,#1368,#1685,.T.);
#966=EDGE_CURVE('',#1369,#1367,#1686,.T.);
#967=EDGE_CURVE('',#1368,#1370,#1687,.T.);
#968=EDGE_CURVE('',#1371,#1370,#1688,.T.);
#969=EDGE_CURVE('',#1371,#1369,#1689,.T.);
#970=EDGE_CURVE('',#1370,#1372,#1690,.T.);
#971=EDGE_CURVE('',#1373,#1372,#1691,.T.);
#972=EDGE_CURVE('',#1373,#1371,#1692,.T.);
#973=EDGE_CURVE('',#1372,#1374,#1693,.T.);
#974=EDGE_CURVE('',#1375,#1374,#1694,.T.);
#975=EDGE_CURVE('',#1375,#1373,#1695,.T.);
#976=EDGE_CURVE('',#1374,#1376,#1696,.T.);
#977=EDGE_CURVE('',#1377,#1376,#1697,.T.);
#978=EDGE_CURVE('',#1377,#1375,#1698,.T.);
#979=EDGE_CURVE('',#1376,#1378,#1699,.T.);
#980=EDGE_CURVE('',#1379,#1378,#1700,.T.);
#981=EDGE_CURVE('',#1379,#1377,#1701,.T.);
#982=EDGE_CURVE('',#1378,#1380,#1702,.T.);
#983=EDGE_CURVE('',#1381,#1380,#1703,.T.);
#984=EDGE_CURVE('',#1381,#1379,#1704,.T.);
#985=EDGE_CURVE('',#1380,#1382,#1705,.T.);
#986=EDGE_CURVE('',#1383,#1382,#1706,.T.);
#987=EDGE_CURVE('',#1383,#1381,#1707,.T.);
#988=EDGE_CURVE('',#1382,#1384,#1708,.T.);
#989=EDGE_CURVE('',#1385,#1384,#1709,.T.);
#990=EDGE_CURVE('',#1385,#1383,#1710,.T.);
#991=EDGE_CURVE('',#1384,#1386,#1711,.T.);
#992=EDGE_CURVE('',#1387,#1386,#1712,.T.);
#993=EDGE_CURVE('',#1387,#1385,#1713,.T.);
#994=EDGE_CURVE('',#1386,#1388,#1714,.T.);
#995=EDGE_CURVE('',#1389,#1388,#1715,.T.);
#996=EDGE_CURVE('',#1389,#1387,#1716,.T.);
#997=EDGE_CURVE('',#1388,#1390,#1717,.T.);
#998=EDGE_CURVE('',#1391,#1390,#1718,.T.);
#999=EDGE_CURVE('',#1391,#1389,#1719,.T.);
#1000=EDGE_CURVE('',#1390,#1392,#1720,.T.);
#1001=EDGE_CURVE('',#1393,#1392,#1721,.T.);
#1002=EDGE_CURVE('',#1393,#1391,#1722,.F.);
#1003=EDGE_CURVE('',#1392,#1394,#1723,.T.);
#1004=EDGE_CURVE('',#1395,#1394,#1724,.T.);
#1005=EDGE_CURVE('',#1395,#1393,#1725,.F.);
#1006=EDGE_CURVE('',#1394,#1396,#1726,.T.);
#1007=EDGE_CURVE('',#1397,#1396,#1727,.T.);
#1008=EDGE_CURVE('',#1397,#1395,#1728,.F.);
#1009=EDGE_CURVE('',#1396,#1398,#1729,.T.);
#1010=EDGE_CURVE('',#1399,#1398,#1730,.T.);
#1011=EDGE_CURVE('',#1399,#1397,#1731,.F.);
#1012=EDGE_CURVE('',#1398,#1400,#1732,.T.);
#1013=EDGE_CURVE('',#1401,#1400,#1733,.T.);
#1014=EDGE_CURVE('',#1401,#1399,#1734,.F.);
#1015=EDGE_CURVE('',#1400,#1402,#1735,.T.);
#1016=EDGE_CURVE('',#1403,#1402,#1736,.T.);
#1017=EDGE_CURVE('',#1403,#1401,#1737,.F.);
#1018=EDGE_CURVE('',#1402,#1309,#1738,.T.);
#1019=EDGE_CURVE('',#1308,#1403,#1739,.T.);
#1020=EDGE_CURVE('',#1404,#1405,#1740,.F.);
#1021=EDGE_CURVE('',#1406,#1405,#1741,.T.);
#1022=EDGE_CURVE('',#1407,#1406,#1742,.F.);
#1023=EDGE_CURVE('',#1407,#1404,#1743,.T.);
#1024=EDGE_CURVE('',#1405,#1408,#1744,.T.);
#1025=EDGE_CURVE('',#1409,#1408,#1745,.T.);
#1026=EDGE_CURVE('',#1406,#1409,#1746,.T.);
#1027=EDGE_CURVE('',#1408,#1410,#1747,.F.);
#1028=EDGE_CURVE('',#1411,#1410,#1748,.T.);
#1029=EDGE_CURVE('',#1409,#1411,#1749,.F.);
#1030=EDGE_CURVE('',#1410,#1412,#1750,.F.);
#1031=EDGE_CURVE('',#1413,#1412,#1751,.T.);
#1032=EDGE_CURVE('',#1411,#1413,#1752,.F.);
#1033=EDGE_CURVE('',#1412,#1414,#1753,.F.);
#1034=EDGE_CURVE('',#1415,#1414,#1754,.T.);
#1035=EDGE_CURVE('',#1413,#1415,#1755,.F.);
#1036=EDGE_CURVE('',#1414,#1416,#1756,.F.);
#1037=EDGE_CURVE('',#1417,#1416,#1757,.T.);
#1038=EDGE_CURVE('',#1415,#1417,#1758,.F.);
#1039=EDGE_CURVE('',#1416,#1418,#1759,.F.);
#1040=EDGE_CURVE('',#1419,#1418,#1760,.T.);
#1041=EDGE_CURVE('',#1417,#1419,#1761,.F.);
#1042=EDGE_CURVE('',#1418,#1420,#1762,.F.);
#1043=EDGE_CURVE('',#1421,#1420,#1763,.T.);
#1044=EDGE_CURVE('',#1419,#1421,#1764,.F.);
#1045=EDGE_CURVE('',#1420,#1422,#1765,.T.);
#1046=EDGE_CURVE('',#1423,#1422,#1766,.T.);
#1047=EDGE_CURVE('',#1421,#1423,#1767,.T.);
#1048=EDGE_CURVE('',#1422,#1424,#1768,.T.);
#1049=EDGE_CURVE('',#1425,#1424,#1769,.T.);
#1050=EDGE_CURVE('',#1423,#1425,#1770,.T.);
#1051=EDGE_CURVE('',#1424,#1426,#1771,.T.);
#1052=EDGE_CURVE('',#1427,#1426,#1772,.T.);
#1053=EDGE_CURVE('',#1425,#1427,#1773,.T.);
#1054=EDGE_CURVE('',#1426,#1428,#1774,.T.);
#1055=EDGE_CURVE('',#1429,#1428,#1775,.T.);
#1056=EDGE_CURVE('',#1427,#1429,#1776,.T.);
#1057=EDGE_CURVE('',#1428,#1430,#1777,.T.);
#1058=EDGE_CURVE('',#1431,#1430,#1778,.T.);
#1059=EDGE_CURVE('',#1429,#1431,#1779,.T.);
#1060=EDGE_CURVE('',#1430,#1432,#1780,.T.);
#1061=EDGE_CURVE('',#1433,#1432,#1781,.T.);
#1062=EDGE_CURVE('',#1431,#1433,#1782,.T.);
#1063=EDGE_CURVE('',#1432,#1434,#1783,.T.);
#1064=EDGE_CURVE('',#1435,#1434,#1784,.T.);
#1065=EDGE_CURVE('',#1433,#1435,#1785,.T.);
#1066=EDGE_CURVE('',#1434,#1436,#1786,.T.);
#1067=EDGE_CURVE('',#1437,#1436,#1787,.T.);
#1068=EDGE_CURVE('',#1435,#1437,#1788,.T.);
#1069=EDGE_CURVE('',#1436,#1438,#1789,.T.);
#1070=EDGE_CURVE('',#1439,#1438,#1790,.T.);
#1071=EDGE_CURVE('',#1437,#1439,#1791,.T.);
#1072=EDGE_CURVE('',#1438,#1440,#1792,.T.);
#1073=EDGE_CURVE('',#1441,#1440,#1793,.T.);
#1074=EDGE_CURVE('',#1439,#1441,#1794,.T.);
#1075=EDGE_CURVE('',#1440,#1442,#1795,.T.);
#1076=EDGE_CURVE('',#1443,#1442,#1796,.T.);
#1077=EDGE_CURVE('',#1441,#1443,#1797,.T.);
#1078=EDGE_CURVE('',#1442,#1444,#1798,.T.);
#1079=EDGE_CURVE('',#1445,#1444,#1799,.T.);
#1080=EDGE_CURVE('',#1443,#1445,#1800,.T.);
#1081=EDGE_CURVE('',#1444,#1446,#1801,.T.);
#1082=EDGE_CURVE('',#1447,#1446,#1802,.T.);
#1083=EDGE_CURVE('',#1445,#1447,#1803,.T.);
#1084=EDGE_CURVE('',#1446,#1448,#1804,.T.);
#1085=EDGE_CURVE('',#1449,#1448,#1805,.T.);
#1086=EDGE_CURVE('',#1447,#1449,#1806,.T.);
#1087=EDGE_CURVE('',#1448,#1450,#1807,.T.);
#1088=EDGE_CURVE('',#1451,#1450,#1808,.T.);
#1089=EDGE_CURVE('',#1449,#1451,#1809,.T.);
#1090=EDGE_CURVE('',#1450,#1452,#1810,.T.);
#1091=EDGE_CURVE('',#1453,#1452,#1811,.T.);
#1092=EDGE_CURVE('',#1451,#1453,#1812,.T.);
#1093=EDGE_CURVE('',#1452,#1454,#1813,.T.);
#1094=EDGE_CURVE('',#1455,#1454,#1814,.T.);
#1095=EDGE_CURVE('',#1453,#1455,#1815,.T.);
#1096=EDGE_CURVE('',#1454,#1456,#1816,.T.);
#1097=EDGE_CURVE('',#1457,#1456,#1817,.T.);
#1098=EDGE_CURVE('',#1455,#1457,#1818,.T.);
#1099=EDGE_CURVE('',#1456,#1458,#1819,.T.);
#1100=EDGE_CURVE('',#1459,#1458,#1820,.T.);
#1101=EDGE_CURVE('',#1457,#1459,#1821,.T.);
#1102=EDGE_CURVE('',#1458,#1460,#1822,.T.);
#1103=EDGE_CURVE('',#1461,#1460,#1823,.T.);
#1104=EDGE_CURVE('',#1459,#1461,#1824,.T.);
#1105=EDGE_CURVE('',#1460,#1462,#1825,.T.);
#1106=EDGE_CURVE('',#1463,#1462,#1826,.T.);
#1107=EDGE_CURVE('',#1461,#1463,#1827,.T.);
#1108=EDGE_CURVE('',#1462,#1464,#1828,.T.);
#1109=EDGE_CURVE('',#1465,#1464,#1829,.T.);
#1110=EDGE_CURVE('',#1463,#1465,#1830,.T.);
#1111=EDGE_CURVE('',#1464,#1466,#1831,.T.);
#1112=EDGE_CURVE('',#1467,#1466,#1832,.T.);
#1113=EDGE_CURVE('',#1465,#1467,#1833,.T.);
#1114=EDGE_CURVE('',#1466,#1468,#1834,.T.);
#1115=EDGE_CURVE('',#1469,#1468,#1835,.T.);
#1116=EDGE_CURVE('',#1467,#1469,#1836,.T.);
#1117=EDGE_CURVE('',#1468,#1470,#1837,.T.);
#1118=EDGE_CURVE('',#1471,#1470,#1838,.T.);
#1119=EDGE_CURVE('',#1469,#1471,#1839,.T.);
#1120=EDGE_CURVE('',#1470,#1472,#1840,.T.);
#1121=EDGE_CURVE('',#1473,#1472,#1841,.T.);
#1122=EDGE_CURVE('',#1471,#1473,#1842,.T.);
#1123=EDGE_CURVE('',#1472,#1474,#1843,.T.);
#1124=EDGE_CURVE('',#1475,#1474,#1844,.T.);
#1125=EDGE_CURVE('',#1473,#1475,#1845,.T.);
#1126=EDGE_CURVE('',#1474,#1476,#1846,.T.);
#1127=EDGE_CURVE('',#1477,#1476,#1847,.T.);
#1128=EDGE_CURVE('',#1475,#1477,#1848,.T.);
#1129=EDGE_CURVE('',#1476,#1478,#1849,.T.);
#1130=EDGE_CURVE('',#1479,#1478,#1850,.T.);
#1131=EDGE_CURVE('',#1477,#1479,#1851,.T.);
#1132=EDGE_CURVE('',#1478,#1480,#1852,.T.);
#1133=EDGE_CURVE('',#1481,#1480,#1853,.T.);
#1134=EDGE_CURVE('',#1479,#1481,#1854,.T.);
#1135=EDGE_CURVE('',#1480,#1482,#1855,.T.);
#1136=EDGE_CURVE('',#1483,#1482,#1856,.T.);
#1137=EDGE_CURVE('',#1481,#1483,#1857,.T.);
#1138=EDGE_CURVE('',#1482,#1484,#1858,.T.);
#1139=EDGE_CURVE('',#1485,#1484,#1859,.T.);
#1140=EDGE_CURVE('',#1483,#1485,#1860,.T.);
#1141=EDGE_CURVE('',#1484,#1486,#1861,.T.);
#1142=EDGE_CURVE('',#1487,#1486,#1862,.T.);
#1143=EDGE_CURVE('',#1485,#1487,#1863,.T.);
#1144=EDGE_CURVE('',#1486,#1488,#1864,.T.);
#1145=EDGE_CURVE('',#1489,#1488,#1865,.T.);
#1146=EDGE_CURVE('',#1487,#1489,#1866,.T.);
#1147=EDGE_CURVE('',#1488,#1490,#1867,.T.);
#1148=EDGE_CURVE('',#1491,#1490,#1868,.T.);
#1149=EDGE_CURVE('',#1489,#1491,#1869,.T.);
#1150=EDGE_CURVE('',#1490,#1492,#1870,.T.);
#1151=EDGE_CURVE('',#1493,#1492,#1871,.T.);
#1152=EDGE_CURVE('',#1491,#1493,#1872,.T.);
#1153=EDGE_CURVE('',#1492,#1494,#1873,.T.);
#1154=EDGE_CURVE('',#1495,#1494,#1874,.T.);
#1155=EDGE_CURVE('',#1493,#1495,#1875,.T.);
#1156=EDGE_CURVE('',#1494,#1496,#1876,.T.);
#1157=EDGE_CURVE('',#1497,#1496,#1877,.T.);
#1158=EDGE_CURVE('',#1495,#1497,#1878,.T.);
#1159=EDGE_CURVE('',#1496,#1498,#1879,.T.);
#1160=EDGE_CURVE('',#1499,#1498,#1880,.T.);
#1161=EDGE_CURVE('',#1497,#1499,#1881,.T.);
#1162=EDGE_CURVE('',#1498,#1404,#1882,.T.);
#1163=EDGE_CURVE('',#1499,#1407,#1883,.T.);
#1164=EDGE_CURVE('',#1500,#1501,#1884,.F.);
#1165=EDGE_CURVE('',#1501,#1502,#1885,.T.);
#1166=EDGE_CURVE('',#1502,#1503,#1886,.F.);
#1167=EDGE_CURVE('',#1503,#1504,#1887,.F.);
#1168=EDGE_CURVE('',#1504,#1505,#1888,.F.);
#1169=EDGE_CURVE('',#1505,#1506,#1889,.F.);
#1170=EDGE_CURVE('',#1506,#1507,#1890,.F.);
#1171=EDGE_CURVE('',#1507,#1508,#1891,.F.);
#1172=EDGE_CURVE('',#1508,#1509,#1892,.T.);
#1173=EDGE_CURVE('',#1509,#1510,#1893,.T.);
#1174=EDGE_CURVE('',#1510,#1511,#1894,.T.);
#1175=EDGE_CURVE('',#1511,#1512,#1895,.T.);
#1176=EDGE_CURVE('',#1512,#1513,#1896,.T.);
#1177=EDGE_CURVE('',#1513,#1514,#1897,.T.);
#1178=EDGE_CURVE('',#1514,#1515,#1898,.T.);
#1179=EDGE_CURVE('',#1515,#1516,#1899,.T.);
#1180=EDGE_CURVE('',#1516,#1517,#1900,.T.);
#1181=EDGE_CURVE('',#1517,#1518,#1901,.T.);
#1182=EDGE_CURVE('',#1518,#1519,#1902,.T.);
#1183=EDGE_CURVE('',#1519,#1520,#1903,.T.);
#1184=EDGE_CURVE('',#1520,#1521,#1904,.T.);
#1185=EDGE_CURVE('',#1521,#1522,#1905,.T.);
#1186=EDGE_CURVE('',#1522,#1523,#1906,.T.);
#1187=EDGE_CURVE('',#1523,#1524,#1907,.T.);
#1188=EDGE_CURVE('',#1524,#1525,#1908,.T.);
#1189=EDGE_CURVE('',#1525,#1526,#1909,.T.);
#1190=EDGE_CURVE('',#1526,#1527,#1910,.T.);
#1191=EDGE_CURVE('',#1527,#1528,#1911,.T.);
#1192=EDGE_CURVE('',#1528,#1529,#1912,.T.);
#1193=EDGE_CURVE('',#1529,#1530,#1913,.T.);
#1194=EDGE_CURVE('',#1530,#1531,#1914,.T.);
#1195=EDGE_CURVE('',#1531,#1532,#1915,.T.);
#1196=EDGE_CURVE('',#1532,#1533,#1916,.T.);
#1197=EDGE_CURVE('',#1533,#1534,#1917,.T.);
#1198=EDGE_CURVE('',#1534,#1535,#1918,.T.);
#1199=EDGE_CURVE('',#1535,#1536,#1919,.T.);
#1200=EDGE_CURVE('',#1536,#1537,#1920,.T.);
#1201=EDGE_CURVE('',#1537,#1538,#1921,.T.);
#1202=EDGE_CURVE('',#1538,#1539,#1922,.T.);
#1203=EDGE_CURVE('',#1539,#1540,#1923,.T.);
#1204=EDGE_CURVE('',#1540,#1541,#1924,.T.);
#1205=EDGE_CURVE('',#1541,#1542,#1925,.T.);
#1206=EDGE_CURVE('',#1542,#1543,#1926,.T.);
#1207=EDGE_CURVE('',#1543,#1544,#1927,.T.);
#1208=EDGE_CURVE('',#1544,#1545,#1928,.T.);
#1209=EDGE_CURVE('',#1545,#1546,#1929,.T.);
#1210=EDGE_CURVE('',#1546,#1547,#1930,.T.);
#1211=EDGE_CURVE('',#1547,#1500,#1931,.T.);
#1212=EDGE_CURVE('',#1548,#1500,#1932,.T.);
#1213=EDGE_CURVE('',#1548,#1549,#1933,.F.);
#1214=EDGE_CURVE('',#1549,#1501,#1934,.T.);
#1215=EDGE_CURVE('',#1550,#1547,#1935,.T.);
#1216=EDGE_CURVE('',#1550,#1548,#1936,.T.);
#1217=EDGE_CURVE('',#1551,#1546,#1937,.T.);
#1218=EDGE_CURVE('',#1551,#1550,#1938,.T.);
#1219=EDGE_CURVE('',#1552,#1545,#1939,.T.);
#1220=EDGE_CURVE('',#1552,#1551,#1940,.T.);
#1221=EDGE_CURVE('',#1553,#1544,#1941,.T.);
#1222=EDGE_CURVE('',#1553,#1552,#1942,.T.);
#1223=EDGE_CURVE('',#1554,#1543,#1943,.T.);
#1224=EDGE_CURVE('',#1554,#1553,#1944,.T.);
#1225=EDGE_CURVE('',#1555,#1542,#1945,.T.);
#1226=EDGE_CURVE('',#1555,#1554,#1946,.T.);
#1227=EDGE_CURVE('',#1556,#1541,#1947,.T.);
#1228=EDGE_CURVE('',#1556,#1555,#1948,.T.);
#1229=EDGE_CURVE('',#1557,#1540,#1949,.T.);
#1230=EDGE_CURVE('',#1557,#1556,#1950,.T.);
#1231=EDGE_CURVE('',#1558,#1539,#1951,.T.);
#1232=EDGE_CURVE('',#1558,#1557,#1952,.T.);
#1233=EDGE_CURVE('',#1559,#1538,#1953,.T.);
#1234=EDGE_CURVE('',#1559,#1558,#1954,.T.);
#1235=EDGE_CURVE('',#1560,#1537,#1955,.T.);
#1236=EDGE_CURVE('',#1560,#1559,#1956,.T.);
#1237=EDGE_CURVE('',#1561,#1536,#1957,.T.);
#1238=EDGE_CURVE('',#1561,#1560,#1958,.T.);
#1239=EDGE_CURVE('',#1562,#1535,#1959,.T.);
#1240=EDGE_CURVE('',#1562,#1561,#1960,.T.);
#1241=EDGE_CURVE('',#1563,#1534,#1961,.T.);
#1242=EDGE_CURVE('',#1563,#1562,#1962,.T.);
#1243=EDGE_CURVE('',#1564,#1533,#1963,.T.);
#1244=EDGE_CURVE('',#1564,#1563,#1964,.T.);
#1245=EDGE_CURVE('',#1565,#1532,#1965,.T.);
#1246=EDGE_CURVE('',#1565,#1564,#1966,.T.);
#1247=EDGE_CURVE('',#1566,#1531,#1967,.T.);
#1248=EDGE_CURVE('',#1566,#1565,#1968,.T.);
#1249=EDGE_CURVE('',#1567,#1530,#1969,.T.);
#1250=EDGE_CURVE('',#1567,#1566,#1970,.T.);
#1251=EDGE_CURVE('',#1568,#1529,#1971,.T.);
#1252=EDGE_CURVE('',#1568,#1567,#1972,.T.);
#1253=EDGE_CURVE('',#1569,#1528,#1973,.T.);
#1254=EDGE_CURVE('',#1569,#1568,#1974,.T.);
#1255=EDGE_CURVE('',#1570,#1527,#1975,.T.);
#1256=EDGE_CURVE('',#1570,#1569,#1976,.T.);
#1257=EDGE_CURVE('',#1571,#1526,#1977,.T.);
#1258=EDGE_CURVE('',#1571,#1570,#1978,.T.);
#1259=EDGE_CURVE('',#1572,#1525,#1979,.T.);
#1260=EDGE_CURVE('',#1572,#1571,#1980,.T.);
#1261=EDGE_CURVE('',#1573,#1524,#1981,.T.);
#1262=EDGE_CURVE('',#1573,#1572,#1982,.T.);
#1263=EDGE_CURVE('',#1574,#1523,#1983,.T.);
#1264=EDGE_CURVE('',#1574,#1573,#1984,.T.);
#1265=EDGE_CURVE('',#1575,#1522,#1985,.T.);
#1266=EDGE_CURVE('',#1575,#1574,#1986,.T.);
#1267=EDGE_CURVE('',#1576,#1521,#1987,.T.);
#1268=EDGE_CURVE('',#1576,#1575,#1988,.T.);
#1269=EDGE_CURVE('',#1577,#1520,#1989,.T.);
#1270=EDGE_CURVE('',#1577,#1576,#1990,.T.);
#1271=EDGE_CURVE('',#1578,#1519,#1991,.T.);
#1272=EDGE_CURVE('',#1578,#1577,#1992,.T.);
#1273=EDGE_CURVE('',#1579,#1518,#1993,.T.);
#1274=EDGE_CURVE('',#1579,#1578,#1994,.T.);
#1275=EDGE_CURVE('',#1580,#1517,#1995,.T.);
#1276=EDGE_CURVE('',#1580,#1579,#1996,.T.);
#1277=EDGE_CURVE('',#1581,#1516,#1997,.T.);
#1278=EDGE_CURVE('',#1581,#1580,#1998,.T.);
#1279=EDGE_CURVE('',#1582,#1515,#1999,.T.);
#1280=EDGE_CURVE('',#1582,#1581,#2000,.T.);
#1281=EDGE_CURVE('',#1583,#1514,#2001,.T.);
#1282=EDGE_CURVE('',#1583,#1582,#2002,.T.);
#1283=EDGE_CURVE('',#1584,#1513,#2003,.T.);
#1284=EDGE_CURVE('',#1584,#1583,#2004,.T.);
#1285=EDGE_CURVE('',#1585,#1512,#2005,.T.);
#1286=EDGE_CURVE('',#1585,#1584,#2006,.T.);
#1287=EDGE_CURVE('',#1586,#1511,#2007,.T.);
#1288=EDGE_CURVE('',#1586,#1585,#2008,.T.);
#1289=EDGE_CURVE('',#1587,#1510,#2009,.T.);
#1290=EDGE_CURVE('',#1587,#1586,#2010,.T.);
#1291=EDGE_CURVE('',#1588,#1509,#2011,.T.);
#1292=EDGE_CURVE('',#1588,#1587,#2012,.T.);
#1293=EDGE_CURVE('',#1589,#1508,#2013,.T.);
#1294=EDGE_CURVE('',#1589,#1588,#2014,.T.);
#1295=EDGE_CURVE('',#1590,#1507,#2015,.T.);
#1296=EDGE_CURVE('',#1590,#1589,#2016,.F.);
#1297=EDGE_CURVE('',#1591,#1506,#2017,.T.);
#1298=EDGE_CURVE('',#1591,#1590,#2018,.F.);
#1299=EDGE_CURVE('',#1592,#1505,#2019,.T.);
#1300=EDGE_CURVE('',#1592,#1591,#2020,.F.);
#1301=EDGE_CURVE('',#1593,#1504,#2021,.T.);
#1302=EDGE_CURVE('',#1593,#1592,#2022,.F.);
#1303=EDGE_CURVE('',#1594,#1503,#2023,.T.);
#1304=EDGE_CURVE('',#1594,#1593,#2024,.F.);
#1305=EDGE_CURVE('',#1595,#1502,#2025,.T.);
#1306=EDGE_CURVE('',#1595,#1594,#2026,.F.);
#1307=EDGE_CURVE('',#1549,#1595,#2027,.T.);
#1308=VERTEX_POINT('',#3945);
#1309=VERTEX_POINT('',#3946);
#1310=VERTEX_POINT('',#3948);
#1311=VERTEX_POINT('',#3950);
#1312=VERTEX_POINT('',#3954);
#1313=VERTEX_POINT('',#3956);
#1314=VERTEX_POINT('',#3960);
#1315=VERTEX_POINT('',#3962);
#1316=VERTEX_POINT('',#3966);
#1317=VERTEX_POINT('',#3968);
#1318=VERTEX_POINT('',#3972);
#1319=VERTEX_POINT('',#3974);
#1320=VERTEX_POINT('',#3978);
#1321=VERTEX_POINT('',#3980);
#1322=VERTEX_POINT('',#3984);
#1323=VERTEX_POINT('',#3986);
#1324=VERTEX_POINT('',#3990);
#1325=VERTEX_POINT('',#3992);
#1326=VERTEX_POINT('',#3996);
#1327=VERTEX_POINT('',#3998);
#1328=VERTEX_POINT('',#4002);
#1329=VERTEX_POINT('',#4004);
#1330=VERTEX_POINT('',#4008);
#1331=VERTEX_POINT('',#4010);
#1332=VERTEX_POINT('',#4014);
#1333=VERTEX_POINT('',#4016);
#1334=VERTEX_POINT('',#4020);
#1335=VERTEX_POINT('',#4022);
#1336=VERTEX_POINT('',#4026);
#1337=VERTEX_POINT('',#4028);
#1338=VERTEX_POINT('',#4032);
#1339=VERTEX_POINT('',#4034);
#1340=VERTEX_POINT('',#4038);
#1341=VERTEX_POINT('',#4040);
#1342=VERTEX_POINT('',#4044);
#1343=VERTEX_POINT('',#4046);
#1344=VERTEX_POINT('',#4050);
#1345=VERTEX_POINT('',#4052);
#1346=VERTEX_POINT('',#4056);
#1347=VERTEX_POINT('',#4058);
#1348=VERTEX_POINT('',#4062);
#1349=VERTEX_POINT('',#4064);
#1350=VERTEX_POINT('',#4068);
#1351=VERTEX_POINT('',#4070);
#1352=VERTEX_POINT('',#4074);
#1353=VERTEX_POINT('',#4076);
#1354=VERTEX_POINT('',#4080);
#1355=VERTEX_POINT('',#4082);
#1356=VERTEX_POINT('',#4086);
#1357=VERTEX_POINT('',#4088);
#1358=VERTEX_POINT('',#4092);
#1359=VERTEX_POINT('',#4094);
#1360=VERTEX_POINT('',#4098);
#1361=VERTEX_POINT('',#4100);
#1362=VERTEX_POINT('',#4104);
#1363=VERTEX_POINT('',#4106);
#1364=VERTEX_POINT('',#4110);
#1365=VERTEX_POINT('',#4112);
#1366=VERTEX_POINT('',#4116);
#1367=VERTEX_POINT('',#4118);
#1368=VERTEX_POINT('',#4122);
#1369=VERTEX_POINT('',#4124);
#1370=VERTEX_POINT('',#4128);
#1371=VERTEX_POINT('',#4130);
#1372=VERTEX_POINT('',#4134);
#1373=VERTEX_POINT('',#4136);
#1374=VERTEX_POINT('',#4140);
#1375=VERTEX_POINT('',#4142);
#1376=VERTEX_POINT('',#4146);
#1377=VERTEX_POINT('',#4148);
#1378=VERTEX_POINT('',#4152);
#1379=VERTEX_POINT('',#4154);
#1380=VERTEX_POINT('',#4158);
#1381=VERTEX_POINT('',#4160);
#1382=VERTEX_POINT('',#4164);
#1383=VERTEX_POINT('',#4166);
#1384=VERTEX_POINT('',#4170);
#1385=VERTEX_POINT('',#4172);
#1386=VERTEX_POINT('',#4176);
#1387=VERTEX_POINT('',#4178);
#1388=VERTEX_POINT('',#4182);
#1389=VERTEX_POINT('',#4184);
#1390=VERTEX_POINT('',#4188);
#1391=VERTEX_POINT('',#4190);
#1392=VERTEX_POINT('',#4194);
#1393=VERTEX_POINT('',#4196);
#1394=VERTEX_POINT('',#4200);
#1395=VERTEX_POINT('',#4202);
#1396=VERTEX_POINT('',#4206);
#1397=VERTEX_POINT('',#4208);
#1398=VERTEX_POINT('',#4212);
#1399=VERTEX_POINT('',#4214);
#1400=VERTEX_POINT('',#4218);
#1401=VERTEX_POINT('',#4220);
#1402=VERTEX_POINT('',#4224);
#1403=VERTEX_POINT('',#4226);
#1404=VERTEX_POINT('',#4233);
#1405=VERTEX_POINT('',#4234);
#1406=VERTEX_POINT('',#4236);
#1407=VERTEX_POINT('',#4238);
#1408=VERTEX_POINT('',#4242);
#1409=VERTEX_POINT('',#4244);
#1410=VERTEX_POINT('',#4248);
#1411=VERTEX_POINT('',#4250);
#1412=VERTEX_POINT('',#4254);
#1413=VERTEX_POINT('',#4256);
#1414=VERTEX_POINT('',#4260);
#1415=VERTEX_POINT('',#4262);
#1416=VERTEX_POINT('',#4266);
#1417=VERTEX_POINT('',#4268);
#1418=VERTEX_POINT('',#4272);
#1419=VERTEX_POINT('',#4274);
#1420=VERTEX_POINT('',#4278);
#1421=VERTEX_POINT('',#4280);
#1422=VERTEX_POINT('',#4284);
#1423=VERTEX_POINT('',#4286);
#1424=VERTEX_POINT('',#4290);
#1425=VERTEX_POINT('',#4292);
#1426=VERTEX_POINT('',#4296);
#1427=VERTEX_POINT('',#4298);
#1428=VERTEX_POINT('',#4302);
#1429=VERTEX_POINT('',#4304);
#1430=VERTEX_POINT('',#4308);
#1431=VERTEX_POINT('',#4310);
#1432=VERTEX_POINT('',#4314);
#1433=VERTEX_POINT('',#4316);
#1434=VERTEX_POINT('',#4320);
#1435=VERTEX_POINT('',#4322);
#1436=VERTEX_POINT('',#4326);
#1437=VERTEX_POINT('',#4328);
#1438=VERTEX_POINT('',#4332);
#1439=VERTEX_POINT('',#4334);
#1440=VERTEX_POINT('',#4338);
#1441=VERTEX_POINT('',#4340);
#1442=VERTEX_POINT('',#4344);
#1443=VERTEX_POINT('',#4346);
#1444=VERTEX_POINT('',#4350);
#1445=VERTEX_POINT('',#4352);
#1446=VERTEX_POINT('',#4356);
#1447=VERTEX_POINT('',#4358);
#1448=VERTEX_POINT('',#4362);
#1449=VERTEX_POINT('',#4364);
#1450=VERTEX_POINT('',#4368);
#1451=VERTEX_POINT('',#4370);
#1452=VERTEX_POINT('',#4374);
#1453=VERTEX_POINT('',#4376);
#1454=VERTEX_POINT('',#4380);
#1455=VERTEX_POINT('',#4382);
#1456=VERTEX_POINT('',#4386);
#1457=VERTEX_POINT('',#4388);
#1458=VERTEX_POINT('',#4392);
#1459=VERTEX_POINT('',#4394);
#1460=VERTEX_POINT('',#4398);
#1461=VERTEX_POINT('',#4400);
#1462=VERTEX_POINT('',#4404);
#1463=VERTEX_POINT('',#4406);
#1464=VERTEX_POINT('',#4410);
#1465=VERTEX_POINT('',#4412);
#1466=VERTEX_POINT('',#4416);
#1467=VERTEX_POINT('',#4418);
#1468=VERTEX_POINT('',#4422);
#1469=VERTEX_POINT('',#4424);
#1470=VERTEX_POINT('',#4428);
#1471=VERTEX_POINT('',#4430);
#1472=VERTEX_POINT('',#4434);
#1473=VERTEX_POINT('',#4436);
#1474=VERTEX_POINT('',#4440);
#1475=VERTEX_POINT('',#4442);
#1476=VERTEX_POINT('',#4446);
#1477=VERTEX_POINT('',#4448);
#1478=VERTEX_POINT('',#4452);
#1479=VERTEX_POINT('',#4454);
#1480=VERTEX_POINT('',#4458);
#1481=VERTEX_POINT('',#4460);
#1482=VERTEX_POINT('',#4464);
#1483=VERTEX_POINT('',#4466);
#1484=VERTEX_POINT('',#4470);
#1485=VERTEX_POINT('',#4472);
#1486=VERTEX_POINT('',#4476);
#1487=VERTEX_POINT('',#4478);
#1488=VERTEX_POINT('',#4482);
#1489=VERTEX_POINT('',#4484);
#1490=VERTEX_POINT('',#4488);
#1491=VERTEX_POINT('',#4490);
#1492=VERTEX_POINT('',#4494);
#1493=VERTEX_POINT('',#4496);
#1494=VERTEX_POINT('',#4500);
#1495=VERTEX_POINT('',#4502);
#1496=VERTEX_POINT('',#4506);
#1497=VERTEX_POINT('',#4508);
#1498=VERTEX_POINT('',#4512);
#1499=VERTEX_POINT('',#4514);
#1500=VERTEX_POINT('',#4522);
#1501=VERTEX_POINT('',#4523);
#1502=VERTEX_POINT('',#4525);
#1503=VERTEX_POINT('',#4527);
#1504=VERTEX_POINT('',#4529);
#1505=VERTEX_POINT('',#4531);
#1506=VERTEX_POINT('',#4533);
#1507=VERTEX_POINT('',#4535);
#1508=VERTEX_POINT('',#4537);
#1509=VERTEX_POINT('',#4539);
#1510=VERTEX_POINT('',#4541);
#1511=VERTEX_POINT('',#4543);
#1512=VERTEX_POINT('',#4545);
#1513=VERTEX_POINT('',#4547);
#1514=VERTEX_POINT('',#4549);
#1515=VERTEX_POINT('',#4551);
#1516=VERTEX_POINT('',#4553);
#1517=VERTEX_POINT('',#4555);
#1518=VERTEX_POINT('',#4557);
#1519=VERTEX_POINT('',#4559);
#1520=VERTEX_POINT('',#4561);
#1521=VERTEX_POINT('',#4563);
#1522=VERTEX_POINT('',#4565);
#1523=VERTEX_POINT('',#4567);
#1524=VERTEX_POINT('',#4569);
#1525=VERTEX_POINT('',#4571);
#1526=VERTEX_POINT('',#4573);
#1527=VERTEX_POINT('',#4575);
#1528=VERTEX_POINT('',#4577);
#1529=VERTEX_POINT('',#4579);
#1530=VERTEX_POINT('',#4581);
#1531=VERTEX_POINT('',#4583);
#1532=VERTEX_POINT('',#4585);
#1533=VERTEX_POINT('',#4587);
#1534=VERTEX_POINT('',#4589);
#1535=VERTEX_POINT('',#4591);
#1536=VERTEX_POINT('',#4593);
#1537=VERTEX_POINT('',#4595);
#1538=VERTEX_POINT('',#4597);
#1539=VERTEX_POINT('',#4599);
#1540=VERTEX_POINT('',#4601);
#1541=VERTEX_POINT('',#4603);
#1542=VERTEX_POINT('',#4605);
#1543=VERTEX_POINT('',#4607);
#1544=VERTEX_POINT('',#4609);
#1545=VERTEX_POINT('',#4611);
#1546=VERTEX_POINT('',#4613);
#1547=VERTEX_POINT('',#4615);
#1548=VERTEX_POINT('',#4619);
#1549=VERTEX_POINT('',#4621);
#1550=VERTEX_POINT('',#4625);
#1551=VERTEX_POINT('',#4629);
#1552=VERTEX_POINT('',#4633);
#1553=VERTEX_POINT('',#4637);
#1554=VERTEX_POINT('',#4641);
#1555=VERTEX_POINT('',#4645);
#1556=VERTEX_POINT('',#4649);
#1557=VERTEX_POINT('',#4653);
#1558=VERTEX_POINT('',#4657);
#1559=VERTEX_POINT('',#4661);
#1560=VERTEX_POINT('',#4665);
#1561=VERTEX_POINT('',#4669);
#1562=VERTEX_POINT('',#4673);
#1563=VERTEX_POINT('',#4677);
#1564=VERTEX_POINT('',#4681);
#1565=VERTEX_POINT('',#4685);
#1566=VERTEX_POINT('',#4689);
#1567=VERTEX_POINT('',#4693);
#1568=VERTEX_POINT('',#4697);
#1569=VERTEX_POINT('',#4701);
#1570=VERTEX_POINT('',#4705);
#1571=VERTEX_POINT('',#4709);
#1572=VERTEX_POINT('',#4713);
#1573=VERTEX_POINT('',#4717);
#1574=VERTEX_POINT('',#4721);
#1575=VERTEX_POINT('',#4725);
#1576=VERTEX_POINT('',#4729);
#1577=VERTEX_POINT('',#4733);
#1578=VERTEX_POINT('',#4737);
#1579=VERTEX_POINT('',#4741);
#1580=VERTEX_POINT('',#4745);
#1581=VERTEX_POINT('',#4749);
#1582=VERTEX_POINT('',#4753);
#1583=VERTEX_POINT('',#4757);
#1584=VERTEX_POINT('',#4761);
#1585=VERTEX_POINT('',#4765);
#1586=VERTEX_POINT('',#4769);
#1587=VERTEX_POINT('',#4773);
#1588=VERTEX_POINT('',#4777);
#1589=VERTEX_POINT('',#4781);
#1590=VERTEX_POINT('',#4785);
#1591=VERTEX_POINT('',#4789);
#1592=VERTEX_POINT('',#4793);
#1593=VERTEX_POINT('',#4797);
#1594=VERTEX_POINT('',#4801);
#1595=VERTEX_POINT('',#4805);
#1596=LINE('',#3944,#2028);
#1597=LINE('',#3947,#2029);
#1598=LINE('',#3949,#2030);
#1599=LINE('',#3951,#2031);
#1600=LINE('',#3953,#2032);
#1601=LINE('',#3955,#2033);
#1602=LINE('',#3957,#2034);
#1603=LINE('',#3959,#2035);
#1604=LINE('',#3961,#2036);
#1605=LINE('',#3963,#2037);
#1606=LINE('',#3965,#2038);
#1607=LINE('',#3967,#2039);
#1608=LINE('',#3969,#2040);
#1609=LINE('',#3971,#2041);
#1610=LINE('',#3973,#2042);
#1611=LINE('',#3975,#2043);
#1612=LINE('',#3977,#2044);
#1613=LINE('',#3979,#2045);
#1614=LINE('',#3981,#2046);
#1615=LINE('',#3983,#2047);
#1616=LINE('',#3985,#2048);
#1617=LINE('',#3987,#2049);
#1618=LINE('',#3989,#2050);
#1619=LINE('',#3991,#2051);
#1620=LINE('',#3993,#2052);
#1621=LINE('',#3995,#2053);
#1622=LINE('',#3997,#2054);
#1623=LINE('',#3999,#2055);
#1624=LINE('',#4001,#2056);
#1625=LINE('',#4003,#2057);
#1626=LINE('',#4005,#2058);
#1627=LINE('',#4007,#2059);
#1628=LINE('',#4009,#2060);
#1629=LINE('',#4011,#2061);
#1630=LINE('',#4013,#2062);
#1631=LINE('',#4015,#2063);
#1632=LINE('',#4017,#2064);
#1633=LINE('',#4019,#2065);
#1634=LINE('',#4021,#2066);
#1635=LINE('',#4023,#2067);
#1636=LINE('',#4025,#2068);
#1637=LINE('',#4027,#2069);
#1638=LINE('',#4029,#2070);
#1639=LINE('',#4031,#2071);
#1640=LINE('',#4033,#2072);
#1641=LINE('',#4035,#2073);
#1642=LINE('',#4037,#2074);
#1643=LINE('',#4039,#2075);
#1644=LINE('',#4041,#2076);
#1645=LINE('',#4043,#2077);
#1646=LINE('',#4045,#2078);
#1647=LINE('',#4047,#2079);
#1648=LINE('',#4049,#2080);
#1649=LINE('',#4051,#2081);
#1650=LINE('',#4053,#2082);
#1651=LINE('',#4055,#2083);
#1652=LINE('',#4057,#2084);
#1653=LINE('',#4059,#2085);
#1654=LINE('',#4061,#2086);
#1655=LINE('',#4063,#2087);
#1656=LINE('',#4065,#2088);
#1657=LINE('',#4067,#2089);
#1658=LINE('',#4069,#2090);
#1659=LINE('',#4071,#2091);
#1660=LINE('',#4073,#2092);
#1661=LINE('',#4075,#2093);
#1662=LINE('',#4077,#2094);
#1663=LINE('',#4079,#2095);
#1664=LINE('',#4081,#2096);
#1665=LINE('',#4083,#2097);
#1666=LINE('',#4085,#2098);
#1667=LINE('',#4087,#2099);
#1668=LINE('',#4089,#2100);
#1669=LINE('',#4091,#2101);
#1670=LINE('',#4093,#2102);
#1671=LINE('',#4095,#2103);
#1672=LINE('',#4097,#2104);
#1673=LINE('',#4099,#2105);
#1674=LINE('',#4101,#2106);
#1675=LINE('',#4103,#2107);
#1676=LINE('',#4105,#2108);
#1677=LINE('',#4107,#2109);
#1678=LINE('',#4109,#2110);
#1679=LINE('',#4111,#2111);
#1680=LINE('',#4113,#2112);
#1681=LINE('',#4115,#2113);
#1682=LINE('',#4117,#2114);
#1683=LINE('',#4119,#2115);
#1684=LINE('',#4121,#2116);
#1685=LINE('',#4123,#2117);
#1686=LINE('',#4125,#2118);
#1687=LINE('',#4127,#2119);
#1688=LINE('',#4129,#2120);
#1689=LINE('',#4131,#2121);
#1690=LINE('',#4133,#2122);
#1691=LINE('',#4135,#2123);
#1692=LINE('',#4137,#2124);
#1693=LINE('',#4139,#2125);
#1694=LINE('',#4141,#2126);
#1695=LINE('',#4143,#2127);
#1696=LINE('',#4145,#2128);
#1697=LINE('',#4147,#2129);
#1698=LINE('',#4149,#2130);
#1699=LINE('',#4151,#2131);
#1700=LINE('',#4153,#2132);
#1701=LINE('',#4155,#2133);
#1702=LINE('',#4157,#2134);
#1703=LINE('',#4159,#2135);
#1704=LINE('',#4161,#2136);
#1705=LINE('',#4163,#2137);
#1706=LINE('',#4165,#2138);
#1707=LINE('',#4167,#2139);
#1708=LINE('',#4169,#2140);
#1709=LINE('',#4171,#2141);
#1710=LINE('',#4173,#2142);
#1711=LINE('',#4175,#2143);
#1712=LINE('',#4177,#2144);
#1713=LINE('',#4179,#2145);
#1714=LINE('',#4181,#2146);
#1715=LINE('',#4183,#2147);
#1716=LINE('',#4185,#2148);
#1717=LINE('',#4187,#2149);
#1718=LINE('',#4189,#2150);
#1719=LINE('',#4191,#2151);
#1720=LINE('',#4193,#2152);
#1721=LINE('',#4195,#2153);
#1722=LINE('',#4197,#2154);
#1723=LINE('',#4199,#2155);
#1724=LINE('',#4201,#2156);
#1725=LINE('',#4203,#2157);
#1726=LINE('',#4205,#2158);
#1727=LINE('',#4207,#2159);
#1728=LINE('',#4209,#2160);
#1729=LINE('',#4211,#2161);
#1730=LINE('',#4213,#2162);
#1731=LINE('',#4215,#2163);
#1732=LINE('',#4217,#2164);
#1733=LINE('',#4219,#2165);
#1734=LINE('',#4221,#2166);
#1735=LINE('',#4223,#2167);
#1736=LINE('',#4225,#2168);
#1737=LINE('',#4227,#2169);
#1738=LINE('',#4229,#2170);
#1739=LINE('',#4230,#2171);
#1740=LINE('',#4232,#2172);
#1741=LINE('',#4235,#2173);
#1742=LINE('',#4237,#2174);
#1743=LINE('',#4239,#2175);
#1744=LINE('',#4241,#2176);
#1745=LINE('',#4243,#2177);
#1746=LINE('',#4245,#2178);
#1747=LINE('',#4247,#2179);
#1748=LINE('',#4249,#2180);
#1749=LINE('',#4251,#2181);
#1750=LINE('',#4253,#2182);
#1751=LINE('',#4255,#2183);
#1752=LINE('',#4257,#2184);
#1753=LINE('',#4259,#2185);
#1754=LINE('',#4261,#2186);
#1755=LINE('',#4263,#2187);
#1756=LINE('',#4265,#2188);
#1757=LINE('',#4267,#2189);
#1758=LINE('',#4269,#2190);
#1759=LINE('',#4271,#2191);
#1760=LINE('',#4273,#2192);
#1761=LINE('',#4275,#2193);
#1762=LINE('',#4277,#2194);
#1763=LINE('',#4279,#2195);
#1764=LINE('',#4281,#2196);
#1765=LINE('',#4283,#2197);
#1766=LINE('',#4285,#2198);
#1767=LINE('',#4287,#2199);
#1768=LINE('',#4289,#2200);
#1769=LINE('',#4291,#2201);
#1770=LINE('',#4293,#2202);
#1771=LINE('',#4295,#2203);
#1772=LINE('',#4297,#2204);
#1773=LINE('',#4299,#2205);
#1774=LINE('',#4301,#2206);
#1775=LINE('',#4303,#2207);
#1776=LINE('',#4305,#2208);
#1777=LINE('',#4307,#2209);
#1778=LINE('',#4309,#2210);
#1779=LINE('',#4311,#2211);
#1780=LINE('',#4313,#2212);
#1781=LINE('',#4315,#2213);
#1782=LINE('',#4317,#2214);
#1783=LINE('',#4319,#2215);
#1784=LINE('',#4321,#2216);
#1785=LINE('',#4323,#2217);
#1786=LINE('',#4325,#2218);
#1787=LINE('',#4327,#2219);
#1788=LINE('',#4329,#2220);
#1789=LINE('',#4331,#2221);
#1790=LINE('',#4333,#2222);
#1791=LINE('',#4335,#2223);
#1792=LINE('',#4337,#2224);
#1793=LINE('',#4339,#2225);
#1794=LINE('',#4341,#2226);
#1795=LINE('',#4343,#2227);
#1796=LINE('',#4345,#2228);
#1797=LINE('',#4347,#2229);
#1798=LINE('',#4349,#2230);
#1799=LINE('',#4351,#2231);
#1800=LINE('',#4353,#2232);
#1801=LINE('',#4355,#2233);
#1802=LINE('',#4357,#2234);
#1803=LINE('',#4359,#2235);
#1804=LINE('',#4361,#2236);
#1805=LINE('',#4363,#2237);
#1806=LINE('',#4365,#2238);
#1807=LINE('',#4367,#2239);
#1808=LINE('',#4369,#2240);
#1809=LINE('',#4371,#2241);
#1810=LINE('',#4373,#2242);
#1811=LINE('',#4375,#2243);
#1812=LINE('',#4377,#2244);
#1813=LINE('',#4379,#2245);
#1814=LINE('',#4381,#2246);
#1815=LINE('',#4383,#2247);
#1816=LINE('',#4385,#2248);
#1817=LINE('',#4387,#2249);
#1818=LINE('',#4389,#2250);
#1819=LINE('',#4391,#2251);
#1820=LINE('',#4393,#2252);
#1821=LINE('',#4395,#2253);
#1822=LINE('',#4397,#2254);
#1823=LINE('',#4399,#2255);
#1824=LINE('',#4401,#2256);
#1825=LINE('',#4403,#2257);
#1826=LINE('',#4405,#2258);
#1827=LINE('',#4407,#2259);
#1828=LINE('',#4409,#2260);
#1829=LINE('',#4411,#2261);
#1830=LINE('',#4413,#2262);
#1831=LINE('',#4415,#2263);
#1832=LINE('',#4417,#2264);
#1833=LINE('',#4419,#2265);
#1834=LINE('',#4421,#2266);
#1835=LINE('',#4423,#2267);
#1836=LINE('',#4425,#2268);
#1837=LINE('',#4427,#2269);
#1838=LINE('',#4429,#2270);
#1839=LINE('',#4431,#2271);
#1840=LINE('',#4433,#2272);
#1841=LINE('',#4435,#2273);
#1842=LINE('',#4437,#2274);
#1843=LINE('',#4439,#2275);
#1844=LINE('',#4441,#2276);
#1845=LINE('',#4443,#2277);
#1846=LINE('',#4445,#2278);
#1847=LINE('',#4447,#2279);
#1848=LINE('',#4449,#2280);
#1849=LINE('',#4451,#2281);
#1850=LINE('',#4453,#2282);
#1851=LINE('',#4455,#2283);
#1852=LINE('',#4457,#2284);
#1853=LINE('',#4459,#2285);
#1854=LINE('',#4461,#2286);
#1855=LINE('',#4463,#2287);
#1856=LINE('',#4465,#2288);
#1857=LINE('',#4467,#2289);
#1858=LINE('',#4469,#2290);
#1859=LINE('',#4471,#2291);
#1860=LINE('',#4473,#2292);
#1861=LINE('',#4475,#2293);
#1862=LINE('',#4477,#2294);
#1863=LINE('',#4479,#2295);
#1864=LINE('',#4481,#2296);
#1865=LINE('',#4483,#2297);
#1866=LINE('',#4485,#2298);
#1867=LINE('',#4487,#2299);
#1868=LINE('',#4489,#2300);
#1869=LINE('',#4491,#2301);
#1870=LINE('',#4493,#2302);
#1871=LINE('',#4495,#2303);
#1872=LINE('',#4497,#2304);
#1873=LINE('',#4499,#2305);
#1874=LINE('',#4501,#2306);
#1875=LINE('',#4503,#2307);
#1876=LINE('',#4505,#2308);
#1877=LINE('',#4507,#2309);
#1878=LINE('',#4509,#2310);
#1879=LINE('',#4511,#2311);
#1880=LINE('',#4513,#2312);
#1881=LINE('',#4515,#2313);
#1882=LINE('',#4517,#2314);
#1883=LINE('',#4518,#2315);
#1884=LINE('',#4521,#2316);
#1885=LINE('',#4524,#2317);
#1886=LINE('',#4526,#2318);
#1887=LINE('',#4528,#2319);
#1888=LINE('',#4530,#2320);
#1889=LINE('',#4532,#2321);
#1890=LINE('',#4534,#2322);
#1891=LINE('',#4536,#2323);
#1892=LINE('',#4538,#2324);
#1893=LINE('',#4540,#2325);
#1894=LINE('',#4542,#2326);
#1895=LINE('',#4544,#2327);
#1896=LINE('',#4546,#2328);
#1897=LINE('',#4548,#2329);
#1898=LINE('',#4550,#2330);
#1899=LINE('',#4552,#2331);
#1900=LINE('',#4554,#2332);
#1901=LINE('',#4556,#2333);
#1902=LINE('',#4558,#2334);
#1903=LINE('',#4560,#2335);
#1904=LINE('',#4562,#2336);
#1905=LINE('',#4564,#2337);
#1906=LINE('',#4566,#2338);
#1907=LINE('',#4568,#2339);
#1908=LINE('',#4570,#2340);
#1909=LINE('',#4572,#2341);
#1910=LINE('',#4574,#2342);
#1911=LINE('',#4576,#2343);
#1912=LINE('',#4578,#2344);
#1913=LINE('',#4580,#2345);
#1914=LINE('',#4582,#2346);
#1915=LINE('',#4584,#2347);
#1916=LINE('',#4586,#2348);
#1917=LINE('',#4588,#2349);
#1918=LINE('',#4590,#2350);
#1919=LINE('',#4592,#2351);
#1920=LINE('',#4594,#2352);
#1921=LINE('',#4596,#2353);
#1922=LINE('',#4598,#2354);
#1923=LINE('',#4600,#2355);
#1924=LINE('',#4602,#2356);
#1925=LINE('',#4604,#2357);
#1926=LINE('',#4606,#2358);
#1927=LINE('',#4608,#2359);
#1928=LINE('',#4610,#2360);
#1929=LINE('',#4612,#2361);
#1930=LINE('',#4614,#2362);
#1931=LINE('',#4616,#2363);
#1932=LINE('',#4618,#2364);
#1933=LINE('',#4620,#2365);
#1934=LINE('',#4622,#2366);
#1935=LINE('',#4624,#2367);
#1936=LINE('',#4626,#2368);
#1937=LINE('',#4628,#2369);
#1938=LINE('',#4630,#2370);
#1939=LINE('',#4632,#2371);
#1940=LINE('',#4634,#2372);
#1941=LINE('',#4636,#2373);
#1942=LINE('',#4638,#2374);
#1943=LINE('',#4640,#2375);
#1944=LINE('',#4642,#2376);
#1945=LINE('',#4644,#2377);
#1946=LINE('',#4646,#2378);
#1947=LINE('',#4648,#2379);
#1948=LINE('',#4650,#2380);
#1949=LINE('',#4652,#2381);
#1950=LINE('',#4654,#2382);
#1951=LINE('',#4656,#2383);
#1952=LINE('',#4658,#2384);
#1953=LINE('',#4660,#2385);
#1954=LINE('',#4662,#2386);
#1955=LINE('',#4664,#2387);
#1956=LINE('',#4666,#2388);
#1957=LINE('',#4668,#2389);
#1958=LINE('',#4670,#2390);
#1959=LINE('',#4672,#2391);
#1960=LINE('',#4674,#2392);
#1961=LINE('',#4676,#2393);
#1962=LINE('',#4678,#2394);
#1963=LINE('',#4680,#2395);
#1964=LINE('',#4682,#2396);
#1965=LINE('',#4684,#2397);
#1966=LINE('',#4686,#2398);
#1967=LINE('',#4688,#2399);
#1968=LINE('',#4690,#2400);
#1969=LINE('',#4692,#2401);
#1970=LINE('',#4694,#2402);
#1971=LINE('',#4696,#2403);
#1972=LINE('',#4698,#2404);
#1973=LINE('',#4700,#2405);
#1974=LINE('',#4702,#2406);
#1975=LINE('',#4704,#2407);
#1976=LINE('',#4706,#2408);
#1977=LINE('',#4708,#2409);
#1978=LINE('',#4710,#2410);
#1979=LINE('',#4712,#2411);
#1980=LINE('',#4714,#2412);
#1981=LINE('',#4716,#2413);
#1982=LINE('',#4718,#2414);
#1983=LINE('',#4720,#2415);
#1984=LINE('',#4722,#2416);
#1985=LINE('',#4724,#2417);
#1986=LINE('',#4726,#2418);
#1987=LINE('',#4728,#2419);
#1988=LINE('',#4730,#2420);
#1989=LINE('',#4732,#2421);
#1990=LINE('',#4734,#2422);
#1991=LINE('',#4736,#2423);
#1992=LINE('',#4738,#2424);
#1993=LINE('',#4740,#2425);
#1994=LINE('',#4742,#2426);
#1995=LINE('',#4744,#2427);
#1996=LINE('',#4746,#2428);
#1997=LINE('',#4748,#2429);
#1998=LINE('',#4750,#2430);
#1999=LINE('',#4752,#2431);
#2000=LINE('',#4754,#2432);
#2001=LINE('',#4756,#2433);
#2002=LINE('',#4758,#2434);
#2003=LINE('',#4760,#2435);
#2004=LINE('',#4762,#2436);
#2005=LINE('',#4764,#2437);
#2006=LINE('',#4766,#2438);
#2007=LINE('',#4768,#2439);
#2008=LINE('',#4770,#2440);
#2009=LINE('',#4772,#2441);
#2010=LINE('',#4774,#2442);
#2011=LINE('',#4776,#2443);
#2012=LINE('',#4778,#2444);
#2013=LINE('',#4780,#2445);
#2014=LINE('',#4782,#2446);
#2015=LINE('',#4784,#2447);
#2016=LINE('',#4786,#2448);
#2017=LINE('',#4788,#2449);
#2018=LINE('',#4790,#2450);
#2019=LINE('',#4792,#2451);
#2020=LINE('',#4794,#2452);
#2021=LINE('',#4796,#2453);
#2022=LINE('',#4798,#2454);
#2023=LINE('',#4800,#2455);
#2024=LINE('',#4802,#2456);
#2025=LINE('',#4804,#2457);
#2026=LINE('',#4806,#2458);
#2027=LINE('',#4808,#2459);
#2028=VECTOR('',#3218,1.);
#2029=VECTOR('',#3219,1.);
#2030=VECTOR('',#3220,1.);
#2031=VECTOR('',#3221,1.);
#2032=VECTOR('',#3224,1.);
#2033=VECTOR('',#3225,1.);
#2034=VECTOR('',#3226,1.);
#2035=VECTOR('',#3229,1.);
#2036=VECTOR('',#3230,1.);
#2037=VECTOR('',#3231,1.);
#2038=VECTOR('',#3234,1.);
#2039=VECTOR('',#3235,1.);
#2040=VECTOR('',#3236,1.);
#2041=VECTOR('',#3239,1.);
#2042=VECTOR('',#3240,1.);
#2043=VECTOR('',#3241,1.);
#2044=VECTOR('',#3244,1.);
#2045=VECTOR('',#3245,1.);
#2046=VECTOR('',#3246,1.);
#2047=VECTOR('',#3249,1.);
#2048=VECTOR('',#3250,1.);
#2049=VECTOR('',#3251,1.);
#2050=VECTOR('',#3254,1.);
#2051=VECTOR('',#3255,1.);
#2052=VECTOR('',#3256,1.);
#2053=VECTOR('',#3259,1.);
#2054=VECTOR('',#3260,1.);
#2055=VECTOR('',#3261,1.);
#2056=VECTOR('',#3264,1.);
#2057=VECTOR('',#3265,1.);
#2058=VECTOR('',#3266,1.);
#2059=VECTOR('',#3269,1.);
#2060=VECTOR('',#3270,1.);
#2061=VECTOR('',#3271,1.);
#2062=VECTOR('',#3274,1.);
#2063=VECTOR('',#3275,1.);
#2064=VECTOR('',#3276,1.);
#2065=VECTOR('',#3279,1.);
#2066=VECTOR('',#3280,1.);
#2067=VECTOR('',#3281,1.);
#2068=VECTOR('',#3284,1.);
#2069=VECTOR('',#3285,1.);
#2070=VECTOR('',#3286,1.);
#2071=VECTOR('',#3289,1.);
#2072=VECTOR('',#3290,1.);
#2073=VECTOR('',#3291,1.);
#2074=VECTOR('',#3294,1.);
#2075=VECTOR('',#3295,1.);
#2076=VECTOR('',#3296,1.);
#2077=VECTOR('',#3299,1.);
#2078=VECTOR('',#3300,1.);
#2079=VECTOR('',#3301,1.);
#2080=VECTOR('',#3304,1.);
#2081=VECTOR('',#3305,1.);
#2082=VECTOR('',#3306,1.);
#2083=VECTOR('',#3309,1.);
#2084=VECTOR('',#3310,1.);
#2085=VECTOR('',#3311,1.);
#2086=VECTOR('',#3314,1.);
#2087=VECTOR('',#3315,1.);
#2088=VECTOR('',#3316,1.);
#2089=VECTOR('',#3319,1.);
#2090=VECTOR('',#3320,1.);
#2091=VECTOR('',#3321,1.);
#2092=VECTOR('',#3324,1.);
#2093=VECTOR('',#3325,1.);
#2094=VECTOR('',#3326,1.);
#2095=VECTOR('',#3329,1.);
#2096=VECTOR('',#3330,1.);
#2097=VECTOR('',#3331,1.);
#2098=VECTOR('',#3334,1.);
#2099=VECTOR('',#3335,1.);
#2100=VECTOR('',#3336,1.);
#2101=VECTOR('',#3339,1.);
#2102=VECTOR('',#3340,1.);
#2103=VECTOR('',#3341,1.);
#2104=VECTOR('',#3344,1.);
#2105=VECTOR('',#3345,1.);
#2106=VECTOR('',#3346,1.);
#2107=VECTOR('',#3349,1.);
#2108=VECTOR('',#3350,1.);
#2109=VECTOR('',#3351,1.);
#2110=VECTOR('',#3354,1.);
#2111=VECTOR('',#3355,1.);
#2112=VECTOR('',#3356,1.);
#2113=VECTOR('',#3359,1.);
#2114=VECTOR('',#3360,1.);
#2115=VECTOR('',#3361,1.);
#2116=VECTOR('',#3364,1.);
#2117=VECTOR('',#3365,1.);
#2118=VECTOR('',#3366,1.);
#2119=VECTOR('',#3369,1.);
#2120=VECTOR('',#3370,1.);
#2121=VECTOR('',#3371,1.);
#2122=VECTOR('',#3374,1.);
#2123=VECTOR('',#3375,1.);
#2124=VECTOR('',#3376,1.);
#2125=VECTOR('',#3379,1.);
#2126=VECTOR('',#3380,1.);
#2127=VECTOR('',#3381,1.);
#2128=VECTOR('',#3384,1.);
#2129=VECTOR('',#3385,1.);
#2130=VECTOR('',#3386,1.);
#2131=VECTOR('',#3389,1.);
#2132=VECTOR('',#3390,1.);
#2133=VECTOR('',#3391,1.);
#2134=VECTOR('',#3394,1.);
#2135=VECTOR('',#3395,1.);
#2136=VECTOR('',#3396,1.);
#2137=VECTOR('',#3399,1.);
#2138=VECTOR('',#3400,1.);
#2139=VECTOR('',#3401,1.);
#2140=VECTOR('',#3404,1.);
#2141=VECTOR('',#3405,1.);
#2142=VECTOR('',#3406,1.);
#2143=VECTOR('',#3409,1.);
#2144=VECTOR('',#3410,1.);
#2145=VECTOR('',#3411,1.);
#2146=VECTOR('',#3414,1.);
#2147=VECTOR('',#3415,1.);
#2148=VECTOR('',#3416,1.);
#2149=VECTOR('',#3419,1.);
#2150=VECTOR('',#3420,1.);
#2151=VECTOR('',#3421,1.);
#2152=VECTOR('',#3424,1.);
#2153=VECTOR('',#3425,1.);
#2154=VECTOR('',#3426,1.);
#2155=VECTOR('',#3429,1.);
#2156=VECTOR('',#3430,1.);
#2157=VECTOR('',#3431,1.);
#2158=VECTOR('',#3434,1.);
#2159=VECTOR('',#3435,1.);
#2160=VECTOR('',#3436,1.);
#2161=VECTOR('',#3439,1.);
#2162=VECTOR('',#3440,1.);
#2163=VECTOR('',#3441,1.);
#2164=VECTOR('',#3444,1.);
#2165=VECTOR('',#3445,1.);
#2166=VECTOR('',#3446,1.);
#2167=VECTOR('',#3449,1.);
#2168=VECTOR('',#3450,1.);
#2169=VECTOR('',#3451,1.);
#2170=VECTOR('',#3454,1.);
#2171=VECTOR('',#3455,1.);
#2172=VECTOR('',#3458,1.);
#2173=VECTOR('',#3459,1.);
#2174=VECTOR('',#3460,1.);
#2175=VECTOR('',#3461,1.);
#2176=VECTOR('',#3464,1.);
#2177=VECTOR('',#3465,1.);
#2178=VECTOR('',#3466,1.);
#2179=VECTOR('',#3469,1.);
#2180=VECTOR('',#3470,1.);
#2181=VECTOR('',#3471,1.);
#2182=VECTOR('',#3474,1.);
#2183=VECTOR('',#3475,1.);
#2184=VECTOR('',#3476,1.);
#2185=VECTOR('',#3479,1.);
#2186=VECTOR('',#3480,1.);
#2187=VECTOR('',#3481,1.);
#2188=VECTOR('',#3484,1.);
#2189=VECTOR('',#3485,1.);
#2190=VECTOR('',#3486,1.);
#2191=VECTOR('',#3489,1.);
#2192=VECTOR('',#3490,1.);
#2193=VECTOR('',#3491,1.);
#2194=VECTOR('',#3494,1.);
#2195=VECTOR('',#3495,1.);
#2196=VECTOR('',#3496,1.);
#2197=VECTOR('',#3499,1.);
#2198=VECTOR('',#3500,1.);
#2199=VECTOR('',#3501,1.);
#2200=VECTOR('',#3504,1.);
#2201=VECTOR('',#3505,1.);
#2202=VECTOR('',#3506,1.);
#2203=VECTOR('',#3509,1.);
#2204=VECTOR('',#3510,1.);
#2205=VECTOR('',#3511,1.);
#2206=VECTOR('',#3514,1.);
#2207=VECTOR('',#3515,1.);
#2208=VECTOR('',#3516,1.);
#2209=VECTOR('',#3519,1.);
#2210=VECTOR('',#3520,1.);
#2211=VECTOR('',#3521,1.);
#2212=VECTOR('',#3524,1.);
#2213=VECTOR('',#3525,1.);
#2214=VECTOR('',#3526,1.);
#2215=VECTOR('',#3529,1.);
#2216=VECTOR('',#3530,1.);
#2217=VECTOR('',#3531,1.);
#2218=VECTOR('',#3534,1.);
#2219=VECTOR('',#3535,1.);
#2220=VECTOR('',#3536,1.);
#2221=VECTOR('',#3539,1.);
#2222=VECTOR('',#3540,1.);
#2223=VECTOR('',#3541,1.);
#2224=VECTOR('',#3544,1.);
#2225=VECTOR('',#3545,1.);
#2226=VECTOR('',#3546,1.);
#2227=VECTOR('',#3549,1.);
#2228=VECTOR('',#3550,1.);
#2229=VECTOR('',#3551,1.);
#2230=VECTOR('',#3554,1.);
#2231=VECTOR('',#3555,1.);
#2232=VECTOR('',#3556,1.);
#2233=VECTOR('',#3559,1.);
#2234=VECTOR('',#3560,1.);
#2235=VECTOR('',#3561,1.);
#2236=VECTOR('',#3564,1.);
#2237=VECTOR('',#3565,1.);
#2238=VECTOR('',#3566,1.);
#2239=VECTOR('',#3569,1.);
#2240=VECTOR('',#3570,1.);
#2241=VECTOR('',#3571,1.);
#2242=VECTOR('',#3574,1.);
#2243=VECTOR('',#3575,1.);
#2244=VECTOR('',#3576,1.);
#2245=VECTOR('',#3579,1.);
#2246=VECTOR('',#3580,1.);
#2247=VECTOR('',#3581,1.);
#2248=VECTOR('',#3584,1.);
#2249=VECTOR('',#3585,1.);
#2250=VECTOR('',#3586,1.);
#2251=VECTOR('',#3589,1.);
#2252=VECTOR('',#3590,1.);
#2253=VECTOR('',#3591,1.);
#2254=VECTOR('',#3594,1.);
#2255=VECTOR('',#3595,1.);
#2256=VECTOR('',#3596,1.);
#2257=VECTOR('',#3599,1.);
#2258=VECTOR('',#3600,1.);
#2259=VECTOR('',#3601,1.);
#2260=VECTOR('',#3604,1.);
#2261=VECTOR('',#3605,1.);
#2262=VECTOR('',#3606,1.);
#2263=VECTOR('',#3609,1.);
#2264=VECTOR('',#3610,1.);
#2265=VECTOR('',#3611,1.);
#2266=VECTOR('',#3614,1.);
#2267=VECTOR('',#3615,1.);
#2268=VECTOR('',#3616,1.);
#2269=VECTOR('',#3619,1.);
#2270=VECTOR('',#3620,1.);
#2271=VECTOR('',#3621,1.);
#2272=VECTOR('',#3624,1.);
#2273=VECTOR('',#3625,1.);
#2274=VECTOR('',#3626,1.);
#2275=VECTOR('',#3629,1.);
#2276=VECTOR('',#3630,1.);
#2277=VECTOR('',#3631,1.);
#2278=VECTOR('',#3634,1.);
#2279=VECTOR('',#3635,1.);
#2280=VECTOR('',#3636,1.);
#2281=VECTOR('',#3639,1.);
#2282=VECTOR('',#3640,1.);
#2283=VECTOR('',#3641,1.);
#2284=VECTOR('',#3644,1.);
#2285=VECTOR('',#3645,1.);
#2286=VECTOR('',#3646,1.);
#2287=VECTOR('',#3649,1.);
#2288=VECTOR('',#3650,1.);
#2289=VECTOR('',#3651,1.);
#2290=VECTOR('',#3654,1.);
#2291=VECTOR('',#3655,1.);
#2292=VECTOR('',#3656,1.);
#2293=VECTOR('',#3659,1.);
#2294=VECTOR('',#3660,1.);
#2295=VECTOR('',#3661,1.);
#2296=VECTOR('',#3664,1.);
#2297=VECTOR('',#3665,1.);
#2298=VECTOR('',#3666,1.);
#2299=VECTOR('',#3669,1.);
#2300=VECTOR('',#3670,1.);
#2301=VECTOR('',#3671,1.);
#2302=VECTOR('',#3674,1.);
#2303=VECTOR('',#3675,1.);
#2304=VECTOR('',#3676,1.);
#2305=VECTOR('',#3679,1.);
#2306=VECTOR('',#3680,1.);
#2307=VECTOR('',#3681,1.);
#2308=VECTOR('',#3684,1.);
#2309=VECTOR('',#3685,1.);
#2310=VECTOR('',#3686,1.);
#2311=VECTOR('',#3689,1.);
#2312=VECTOR('',#3690,1.);
#2313=VECTOR('',#3691,1.);
#2314=VECTOR('',#3694,1.);
#2315=VECTOR('',#3695,1.);
#2316=VECTOR('',#3700,1.);
#2317=VECTOR('',#3701,1.);
#2318=VECTOR('',#3702,1.);
#2319=VECTOR('',#3703,1.);
#2320=VECTOR('',#3704,1.);
#2321=VECTOR('',#3705,1.);
#2322=VECTOR('',#3706,1.);
#2323=VECTOR('',#3707,1.);
#2324=VECTOR('',#3708,1.);
#2325=VECTOR('',#3709,1.);
#2326=VECTOR('',#3710,1.);
#2327=VECTOR('',#3711,1.);
#2328=VECTOR('',#3712,1.);
#2329=VECTOR('',#3713,1.);
#2330=VECTOR('',#3714,1.);
#2331=VECTOR('',#3715,1.);
#2332=VECTOR('',#3716,1.);
#2333=VECTOR('',#3717,1.);
#2334=VECTOR('',#3718,1.);
#2335=VECTOR('',#3719,1.);
#2336=VECTOR('',#3720,1.);
#2337=VECTOR('',#3721,1.);
#2338=VECTOR('',#3722,1.);
#2339=VECTOR('',#3723,1.);
#2340=VECTOR('',#3724,1.);
#2341=VECTOR('',#3725,1.);
#2342=VECTOR('',#3726,1.);
#2343=VECTOR('',#3727,1.);
#2344=VECTOR('',#3728,1.);
#2345=VECTOR('',#3729,1.);
#2346=VECTOR('',#3730,1.);
#2347=VECTOR('',#3731,1.);
#2348=VECTOR('',#3732,1.);
#2349=VECTOR('',#3733,1.);
#2350=VECTOR('',#3734,1.);
#2351=VECTOR('',#3735,1.);
#2352=VECTOR('',#3736,1.);
#2353=VECTOR('',#3737,1.);
#2354=VECTOR('',#3738,1.);
#2355=VECTOR('',#3739,1.);
#2356=VECTOR('',#3740,1.);
#2357=VECTOR('',#3741,1.);
#2358=VECTOR('',#3742,1.);
#2359=VECTOR('',#3743,1.);
#2360=VECTOR('',#3744,1.);
#2361=VECTOR('',#3745,1.);
#2362=VECTOR('',#3746,1.);
#2363=VECTOR('',#3747,1.);
#2364=VECTOR('',#3750,1.);
#2365=VECTOR('',#3751,1.);
#2366=VECTOR('',#3752,1.);
#2367=VECTOR('',#3755,1.);
#2368=VECTOR('',#3756,1.);
#2369=VECTOR('',#3759,1.);
#2370=VECTOR('',#3760,1.);
#2371=VECTOR('',#3763,1.);
#2372=VECTOR('',#3764,1.);
#2373=VECTOR('',#3767,1.);
#2374=VECTOR('',#3768,1.);
#2375=VECTOR('',#3771,1.);
#2376=VECTOR('',#3772,1.);
#2377=VECTOR('',#3775,1.);
#2378=VECTOR('',#3776,1.);
#2379=VECTOR('',#3779,1.);
#2380=VECTOR('',#3780,1.);
#2381=VECTOR('',#3783,1.);
#2382=VECTOR('',#3784,1.);
#2383=VECTOR('',#3787,1.);
#2384=VECTOR('',#3788,1.);
#2385=VECTOR('',#3791,1.);
#2386=VECTOR('',#3792,1.);
#2387=VECTOR('',#3795,1.);
#2388=VECTOR('',#3796,1.);
#2389=VECTOR('',#3799,1.);
#2390=VECTOR('',#3800,1.);
#2391=VECTOR('',#3803,1.);
#2392=VECTOR('',#3804,1.);
#2393=VECTOR('',#3807,1.);
#2394=VECTOR('',#3808,1.);
#2395=VECTOR('',#3811,1.);
#2396=VECTOR('',#3812,1.);
#2397=VECTOR('',#3815,1.);
#2398=VECTOR('',#3816,1.);
#2399=VECTOR('',#3819,1.);
#2400=VECTOR('',#3820,1.);
#2401=VECTOR('',#3823,1.);
#2402=VECTOR('',#3824,1.);
#2403=VECTOR('',#3827,1.);
#2404=VECTOR('',#3828,1.);
#2405=VECTOR('',#3831,1.);
#2406=VECTOR('',#3832,1.);
#2407=VECTOR('',#3835,1.);
#2408=VECTOR('',#3836,1.);
#2409=VECTOR('',#3839,1.);
#2410=VECTOR('',#3840,1.);
#2411=VECTOR('',#3843,1.);
#2412=VECTOR('',#3844,1.);
#2413=VECTOR('',#3847,1.);
#2414=VECTOR('',#3848,1.);
#2415=VECTOR('',#3851,1.);
#2416=VECTOR('',#3852,1.);
#2417=VECTOR('',#3855,1.);
#2418=VECTOR('',#3856,1.);
#2419=VECTOR('',#3859,1.);
#2420=VECTOR('',#3860,1.);
#2421=VECTOR('',#3863,1.);
#2422=VECTOR('',#3864,1.);
#2423=VECTOR('',#3867,1.);
#2424=VECTOR('',#3868,1.);
#2425=VECTOR('',#3871,1.);
#2426=VECTOR('',#3872,1.);
#2427=VECTOR('',#3875,1.);
#2428=VECTOR('',#3876,1.);
#2429=VECTOR('',#3879,1.);
#2430=VECTOR('',#3880,1.);
#2431=VECTOR('',#3883,1.);
#2432=VECTOR('',#3884,1.);
#2433=VECTOR('',#3887,1.);
#2434=VECTOR('',#3888,1.);
#2435=VECTOR('',#3891,1.);
#2436=VECTOR('',#3892,1.);
#2437=VECTOR('',#3895,1.);
#2438=VECTOR('',#3896,1.);
#2439=VECTOR('',#3899,1.);
#2440=VECTOR('',#3900,1.);
#2441=VECTOR('',#3903,1.);
#2442=VECTOR('',#3904,1.);
#2443=VECTOR('',#3907,1.);
#2444=VECTOR('',#3908,1.);
#2445=VECTOR('',#3911,1.);
#2446=VECTOR('',#3912,1.);
#2447=VECTOR('',#3915,1.);
#2448=VECTOR('',#3916,1.);
#2449=VECTOR('',#3919,1.);
#2450=VECTOR('',#3920,1.);
#2451=VECTOR('',#3923,1.);
#2452=VECTOR('',#3924,1.);
#2453=VECTOR('',#3927,1.);
#2454=VECTOR('',#3928,1.);
#2455=VECTOR('',#3931,1.);
#2456=VECTOR('',#3932,1.);
#2457=VECTOR('',#3935,1.);
#2458=VECTOR('',#3936,1.);
#2459=VECTOR('',#3939,1.);
#2460=EDGE_LOOP('',(#12,#13,#14,#15));
#2461=EDGE_LOOP('',(#16,#17,#18,#19));
#2462=EDGE_LOOP('',(#20,#21,#22,#23));
#2463=EDGE_LOOP('',(#24,#25,#26,#27));
#2464=EDGE_LOOP('',(#28,#29,#30,#31));
#2465=EDGE_LOOP('',(#32,#33,#34,#35));
#2466=EDGE_LOOP('',(#36,#37,#38,#39));
#2467=EDGE_LOOP('',(#40,#41,#42,#43));
#2468=EDGE_LOOP('',(#44,#45,#46,#47));
#2469=EDGE_LOOP('',(#48,#49,#50,#51));
#2470=EDGE_LOOP('',(#52,#53,#54,#55));
#2471=EDGE_LOOP('',(#56,#57,#58,#59));
#2472=EDGE_LOOP('',(#60,#61,#62,#63));
#2473=EDGE_LOOP('',(#64,#65,#66,#67));
#2474=EDGE_LOOP('',(#68,#69,#70,#71));
#2475=EDGE_LOOP('',(#72,#73,#74,#75));
#2476=EDGE_LOOP('',(#76,#77,#78,#79));
#2477=EDGE_LOOP('',(#80,#81,#82,#83));
#2478=EDGE_LOOP('',(#84,#85,#86,#87));
#2479=EDGE_LOOP('',(#88,#89,#90,#91));
#2480=EDGE_LOOP('',(#92,#93,#94,#95));
#2481=EDGE_LOOP('',(#96,#97,#98,#99));
#2482=EDGE_LOOP('',(#100,#101,#102,#103));
#2483=EDGE_LOOP('',(#104,#105,#106,#107));
#2484=EDGE_LOOP('',(#108,#109,#110,#111));
#2485=EDGE_LOOP('',(#112,#113,#114,#115));
#2486=EDGE_LOOP('',(#116,#117,#118,#119));
#2487=EDGE_LOOP('',(#120,#121,#122,#123));
#2488=EDGE_LOOP('',(#124,#125,#126,#127));
#2489=EDGE_LOOP('',(#128,#129,#130,#131));
#2490=EDGE_LOOP('',(#132,#133,#134,#135));
#2491=EDGE_LOOP('',(#136,#137,#138,#139));
#2492=EDGE_LOOP('',(#140,#141,#142,#143));
#2493=EDGE_LOOP('',(#144,#145,#146,#147));
#2494=EDGE_LOOP('',(#148,#149,#150,#151));
#2495=EDGE_LOOP('',(#152,#153,#154,#155));
#2496=EDGE_LOOP('',(#156,#157,#158,#159));
#2497=EDGE_LOOP('',(#160,#161,#162,#163));
#2498=EDGE_LOOP('',(#164,#165,#166,#167));
#2499=EDGE_LOOP('',(#168,#169,#170,#171));
#2500=EDGE_LOOP('',(#172,#173,#174,#175));
#2501=EDGE_LOOP('',(#176,#177,#178,#179));
#2502=EDGE_LOOP('',(#180,#181,#182,#183));
#2503=EDGE_LOOP('',(#184,#185,#186,#187));
#2504=EDGE_LOOP('',(#188,#189,#190,#191));
#2505=EDGE_LOOP('',(#192,#193,#194,#195));
#2506=EDGE_LOOP('',(#196,#197,#198,#199));
#2507=EDGE_LOOP('',(#200,#201,#202,#203));
#2508=EDGE_LOOP('',(#204,#205,#206,#207));
#2509=EDGE_LOOP('',(#208,#209,#210,#211));
#2510=EDGE_LOOP('',(#212,#213,#214,#215));
#2511=EDGE_LOOP('',(#216,#217,#218,#219));
#2512=EDGE_LOOP('',(#220,#221,#222,#223));
#2513=EDGE_LOOP('',(#224,#225,#226,#227));
#2514=EDGE_LOOP('',(#228,#229,#230,#231));
#2515=EDGE_LOOP('',(#232,#233,#234,#235));
#2516=EDGE_LOOP('',(#236,#237,#238,#239));
#2517=EDGE_LOOP('',(#240,#241,#242,#243));
#2518=EDGE_LOOP('',(#244,#245,#246,#247));
#2519=EDGE_LOOP('',(#248,#249,#250,#251));
#2520=EDGE_LOOP('',(#252,#253,#254,#255));
#2521=EDGE_LOOP('',(#256,#257,#258,#259));
#2522=EDGE_LOOP('',(#260,#261,#262,#263));
#2523=EDGE_LOOP('',(#264,#265,#266,#267));
#2524=EDGE_LOOP('',(#268,#269,#270,#271));
#2525=EDGE_LOOP('',(#272,#273,#274,#275));
#2526=EDGE_LOOP('',(#276,#277,#278,#279));
#2527=EDGE_LOOP('',(#280,#281,#282,#283));
#2528=EDGE_LOOP('',(#284,#285,#286,#287));
#2529=EDGE_LOOP('',(#288,#289,#290,#291));
#2530=EDGE_LOOP('',(#292,#293,#294,#295));
#2531=EDGE_LOOP('',(#296,#297,#298,#299));
#2532=EDGE_LOOP('',(#300,#301,#302,#303));
#2533=EDGE_LOOP('',(#304,#305,#306,#307));
#2534=EDGE_LOOP('',(#308,#309,#310,#311));
#2535=EDGE_LOOP('',(#312,#313,#314,#315));
#2536=EDGE_LOOP('',(#316,#317,#318,#319));
#2537=EDGE_LOOP('',(#320,#321,#322,#323));
#2538=EDGE_LOOP('',(#324,#325,#326,#327));
#2539=EDGE_LOOP('',(#328,#329,#330,#331));
#2540=EDGE_LOOP('',(#332,#333,#334,#335));
#2541=EDGE_LOOP('',(#336,#337,#338,#339));
#2542=EDGE_LOOP('',(#340,#341,#342,#343));
#2543=EDGE_LOOP('',(#344,#345,#346,#347));
#2544=EDGE_LOOP('',(#348,#349,#350,#351));
#2545=EDGE_LOOP('',(#352,#353,#354,#355));
#2546=EDGE_LOOP('',(#356,#357,#358,#359));
#2547=EDGE_LOOP('',(#360,#361,#362,#363));
#2548=EDGE_LOOP('',(#364,#365,#366,#367));
#2549=EDGE_LOOP('',(#368,#369,#370,#371));
#2550=EDGE_LOOP('',(#372,#373,#374,#375));
#2551=EDGE_LOOP('',(#376,#377,#378,#379));
#2552=EDGE_LOOP('',(#380,#381,#382,#383));
#2553=EDGE_LOOP('',(#384,#385,#386,#387));
#2554=EDGE_LOOP('',(#388,#389,#390,#391));
#2555=EDGE_LOOP('',(#392,#393,#394,#395));
#2556=EDGE_LOOP('',(#396,#397,#398,#399,#400,#401,#402,#403,#404,#405,#406,
#407,#408,#409,#410,#411,#412,#413,#414,#415,#416,#417,#418,#419,#420,#421,
#422,#423,#424,#425,#426,#427,#428,#429,#430,#431,#432,#433,#434,#435,#436,
#437,#438,#439,#440,#441,#442,#443));
#2557=EDGE_LOOP('',(#444,#445,#446,#447,#448,#449,#450,#451,#452,#453,#454,
#455,#456,#457,#458,#459,#460,#461,#462,#463,#464,#465,#466,#467,#468,#469,
#470,#471,#472,#473,#474,#475,#476,#477,#478,#479,#480,#481,#482,#483,#484,
#485,#486,#487,#488,#489,#490,#491));
#2558=EDGE_LOOP('',(#492,#493,#494,#495,#496,#497,#498,#499,#500,#501,#502,
#503,#504,#505,#506,#507,#508,#509,#510,#511,#512,#513,#514,#515,#516,#517,
#518,#519,#520,#521,#522,#523,#524,#525,#526,#527,#528,#529,#530,#531,#532,
#533,#534,#535,#536,#537,#538,#539));
#2559=EDGE_LOOP('',(#540,#541,#542,#543,#544,#545,#546,#547,#548,#549,#550,
#551,#552,#553,#554,#555,#556,#557,#558,#559,#560,#561,#562,#563,#564,#565,
#566,#567,#568,#569,#570,#571,#572,#573,#574,#575,#576,#577,#578,#579,#580,
#581,#582,#583,#584,#585,#586,#587));
#2560=EDGE_LOOP('',(#588,#589,#590,#591));
#2561=EDGE_LOOP('',(#592,#593,#594,#595));
#2562=EDGE_LOOP('',(#596,#597,#598,#599));
#2563=EDGE_LOOP('',(#600,#601,#602,#603));
#2564=EDGE_LOOP('',(#604,#605,#606,#607));
#2565=EDGE_LOOP('',(#608,#609,#610,#611));
#2566=EDGE_LOOP('',(#612,#613,#614,#615));
#2567=EDGE_LOOP('',(#616,#617,#618,#619));
#2568=EDGE_LOOP('',(#620,#621,#622,#623));
#2569=EDGE_LOOP('',(#624,#625,#626,#627));
#2570=EDGE_LOOP('',(#628,#629,#630,#631));
#2571=EDGE_LOOP('',(#632,#633,#634,#635));
#2572=EDGE_LOOP('',(#636,#637,#638,#639));
#2573=EDGE_LOOP('',(#640,#641,#642,#643));
#2574=EDGE_LOOP('',(#644,#645,#646,#647));
#2575=EDGE_LOOP('',(#648,#649,#650,#651));
#2576=EDGE_LOOP('',(#652,#653,#654,#655));
#2577=EDGE_LOOP('',(#656,#657,#658,#659));
#2578=EDGE_LOOP('',(#660,#661,#662,#663));
#2579=EDGE_LOOP('',(#664,#665,#666,#667));
#2580=EDGE_LOOP('',(#668,#669,#670,#671));
#2581=EDGE_LOOP('',(#672,#673,#674,#675));
#2582=EDGE_LOOP('',(#676,#677,#678,#679));
#2583=EDGE_LOOP('',(#680,#681,#682,#683));
#2584=EDGE_LOOP('',(#684,#685,#686,#687));
#2585=EDGE_LOOP('',(#688,#689,#690,#691));
#2586=EDGE_LOOP('',(#692,#693,#694,#695));
#2587=EDGE_LOOP('',(#696,#697,#698,#699));
#2588=EDGE_LOOP('',(#700,#701,#702,#703));
#2589=EDGE_LOOP('',(#704,#705,#706,#707));
#2590=EDGE_LOOP('',(#708,#709,#710,#711));
#2591=EDGE_LOOP('',(#712,#713,#714,#715));
#2592=EDGE_LOOP('',(#716,#717,#718,#719));
#2593=EDGE_LOOP('',(#720,#721,#722,#723));
#2594=EDGE_LOOP('',(#724,#725,#726,#727));
#2595=EDGE_LOOP('',(#728,#729,#730,#731));
#2596=EDGE_LOOP('',(#732,#733,#734,#735));
#2597=EDGE_LOOP('',(#736,#737,#738,#739));
#2598=EDGE_LOOP('',(#740,#741,#742,#743));
#2599=EDGE_LOOP('',(#744,#745,#746,#747));
#2600=EDGE_LOOP('',(#748,#749,#750,#751));
#2601=EDGE_LOOP('',(#752,#753,#754,#755));
#2602=EDGE_LOOP('',(#756,#757,#758,#759));
#2603=EDGE_LOOP('',(#760,#761,#762,#763));
#2604=EDGE_LOOP('',(#764,#765,#766,#767));
#2605=EDGE_LOOP('',(#768,#769,#770,#771));
#2606=EDGE_LOOP('',(#772,#773,#774,#775));
#2607=EDGE_LOOP('',(#776,#777,#778,#779));
#2608=EDGE_LOOP('',(#780,#781,#782,#783,#784,#785,#786,#787,#788,#789,#790,
#791,#792,#793,#794,#795,#796,#797,#798,#799,#800,#801,#802,#803,#804,#805,
#806,#807,#808,#809,#810,#811,#812,#813,#814,#815,#816,#817,#818,#819,#820,
#821,#822,#823,#824,#825,#826,#827));
#2609=EDGE_LOOP('',(#828,#829,#830,#831,#832,#833,#834,#835,#836,#837,#838,
#839,#840,#841,#842,#843,#844,#845,#846,#847,#848,#849,#850,#851,#852,#853,
#854,#855,#856,#857,#858,#859,#860,#861,#862,#863,#864,#865,#866,#867,#868,
#869,#870,#871,#872,#873,#874,#875));
#2610=FACE_BOUND('',#2460,.T.);
#2611=FACE_BOUND('',#2461,.T.);
#2612=FACE_BOUND('',#2462,.T.);
#2613=FACE_BOUND('',#2463,.T.);
#2614=FACE_BOUND('',#2464,.T.);
#2615=FACE_BOUND('',#2465,.T.);
#2616=FACE_BOUND('',#2466,.T.);
#2617=FACE_BOUND('',#2467,.T.);
#2618=FACE_BOUND('',#2468,.T.);
#2619=FACE_BOUND('',#2469,.T.);
#2620=FACE_BOUND('',#2470,.T.);
#2621=FACE_BOUND('',#2471,.T.);
#2622=FACE_BOUND('',#2472,.T.);
#2623=FACE_BOUND('',#2473,.T.);
#2624=FACE_BOUND('',#2474,.T.);
#2625=FACE_BOUND('',#2475,.T.);
#2626=FACE_BOUND('',#2476,.T.);
#2627=FACE_BOUND('',#2477,.T.);
#2628=FACE_BOUND('',#2478,.T.);
#2629=FACE_BOUND('',#2479,.T.);
#2630=FACE_BOUND('',#2480,.T.);
#2631=FACE_BOUND('',#2481,.T.);
#2632=FACE_BOUND('',#2482,.T.);
#2633=FACE_BOUND('',#2483,.T.);
#2634=FACE_BOUND('',#2484,.T.);
#2635=FACE_BOUND('',#2485,.T.);
#2636=FACE_BOUND('',#2486,.T.);
#2637=FACE_BOUND('',#2487,.T.);
#2638=FACE_BOUND('',#2488,.T.);
#2639=FACE_BOUND('',#2489,.T.);
#2640=FACE_BOUND('',#2490,.T.);
#2641=FACE_BOUND('',#2491,.T.);
#2642=FACE_BOUND('',#2492,.T.);
#2643=FACE_BOUND('',#2493,.T.);
#2644=FACE_BOUND('',#2494,.T.);
#2645=FACE_BOUND('',#2495,.T.);
#2646=FACE_BOUND('',#2496,.T.);
#2647=FACE_BOUND('',#2497,.T.);
#2648=FACE_BOUND('',#2498,.T.);
#2649=FACE_BOUND('',#2499,.T.);
#2650=FACE_BOUND('',#2500,.T.);
#2651=FACE_BOUND('',#2501,.T.);
#2652=FACE_BOUND('',#2502,.T.);
#2653=FACE_BOUND('',#2503,.T.);
#2654=FACE_BOUND('',#2504,.T.);
#2655=FACE_BOUND('',#2505,.T.);
#2656=FACE_BOUND('',#2506,.T.);
#2657=FACE_BOUND('',#2507,.T.);
#2658=FACE_BOUND('',#2508,.T.);
#2659=FACE_BOUND('',#2509,.T.);
#2660=FACE_BOUND('',#2510,.T.);
#2661=FACE_BOUND('',#2511,.T.);
#2662=FACE_BOUND('',#2512,.T.);
#2663=FACE_BOUND('',#2513,.T.);
#2664=FACE_BOUND('',#2514,.T.);
#2665=FACE_BOUND('',#2515,.T.);
#2666=FACE_BOUND('',#2516,.T.);
#2667=FACE_BOUND('',#2517,.T.);
#2668=FACE_BOUND('',#2518,.T.);
#2669=FACE_BOUND('',#2519,.T.);
#2670=FACE_BOUND('',#2520,.T.);
#2671=FACE_BOUND('',#2521,.T.);
#2672=FACE_BOUND('',#2522,.T.);
#2673=FACE_BOUND('',#2523,.T.);
#2674=FACE_BOUND('',#2524,.T.);
#2675=FACE_BOUND('',#2525,.T.);
#2676=FACE_BOUND('',#2526,.T.);
#2677=FACE_BOUND('',#2527,.T.);
#2678=FACE_BOUND('',#2528,.T.);
#2679=FACE_BOUND('',#2529,.T.);
#2680=FACE_BOUND('',#2530,.T.);
#2681=FACE_BOUND('',#2531,.T.);
#2682=FACE_BOUND('',#2532,.T.);
#2683=FACE_BOUND('',#2533,.T.);
#2684=FACE_BOUND('',#2534,.T.);
#2685=FACE_BOUND('',#2535,.T.);
#2686=FACE_BOUND('',#2536,.T.);
#2687=FACE_BOUND('',#2537,.T.);
#2688=FACE_BOUND('',#2538,.T.);
#2689=FACE_BOUND('',#2539,.T.);
#2690=FACE_BOUND('',#2540,.T.);
#2691=FACE_BOUND('',#2541,.T.);
#2692=FACE_BOUND('',#2542,.T.);
#2693=FACE_BOUND('',#2543,.T.);
#2694=FACE_BOUND('',#2544,.T.);
#2695=FACE_BOUND('',#2545,.T.);
#2696=FACE_BOUND('',#2546,.T.);
#2697=FACE_BOUND('',#2547,.T.);
#2698=FACE_BOUND('',#2548,.T.);
#2699=FACE_BOUND('',#2549,.T.);
#2700=FACE_BOUND('',#2550,.T.);
#2701=FACE_BOUND('',#2551,.T.);
#2702=FACE_BOUND('',#2552,.T.);
#2703=FACE_BOUND('',#2553,.T.);
#2704=FACE_BOUND('',#2554,.T.);
#2705=FACE_BOUND('',#2555,.T.);
#2706=FACE_BOUND('',#2556,.T.);
#2707=FACE_BOUND('',#2557,.T.);
#2708=FACE_BOUND('',#2558,.T.);
#2709=FACE_BOUND('',#2559,.T.);
#2710=FACE_BOUND('',#2560,.T.);
#2711=FACE_BOUND('',#2561,.T.);
#2712=FACE_BOUND('',#2562,.T.);
#2713=FACE_BOUND('',#2563,.T.);
#2714=FACE_BOUND('',#2564,.T.);
#2715=FACE_BOUND('',#2565,.T.);
#2716=FACE_BOUND('',#2566,.T.);
#2717=FACE_BOUND('',#2567,.T.);
#2718=FACE_BOUND('',#2568,.T.);
#2719=FACE_BOUND('',#2569,.T.);
#2720=FACE_BOUND('',#2570,.T.);
#2721=FACE_BOUND('',#2571,.T.);
#2722=FACE_BOUND('',#2572,.T.);
#2723=FACE_BOUND('',#2573,.T.);
#2724=FACE_BOUND('',#2574,.T.);
#2725=FACE_BOUND('',#2575,.T.);
#2726=FACE_BOUND('',#2576,.T.);
#2727=FACE_BOUND('',#2577,.T.);
#2728=FACE_BOUND('',#2578,.T.);
#2729=FACE_BOUND('',#2579,.T.);
#2730=FACE_BOUND('',#2580,.T.);
#2731=FACE_BOUND('',#2581,.T.);
#2732=FACE_BOUND('',#2582,.T.);
#2733=FACE_BOUND('',#2583,.T.);
#2734=FACE_BOUND('',#2584,.T.);
#2735=FACE_BOUND('',#2585,.T.);
#2736=FACE_BOUND('',#2586,.T.);
#2737=FACE_BOUND('',#2587,.T.);
#2738=FACE_BOUND('',#2588,.T.);
#2739=FACE_BOUND('',#2589,.T.);
#2740=FACE_BOUND('',#2590,.T.);
#2741=FACE_BOUND('',#2591,.T.);
#2742=FACE_BOUND('',#2592,.T.);
#2743=FACE_BOUND('',#2593,.T.);
#2744=FACE_BOUND('',#2594,.T.);
#2745=FACE_BOUND('',#2595,.T.);
#2746=FACE_BOUND('',#2596,.T.);
#2747=FACE_BOUND('',#2597,.T.);
#2748=FACE_BOUND('',#2598,.T.);
#2749=FACE_BOUND('',#2599,.T.);
#2750=FACE_BOUND('',#2600,.T.);
#2751=FACE_BOUND('',#2601,.T.);
#2752=FACE_BOUND('',#2602,.T.);
#2753=FACE_BOUND('',#2603,.T.);
#2754=FACE_BOUND('',#2604,.T.);
#2755=FACE_BOUND('',#2605,.T.);
#2756=FACE_BOUND('',#2606,.T.);
#2757=FACE_BOUND('',#2607,.T.);
#2758=FACE_BOUND('',#2608,.T.);
#2759=FACE_BOUND('',#2609,.T.);
#2760=PLANE('',#3067);
#2761=PLANE('',#3068);
#2762=PLANE('',#3069);
#2763=PLANE('',#3070);
#2764=PLANE('',#3071);
#2765=PLANE('',#3072);
#2766=PLANE('',#3073);
#2767=PLANE('',#3074);
#2768=PLANE('',#3075);
#2769=PLANE('',#3076);
#2770=PLANE('',#3077);
#2771=PLANE('',#3078);
#2772=PLANE('',#3079);
#2773=PLANE('',#3080);
#2774=PLANE('',#3081);
#2775=PLANE('',#3082);
#2776=PLANE('',#3083);
#2777=PLANE('',#3084);
#2778=PLANE('',#3085);
#2779=PLANE('',#3086);
#2780=PLANE('',#3087);
#2781=PLANE('',#3088);
#2782=PLANE('',#3089);
#2783=PLANE('',#3090);
#2784=PLANE('',#3091);
#2785=PLANE('',#3092);
#2786=PLANE('',#3093);
#2787=PLANE('',#3094);
#2788=PLANE('',#3095);
#2789=PLANE('',#3096);
#2790=PLANE('',#3097);
#2791=PLANE('',#3098);
#2792=PLANE('',#3099);
#2793=PLANE('',#3100);
#2794=PLANE('',#3101);
#2795=PLANE('',#3102);
#2796=PLANE('',#3103);
#2797=PLANE('',#3104);
#2798=PLANE('',#3105);
#2799=PLANE('',#3106);
#2800=PLANE('',#3107);
#2801=PLANE('',#3108);
#2802=PLANE('',#3109);
#2803=PLANE('',#3110);
#2804=PLANE('',#3111);
#2805=PLANE('',#3112);
#2806=PLANE('',#3113);
#2807=PLANE('',#3114);
#2808=PLANE('',#3115);
#2809=PLANE('',#3116);
#2810=PLANE('',#3117);
#2811=PLANE('',#3118);
#2812=PLANE('',#3119);
#2813=PLANE('',#3120);
#2814=PLANE('',#3121);
#2815=PLANE('',#3122);
#2816=PLANE('',#3123);
#2817=PLANE('',#3124);
#2818=PLANE('',#3125);
#2819=PLANE('',#3126);
#2820=PLANE('',#3127);
#2821=PLANE('',#3128);
#2822=PLANE('',#3129);
#2823=PLANE('',#3130);
#2824=PLANE('',#3131);
#2825=PLANE('',#3132);
#2826=PLANE('',#3133);
#2827=PLANE('',#3134);
#2828=PLANE('',#3135);
#2829=PLANE('',#3136);
#2830=PLANE('',#3137);
#2831=PLANE('',#3138);
#2832=PLANE('',#3139);
#2833=PLANE('',#3140);
#2834=PLANE('',#3141);
#2835=PLANE('',#3142);
#2836=PLANE('',#3143);
#2837=PLANE('',#3144);
#2838=PLANE('',#3145);
#2839=PLANE('',#3146);
#2840=PLANE('',#3147);
#2841=PLANE('',#3148);
#2842=PLANE('',#3149);
#2843=PLANE('',#3150);
#2844=PLANE('',#3151);
#2845=PLANE('',#3152);
#2846=PLANE('',#3153);
#2847=PLANE('',#3154);
#2848=PLANE('',#3155);
#2849=PLANE('',#3156);
#2850=PLANE('',#3157);
#2851=PLANE('',#3158);
#2852=PLANE('',#3159);
#2853=PLANE('',#3160);
#2854=PLANE('',#3161);
#2855=PLANE('',#3162);
#2856=PLANE('',#3163);
#2857=PLANE('',#3164);
#2858=PLANE('',#3165);
#2859=PLANE('',#3166);
#2860=PLANE('',#3167);
#2861=PLANE('',#3168);
#2862=PLANE('',#3169);
#2863=PLANE('',#3170);
#2864=PLANE('',#3171);
#2865=PLANE('',#3172);
#2866=PLANE('',#3173);
#2867=PLANE('',#3174);
#2868=PLANE('',#3175);
#2869=PLANE('',#3176);
#2870=PLANE('',#3177);
#2871=PLANE('',#3178);
#2872=PLANE('',#3179);
#2873=PLANE('',#3180);
#2874=PLANE('',#3181);
#2875=PLANE('',#3182);
#2876=PLANE('',#3183);
#2877=PLANE('',#3184);
#2878=PLANE('',#3185);
#2879=PLANE('',#3186);
#2880=PLANE('',#3187);
#2881=PLANE('',#3188);
#2882=PLANE('',#3189);
#2883=PLANE('',#3190);
#2884=PLANE('',#3191);
#2885=PLANE('',#3192);
#2886=PLANE('',#3193);
#2887=PLANE('',#3194);
#2888=PLANE('',#3195);
#2889=PLANE('',#3196);
#2890=PLANE('',#3197);
#2891=PLANE('',#3198);
#2892=PLANE('',#3199);
#2893=PLANE('',#3200);
#2894=PLANE('',#3201);
#2895=PLANE('',#3202);
#2896=PLANE('',#3203);
#2897=PLANE('',#3204);
#2898=PLANE('',#3205);
#2899=PLANE('',#3206);
#2900=PLANE('',#3207);
#2901=PLANE('',#3208);
#2902=PLANE('',#3209);
#2903=PLANE('',#3210);
#2904=PLANE('',#3211);
#2905=PLANE('',#3212);
#2906=PLANE('',#3213);
#2907=ADVANCED_FACE('',(#2610),#2760,.T.);
#2908=ADVANCED_FACE('',(#2611),#2761,.T.);
#2909=ADVANCED_FACE('',(#2612),#2762,.T.);
#2910=ADVANCED_FACE('',(#2613),#2763,.T.);
#2911=ADVANCED_FACE('',(#2614),#2764,.T.);
#2912=ADVANCED_FACE('',(#2615),#2765,.T.);
#2913=ADVANCED_FACE('',(#2616),#2766,.T.);
#2914=ADVANCED_FACE('',(#2617),#2767,.T.);
#2915=ADVANCED_FACE('',(#2618),#2768,.T.);
#2916=ADVANCED_FACE('',(#2619),#2769,.T.);
#2917=ADVANCED_FACE('',(#2620),#2770,.T.);
#2918=ADVANCED_FACE('',(#2621),#2771,.T.);
#2919=ADVANCED_FACE('',(#2622),#2772,.T.);
#2920=ADVANCED_FACE('',(#2623),#2773,.T.);
#2921=ADVANCED_FACE('',(#2624),#2774,.T.);
#2922=ADVANCED_FACE('',(#2625),#2775,.T.);
#2923=ADVANCED_FACE('',(#2626),#2776,.T.);
#2924=ADVANCED_FACE('',(#2627),#2777,.T.);
#2925=ADVANCED_FACE('',(#2628),#2778,.T.);
#2926=ADVANCED_FACE('',(#2629),#2779,.T.);
#2927=ADVANCED_FACE('',(#2630),#2780,.T.);
#2928=ADVANCED_FACE('',(#2631),#2781,.T.);
#2929=ADVANCED_FACE('',(#2632),#2782,.T.);
#2930=ADVANCED_FACE('',(#2633),#2783,.T.);
#2931=ADVANCED_FACE('',(#2634),#2784,.T.);
#2932=ADVANCED_FACE('',(#2635),#2785,.T.);
#2933=ADVANCED_FACE('',(#2636),#2786,.T.);
#2934=ADVANCED_FACE('',(#2637),#2787,.T.);
#2935=ADVANCED_FACE('',(#2638),#2788,.T.);
#2936=ADVANCED_FACE('',(#2639),#2789,.T.);
#2937=ADVANCED_FACE('',(#2640),#2790,.T.);
#2938=ADVANCED_FACE('',(#2641),#2791,.T.);
#2939=ADVANCED_FACE('',(#2642),#2792,.T.);
#2940=ADVANCED_FACE('',(#2643),#2793,.T.);
#2941=ADVANCED_FACE('',(#2644),#2794,.T.);
#2942=ADVANCED_FACE('',(#2645),#2795,.T.);
#2943=ADVANCED_FACE('',(#2646),#2796,.T.);
#2944=ADVANCED_FACE('',(#2647),#2797,.T.);
#2945=ADVANCED_FACE('',(#2648),#2798,.T.);
#2946=ADVANCED_FACE('',(#2649),#2799,.T.);
#2947=ADVANCED_FACE('',(#2650),#2800,.T.);
#2948=ADVANCED_FACE('',(#2651),#2801,.T.);
#2949=ADVANCED_FACE('',(#2652),#2802,.T.);
#2950=ADVANCED_FACE('',(#2653),#2803,.T.);
#2951=ADVANCED_FACE('',(#2654),#2804,.T.);
#2952=ADVANCED_FACE('',(#2655),#2805,.T.);
#2953=ADVANCED_FACE('',(#2656),#2806,.T.);
#2954=ADVANCED_FACE('',(#2657),#2807,.T.);
#2955=ADVANCED_FACE('',(#2658),#2808,.F.);
#2956=ADVANCED_FACE('',(#2659),#2809,.F.);
#2957=ADVANCED_FACE('',(#2660),#2810,.F.);
#2958=ADVANCED_FACE('',(#2661),#2811,.F.);
#2959=ADVANCED_FACE('',(#2662),#2812,.F.);
#2960=ADVANCED_FACE('',(#2663),#2813,.F.);
#2961=ADVANCED_FACE('',(#2664),#2814,.F.);
#2962=ADVANCED_FACE('',(#2665),#2815,.F.);
#2963=ADVANCED_FACE('',(#2666),#2816,.F.);
#2964=ADVANCED_FACE('',(#2667),#2817,.F.);
#2965=ADVANCED_FACE('',(#2668),#2818,.F.);
#2966=ADVANCED_FACE('',(#2669),#2819,.F.);
#2967=ADVANCED_FACE('',(#2670),#2820,.F.);
#2968=ADVANCED_FACE('',(#2671),#2821,.F.);
#2969=ADVANCED_FACE('',(#2672),#2822,.F.);
#2970=ADVANCED_FACE('',(#2673),#2823,.F.);
#2971=ADVANCED_FACE('',(#2674),#2824,.F.);
#2972=ADVANCED_FACE('',(#2675),#2825,.F.);
#2973=ADVANCED_FACE('',(#2676),#2826,.F.);
#2974=ADVANCED_FACE('',(#2677),#2827,.F.);
#2975=ADVANCED_FACE('',(#2678),#2828,.F.);
#2976=ADVANCED_FACE('',(#2679),#2829,.F.);
#2977=ADVANCED_FACE('',(#2680),#2830,.F.);
#2978=ADVANCED_FACE('',(#2681),#2831,.F.);
#2979=ADVANCED_FACE('',(#2682),#2832,.F.);
#2980=ADVANCED_FACE('',(#2683),#2833,.F.);
#2981=ADVANCED_FACE('',(#2684),#2834,.F.);
#2982=ADVANCED_FACE('',(#2685),#2835,.F.);
#2983=ADVANCED_FACE('',(#2686),#2836,.F.);
#2984=ADVANCED_FACE('',(#2687),#2837,.F.);
#2985=ADVANCED_FACE('',(#2688),#2838,.F.);
#2986=ADVANCED_FACE('',(#2689),#2839,.F.);
#2987=ADVANCED_FACE('',(#2690),#2840,.F.);
#2988=ADVANCED_FACE('',(#2691),#2841,.F.);
#2989=ADVANCED_FACE('',(#2692),#2842,.F.);
#2990=ADVANCED_FACE('',(#2693),#2843,.F.);
#2991=ADVANCED_FACE('',(#2694),#2844,.F.);
#2992=ADVANCED_FACE('',(#2695),#2845,.F.);
#2993=ADVANCED_FACE('',(#2696),#2846,.F.);
#2994=ADVANCED_FACE('',(#2697),#2847,.F.);
#2995=ADVANCED_FACE('',(#2698),#2848,.F.);
#2996=ADVANCED_FACE('',(#2699),#2849,.F.);
#2997=ADVANCED_FACE('',(#2700),#2850,.F.);
#2998=ADVANCED_FACE('',(#2701),#2851,.F.);
#2999=ADVANCED_FACE('',(#2702),#2852,.F.);
#3000=ADVANCED_FACE('',(#2703),#2853,.F.);
#3001=ADVANCED_FACE('',(#2704),#2854,.F.);
#3002=ADVANCED_FACE('',(#2705),#2855,.F.);
#3003=ADVANCED_FACE('',(#2706,#2707),#2856,.F.);
#3004=ADVANCED_FACE('',(#2708,#2709),#2857,.T.);
#3005=ADVANCED_FACE('',(#2710),#2858,.T.);
#3006=ADVANCED_FACE('',(#2711),#2859,.T.);
#3007=ADVANCED_FACE('',(#2712),#2860,.T.);
#3008=ADVANCED_FACE('',(#2713),#2861,.T.);
#3009=ADVANCED_FACE('',(#2714),#2862,.T.);
#3010=ADVANCED_FACE('',(#2715),#2863,.T.);
#3011=ADVANCED_FACE('',(#2716),#2864,.T.);
#3012=ADVANCED_FACE('',(#2717),#2865,.T.);
#3013=ADVANCED_FACE('',(#2718),#2866,.T.);
#3014=ADVANCED_FACE('',(#2719),#2867,.T.);
#3015=ADVANCED_FACE('',(#2720),#2868,.T.);
#3016=ADVANCED_FACE('',(#2721),#2869,.T.);
#3017=ADVANCED_FACE('',(#2722),#2870,.T.);
#3018=ADVANCED_FACE('',(#2723),#2871,.T.);
#3019=ADVANCED_FACE('',(#2724),#2872,.T.);
#3020=ADVANCED_FACE('',(#2725),#2873,.T.);
#3021=ADVANCED_FACE('',(#2726),#2874,.T.);
#3022=ADVANCED_FACE('',(#2727),#2875,.T.);
#3023=ADVANCED_FACE('',(#2728),#2876,.T.);
#3024=ADVANCED_FACE('',(#2729),#2877,.T.);
#3025=ADVANCED_FACE('',(#2730),#2878,.T.);
#3026=ADVANCED_FACE('',(#2731),#2879,.T.);
#3027=ADVANCED_FACE('',(#2732),#2880,.T.);
#3028=ADVANCED_FACE('',(#2733),#2881,.T.);
#3029=ADVANCED_FACE('',(#2734),#2882,.T.);
#3030=ADVANCED_FACE('',(#2735),#2883,.T.);
#3031=ADVANCED_FACE('',(#2736),#2884,.T.);
#3032=ADVANCED_FACE('',(#2737),#2885,.T.);
#3033=ADVANCED_FACE('',(#2738),#2886,.T.);
#3034=ADVANCED_FACE('',(#2739),#2887,.T.);
#3035=ADVANCED_FACE('',(#2740),#2888,.T.);
#3036=ADVANCED_FACE('',(#2741),#2889,.T.);
#3037=ADVANCED_FACE('',(#2742),#2890,.T.);
#3038=ADVANCED_FACE('',(#2743),#2891,.T.);
#3039=ADVANCED_FACE('',(#2744),#2892,.T.);
#3040=ADVANCED_FACE('',(#2745),#2893,.T.);
#3041=ADVANCED_FACE('',(#2746),#2894,.T.);
#3042=ADVANCED_FACE('',(#2747),#2895,.T.);
#3043=ADVANCED_FACE('',(#2748),#2896,.T.);
#3044=ADVANCED_FACE('',(#2749),#2897,.T.);
#3045=ADVANCED_FACE('',(#2750),#2898,.T.);
#3046=ADVANCED_FACE('',(#2751),#2899,.T.);
#3047=ADVANCED_FACE('',(#2752),#2900,.T.);
#3048=ADVANCED_FACE('',(#2753),#2901,.T.);
#3049=ADVANCED_FACE('',(#2754),#2902,.T.);
#3050=ADVANCED_FACE('',(#2755),#2903,.T.);
#3051=ADVANCED_FACE('',(#2756),#2904,.T.);
#3052=ADVANCED_FACE('',(#2757),#2905,.T.);
#3053=ADVANCED_FACE('',(#2758,#2759),#2906,.F.);
#3054=CLOSED_SHELL('',(#2907,#2908,#2909,#2910,#2911,#2912,#2913,#2914,
#2915,#2916,#2917,#2918,#2919,#2920,#2921,#2922,#2923,#2924,#2925,#2926,
#2927,#2928,#2929,#2930,#2931,#2932,#2933,#2934,#2935,#2936,#2937,#2938,
#2939,#2940,#2941,#2942,#2943,#2944,#2945,#2946,#2947,#2948,#2949,#2950,
#2951,#2952,#2953,#2954,#2955,#2956,#2957,#2958,#2959,#2960,#2961,#2962,
#2963,#2964,#2965,#2966,#2967,#2968,#2969,#2970,#2971,#2972,#2973,#2974,
#2975,#2976,#2977,#2978,#2979,#2980,#2981,#2982,#2983,#2984,#2985,#2986,
#2987,#2988,#2989,#2990,#2991,#2992,#2993,#2994,#2995,#2996,#2997,#2998,
#2999,#3000,#3001,#3002,#3003,#3004,#3005,#3006,#3007,#3008,#3009,#3010,
#3011,#3012,#3013,#3014,#3015,#3016,#3017,#3018,#3019,#3020,#3021,#3022,
#3023,#3024,#3025,#3026,#3027,#3028,#3029,#3030,#3031,#3032,#3033,#3034,
#3035,#3036,#3037,#3038,#3039,#3040,#3041,#3042,#3043,#3044,#3045,#3046,
#3047,#3048,#3049,#3050,#3051,#3052,#3053));
#3055=STYLED_ITEM('',(#3056),#3063);
#3056=PRESENTATION_STYLE_ASSIGNMENT((#3057));
#3057=SURFACE_STYLE_USAGE(.BOTH.,#3058);
#3058=SURFACE_SIDE_STYLE('',(#3059));
#3059=SURFACE_STYLE_FILL_AREA(#3060);
#3060=FILL_AREA_STYLE('',(#3061));
#3061=FILL_AREA_STYLE_COLOUR('',#3062);
#3062=COLOUR_RGB('',0.615686274509804,0.811764705882353,0.929411764705882);
#3063=MANIFOLD_SOLID_BREP('Part 1',#3054);
#3064=SHAPE_DEFINITION_REPRESENTATION(#4816,#3065);
#3065=SHAPE_REPRESENTATION('Part 1',(#3066),#4811);
#3066=AXIS2_PLACEMENT_3D('',#3942,#3214,#3215);
#3067=AXIS2_PLACEMENT_3D('',#3943,#3216,#3217);
#3068=AXIS2_PLACEMENT_3D('',#3952,#3222,#3223);
#3069=AXIS2_PLACEMENT_3D('',#3958,#3227,#3228);
#3070=AXIS2_PLACEMENT_3D('',#3964,#3232,#3233);
#3071=AXIS2_PLACEMENT_3D('',#3970,#3237,#3238);
#3072=AXIS2_PLACEMENT_3D('',#3976,#3242,#3243);
#3073=AXIS2_PLACEMENT_3D('',#3982,#3247,#3248);
#3074=AXIS2_PLACEMENT_3D('',#3988,#3252,#3253);
#3075=AXIS2_PLACEMENT_3D('',#3994,#3257,#3258);
#3076=AXIS2_PLACEMENT_3D('',#4000,#3262,#3263);
#3077=AXIS2_PLACEMENT_3D('',#4006,#3267,#3268);
#3078=AXIS2_PLACEMENT_3D('',#4012,#3272,#3273);
#3079=AXIS2_PLACEMENT_3D('',#4018,#3277,#3278);
#3080=AXIS2_PLACEMENT_3D('',#4024,#3282,#3283);
#3081=AXIS2_PLACEMENT_3D('',#4030,#3287,#3288);
#3082=AXIS2_PLACEMENT_3D('',#4036,#3292,#3293);
#3083=AXIS2_PLACEMENT_3D('',#4042,#3297,#3298);
#3084=AXIS2_PLACEMENT_3D('',#4048,#3302,#3303);
#3085=AXIS2_PLACEMENT_3D('',#4054,#3307,#3308);
#3086=AXIS2_PLACEMENT_3D('',#4060,#3312,#3313);
#3087=AXIS2_PLACEMENT_3D('',#4066,#3317,#3318);
#3088=AXIS2_PLACEMENT_3D('',#4072,#3322,#3323);
#3089=AXIS2_PLACEMENT_3D('',#4078,#3327,#3328);
#3090=AXIS2_PLACEMENT_3D('',#4084,#3332,#3333);
#3091=AXIS2_PLACEMENT_3D('',#4090,#3337,#3338);
#3092=AXIS2_PLACEMENT_3D('',#4096,#3342,#3343);
#3093=AXIS2_PLACEMENT_3D('',#4102,#3347,#3348);
#3094=AXIS2_PLACEMENT_3D('',#4108,#3352,#3353);
#3095=AXIS2_PLACEMENT_3D('',#4114,#3357,#3358);
#3096=AXIS2_PLACEMENT_3D('',#4120,#3362,#3363);
#3097=AXIS2_PLACEMENT_3D('',#4126,#3367,#3368);
#3098=AXIS2_PLACEMENT_3D('',#4132,#3372,#3373);
#3099=AXIS2_PLACEMENT_3D('',#4138,#3377,#3378);
#3100=AXIS2_PLACEMENT_3D('',#4144,#3382,#3383);
#3101=AXIS2_PLACEMENT_3D('',#4150,#3387,#3388);
#3102=AXIS2_PLACEMENT_3D('',#4156,#3392,#3393);
#3103=AXIS2_PLACEMENT_3D('',#4162,#3397,#3398);
#3104=AXIS2_PLACEMENT_3D('',#4168,#3402,#3403);
#3105=AXIS2_PLACEMENT_3D('',#4174,#3407,#3408);
#3106=AXIS2_PLACEMENT_3D('',#4180,#3412,#3413);
#3107=AXIS2_PLACEMENT_3D('',#4186,#3417,#3418);
#3108=AXIS2_PLACEMENT_3D('',#4192,#3422,#3423);
#3109=AXIS2_PLACEMENT_3D('',#4198,#3427,#3428);
#3110=AXIS2_PLACEMENT_3D('',#4204,#3432,#3433);
#3111=AXIS2_PLACEMENT_3D('',#4210,#3437,#3438);
#3112=AXIS2_PLACEMENT_3D('',#4216,#3442,#3443);
#3113=AXIS2_PLACEMENT_3D('',#4222,#3447,#3448);
#3114=AXIS2_PLACEMENT_3D('',#4228,#3452,#3453);
#3115=AXIS2_PLACEMENT_3D('',#4231,#3456,#3457);
#3116=AXIS2_PLACEMENT_3D('',#4240,#3462,#3463);
#3117=AXIS2_PLACEMENT_3D('',#4246,#3467,#3468);
#3118=AXIS2_PLACEMENT_3D('',#4252,#3472,#3473);
#3119=AXIS2_PLACEMENT_3D('',#4258,#3477,#3478);
#3120=AXIS2_PLACEMENT_3D('',#4264,#3482,#3483);
#3121=AXIS2_PLACEMENT_3D('',#4270,#3487,#3488);
#3122=AXIS2_PLACEMENT_3D('',#4276,#3492,#3493);
#3123=AXIS2_PLACEMENT_3D('',#4282,#3497,#3498);
#3124=AXIS2_PLACEMENT_3D('',#4288,#3502,#3503);
#3125=AXIS2_PLACEMENT_3D('',#4294,#3507,#3508);
#3126=AXIS2_PLACEMENT_3D('',#4300,#3512,#3513);
#3127=AXIS2_PLACEMENT_3D('',#4306,#3517,#3518);
#3128=AXIS2_PLACEMENT_3D('',#4312,#3522,#3523);
#3129=AXIS2_PLACEMENT_3D('',#4318,#3527,#3528);
#3130=AXIS2_PLACEMENT_3D('',#4324,#3532,#3533);
#3131=AXIS2_PLACEMENT_3D('',#4330,#3537,#3538);
#3132=AXIS2_PLACEMENT_3D('',#4336,#3542,#3543);
#3133=AXIS2_PLACEMENT_3D('',#4342,#3547,#3548);
#3134=AXIS2_PLACEMENT_3D('',#4348,#3552,#3553);
#3135=AXIS2_PLACEMENT_3D('',#4354,#3557,#3558);
#3136=AXIS2_PLACEMENT_3D('',#4360,#3562,#3563);
#3137=AXIS2_PLACEMENT_3D('',#4366,#3567,#3568);
#3138=AXIS2_PLACEMENT_3D('',#4372,#3572,#3573);
#3139=AXIS2_PLACEMENT_3D('',#4378,#3577,#3578);
#3140=AXIS2_PLACEMENT_3D('',#4384,#3582,#3583);
#3141=AXIS2_PLACEMENT_3D('',#4390,#3587,#3588);
#3142=AXIS2_PLACEMENT_3D('',#4396,#3592,#3593);
#3143=AXIS2_PLACEMENT_3D('',#4402,#3597,#3598);
#3144=AXIS2_PLACEMENT_3D('',#4408,#3602,#3603);
#3145=AXIS2_PLACEMENT_3D('',#4414,#3607,#3608);
#3146=AXIS2_PLACEMENT_3D('',#4420,#3612,#3613);
#3147=AXIS2_PLACEMENT_3D('',#4426,#3617,#3618);
#3148=AXIS2_PLACEMENT_3D('',#4432,#3622,#3623);
#3149=AXIS2_PLACEMENT_3D('',#4438,#3627,#3628);
#3150=AXIS2_PLACEMENT_3D('',#4444,#3632,#3633);
#3151=AXIS2_PLACEMENT_3D('',#4450,#3637,#3638);
#3152=AXIS2_PLACEMENT_3D('',#4456,#3642,#3643);
#3153=AXIS2_PLACEMENT_3D('',#4462,#3647,#3648);
#3154=AXIS2_PLACEMENT_3D('',#4468,#3652,#3653);
#3155=AXIS2_PLACEMENT_3D('',#4474,#3657,#3658);
#3156=AXIS2_PLACEMENT_3D('',#4480,#3662,#3663);
#3157=AXIS2_PLACEMENT_3D('',#4486,#3667,#3668);
#3158=AXIS2_PLACEMENT_3D('',#4492,#3672,#3673);
#3159=AXIS2_PLACEMENT_3D('',#4498,#3677,#3678);
#3160=AXIS2_PLACEMENT_3D('',#4504,#3682,#3683);
#3161=AXIS2_PLACEMENT_3D('',#4510,#3687,#3688);
#3162=AXIS2_PLACEMENT_3D('',#4516,#3692,#3693);
#3163=AXIS2_PLACEMENT_3D('',#4519,#3696,#3697);
#3164=AXIS2_PLACEMENT_3D('',#4520,#3698,#3699);
#3165=AXIS2_PLACEMENT_3D('',#4617,#3748,#3749);
#3166=AXIS2_PLACEMENT_3D('',#4623,#3753,#3754);
#3167=AXIS2_PLACEMENT_3D('',#4627,#3757,#3758);
#3168=AXIS2_PLACEMENT_3D('',#4631,#3761,#3762);
#3169=AXIS2_PLACEMENT_3D('',#4635,#3765,#3766);
#3170=AXIS2_PLACEMENT_3D('',#4639,#3769,#3770);
#3171=AXIS2_PLACEMENT_3D('',#4643,#3773,#3774);
#3172=AXIS2_PLACEMENT_3D('',#4647,#3777,#3778);
#3173=AXIS2_PLACEMENT_3D('',#4651,#3781,#3782);
#3174=AXIS2_PLACEMENT_3D('',#4655,#3785,#3786);
#3175=AXIS2_PLACEMENT_3D('',#4659,#3789,#3790);
#3176=AXIS2_PLACEMENT_3D('',#4663,#3793,#3794);
#3177=AXIS2_PLACEMENT_3D('',#4667,#3797,#3798);
#3178=AXIS2_PLACEMENT_3D('',#4671,#3801,#3802);
#3179=AXIS2_PLACEMENT_3D('',#4675,#3805,#3806);
#3180=AXIS2_PLACEMENT_3D('',#4679,#3809,#3810);
#3181=AXIS2_PLACEMENT_3D('',#4683,#3813,#3814);
#3182=AXIS2_PLACEMENT_3D('',#4687,#3817,#3818);
#3183=AXIS2_PLACEMENT_3D('',#4691,#3821,#3822);
#3184=AXIS2_PLACEMENT_3D('',#4695,#3825,#3826);
#3185=AXIS2_PLACEMENT_3D('',#4699,#3829,#3830);
#3186=AXIS2_PLACEMENT_3D('',#4703,#3833,#3834);
#3187=AXIS2_PLACEMENT_3D('',#4707,#3837,#3838);
#3188=AXIS2_PLACEMENT_3D('',#4711,#3841,#3842);
#3189=AXIS2_PLACEMENT_3D('',#4715,#3845,#3846);
#3190=AXIS2_PLACEMENT_3D('',#4719,#3849,#3850);
#3191=AXIS2_PLACEMENT_3D('',#4723,#3853,#3854);
#3192=AXIS2_PLACEMENT_3D('',#4727,#3857,#3858);
#3193=AXIS2_PLACEMENT_3D('',#4731,#3861,#3862);
#3194=AXIS2_PLACEMENT_3D('',#4735,#3865,#3866);
#3195=AXIS2_PLACEMENT_3D('',#4739,#3869,#3870);
#3196=AXIS2_PLACEMENT_3D('',#4743,#3873,#3874);
#3197=AXIS2_PLACEMENT_3D('',#4747,#3877,#3878);
#3198=AXIS2_PLACEMENT_3D('',#4751,#3881,#3882);
#3199=AXIS2_PLACEMENT_3D('',#4755,#3885,#3886);
#3200=AXIS2_PLACEMENT_3D('',#4759,#3889,#3890);
#3201=AXIS2_PLACEMENT_3D('',#4763,#3893,#3894);
#3202=AXIS2_PLACEMENT_3D('',#4767,#3897,#3898);
#3203=AXIS2_PLACEMENT_3D('',#4771,#3901,#3902);
#3204=AXIS2_PLACEMENT_3D('',#4775,#3905,#3906);
#3205=AXIS2_PLACEMENT_3D('',#4779,#3909,#3910);
#3206=AXIS2_PLACEMENT_3D('',#4783,#3913,#3914);
#3207=AXIS2_PLACEMENT_3D('',#4787,#3917,#3918);
#3208=AXIS2_PLACEMENT_3D('',#4791,#3921,#3922);
#3209=AXIS2_PLACEMENT_3D('',#4795,#3925,#3926);
#3210=AXIS2_PLACEMENT_3D('',#4799,#3929,#3930);
#3211=AXIS2_PLACEMENT_3D('',#4803,#3933,#3934);
#3212=AXIS2_PLACEMENT_3D('',#4807,#3937,#3938);
#3213=AXIS2_PLACEMENT_3D('',#4809,#3940,#3941);
#3214=DIRECTION('',(0.,0.,1.));
#3215=DIRECTION('',(1.,0.,0.));
#3216=DIRECTION('',(0.,1.,0.));
#3217=DIRECTION('',(0.,0.,1.));
#3218=DIRECTION('',(0.,0.,-1.));
#3219=DIRECTION('',(-1.,0.,0.));
#3220=DIRECTION('',(0.,0.,-1.));
#3221=DIRECTION('',(-1.,0.,0.));
#3222=DIRECTION('',(-1.,0.,0.));
#3223=DIRECTION('',(0.,0.,1.));
#3224=DIRECTION('',(0.,-1.,0.));
#3225=DIRECTION('',(0.,0.,-1.));
#3226=DIRECTION('',(0.,1.,0.));
#3227=DIRECTION('',(0.,1.,0.));
#3228=DIRECTION('',(0.,0.,1.));
#3229=DIRECTION('',(-1.,0.,0.));
#3230=DIRECTION('',(0.,0.,-1.));
#3231=DIRECTION('',(1.,0.,0.));
#3232=DIRECTION('',(-1.,0.,0.));
#3233=DIRECTION('',(0.,0.,1.));
#3234=DIRECTION('',(0.,-1.,0.));
#3235=DIRECTION('',(0.,0.,-1.));
#3236=DIRECTION('',(0.,1.,0.));
#3237=DIRECTION('',(0.,1.,0.));
#3238=DIRECTION('',(0.,0.,1.));
#3239=DIRECTION('',(-1.,0.,0.));
#3240=DIRECTION('',(0.,0.,-1.));
#3241=DIRECTION('',(1.,0.,0.));
#3242=DIRECTION('',(-1.,0.,0.));
#3243=DIRECTION('',(0.,0.,1.));
#3244=DIRECTION('',(0.,-1.,0.));
#3245=DIRECTION('',(0.,0.,-1.));
#3246=DIRECTION('',(0.,1.,0.));
#3247=DIRECTION('',(0.,1.,0.));
#3248=DIRECTION('',(0.,0.,1.));
#3249=DIRECTION('',(-1.,0.,0.));
#3250=DIRECTION('',(0.,0.,-1.));
#3251=DIRECTION('',(1.,0.,0.));
#3252=DIRECTION('',(-1.,0.,0.));
#3253=DIRECTION('',(0.,0.,1.));
#3254=DIRECTION('',(0.,-1.,0.));
#3255=DIRECTION('',(0.,0.,-1.));
#3256=DIRECTION('',(0.,1.,0.));
#3257=DIRECTION('',(0.,1.,0.));
#3258=DIRECTION('',(0.,0.,1.));
#3259=DIRECTION('',(-1.,0.,0.));
#3260=DIRECTION('',(0.,0.,-1.));
#3261=DIRECTION('',(1.,0.,0.));
#3262=DIRECTION('',(-1.,0.,0.));
#3263=DIRECTION('',(0.,0.,1.));
#3264=DIRECTION('',(0.,-1.,0.));
#3265=DIRECTION('',(0.,0.,-1.));
#3266=DIRECTION('',(0.,1.,0.));
#3267=DIRECTION('',(0.,1.,0.));
#3268=DIRECTION('',(0.,0.,1.));
#3269=DIRECTION('',(-1.,0.,0.));
#3270=DIRECTION('',(0.,0.,-1.));
#3271=DIRECTION('',(1.,0.,0.));
#3272=DIRECTION('',(-1.,0.,0.));
#3273=DIRECTION('',(0.,0.,1.));
#3274=DIRECTION('',(0.,-1.,0.));
#3275=DIRECTION('',(0.,0.,-1.));
#3276=DIRECTION('',(0.,1.,0.));
#3277=DIRECTION('',(0.,1.,0.));
#3278=DIRECTION('',(0.,0.,1.));
#3279=DIRECTION('',(-1.,0.,0.));
#3280=DIRECTION('',(0.,0.,-1.));
#3281=DIRECTION('',(1.,0.,0.));
#3282=DIRECTION('',(-1.,0.,0.));
#3283=DIRECTION('',(0.,0.,1.));
#3284=DIRECTION('',(0.,-1.,0.));
#3285=DIRECTION('',(0.,0.,-1.));
#3286=DIRECTION('',(0.,1.,0.));
#3287=DIRECTION('',(0.,-1.,0.));
#3288=DIRECTION('',(0.,0.,-1.));
#3289=DIRECTION('',(1.,0.,0.));
#3290=DIRECTION('',(0.,0.,-1.));
#3291=DIRECTION('',(-1.,0.,0.));
#3292=DIRECTION('',(1.,0.,0.));
#3293=DIRECTION('',(0.,0.,-1.));
#3294=DIRECTION('',(0.,1.,0.));
#3295=DIRECTION('',(0.,0.,-1.));
#3296=DIRECTION('',(0.,-1.,0.));
#3297=DIRECTION('',(0.,-1.,0.));
#3298=DIRECTION('',(0.,0.,-1.));
#3299=DIRECTION('',(1.,0.,0.));
#3300=DIRECTION('',(0.,0.,-1.));
#3301=DIRECTION('',(-1.,0.,0.));
#3302=DIRECTION('',(1.,0.,0.));
#3303=DIRECTION('',(0.,0.,-1.));
#3304=DIRECTION('',(0.,1.,0.));
#3305=DIRECTION('',(0.,0.,-1.));
#3306=DIRECTION('',(0.,-1.,0.));
#3307=DIRECTION('',(0.,-1.,0.));
#3308=DIRECTION('',(0.,0.,-1.));
#3309=DIRECTION('',(1.,0.,0.));
#3310=DIRECTION('',(0.,0.,-1.));
#3311=DIRECTION('',(-1.,0.,0.));
#3312=DIRECTION('',(1.,1.07797279659329E-16,0.));
#3313=DIRECTION('',(-1.07797279659329E-16,1.,0.));
#3314=DIRECTION('',(-1.07797279659329E-16,1.,0.));
#3315=DIRECTION('',(0.,0.,-1.));
#3316=DIRECTION('',(1.07797279659329E-16,-1.,0.));
#3317=DIRECTION('',(0.,-1.,0.));
#3318=DIRECTION('',(0.,0.,-1.));
#3319=DIRECTION('',(1.,0.,0.));
#3320=DIRECTION('',(0.,0.,-1.));
#3321=DIRECTION('',(-1.,0.,0.));
#3322=DIRECTION('',(1.,1.21769862318988E-16,0.));
#3323=DIRECTION('',(-1.21769862318988E-16,1.,0.));
#3324=DIRECTION('',(-1.21769862318988E-16,1.,0.));
#3325=DIRECTION('',(0.,0.,-1.));
#3326=DIRECTION('',(1.21769862318988E-16,-1.,0.));
#3327=DIRECTION('',(0.,-1.,0.));
#3328=DIRECTION('',(0.,0.,-1.));
#3329=DIRECTION('',(1.,0.,0.));
#3330=DIRECTION('',(0.,0.,-1.));
#3331=DIRECTION('',(-1.,0.,0.));
#3332=DIRECTION('',(1.,0.,0.));
#3333=DIRECTION('',(0.,0.,-1.));
#3334=DIRECTION('',(0.,1.,0.));
#3335=DIRECTION('',(0.,0.,-1.));
#3336=DIRECTION('',(0.,-1.,0.));
#3337=DIRECTION('',(2.31251743468868E-16,-1.,0.));
#3338=DIRECTION('',(1.,2.31251743468868E-16,0.));
#3339=DIRECTION('',(1.,2.31251743468868E-16,0.));
#3340=DIRECTION('',(0.,0.,-1.));
#3341=DIRECTION('',(-1.,-2.31251743468868E-16,0.));
#3342=DIRECTION('',(1.,0.,0.));
#3343=DIRECTION('',(0.,0.,-1.));
#3344=DIRECTION('',(0.,1.,0.));
#3345=DIRECTION('',(0.,0.,-1.));
#3346=DIRECTION('',(0.,-1.,0.));
#3347=DIRECTION('',(1.66987789228141E-16,-1.,0.));
#3348=DIRECTION('',(1.,1.66987789228141E-16,0.));
#3349=DIRECTION('',(1.,1.66987789228141E-16,0.));
#3350=DIRECTION('',(0.,0.,-1.));
#3351=DIRECTION('',(-1.,-1.66987789228141E-16,0.));
#3352=DIRECTION('',(1.,0.,0.));
#3353=DIRECTION('',(0.,0.,-1.));
#3354=DIRECTION('',(0.,1.,0.));
#3355=DIRECTION('',(0.,0.,-1.));
#3356=DIRECTION('',(0.,-1.,0.));
#3357=DIRECTION('',(0.,-1.,0.));
#3358=DIRECTION('',(0.,0.,-1.));
#3359=DIRECTION('',(1.,0.,0.));
#3360=DIRECTION('',(0.,0.,-1.));
#3361=DIRECTION('',(-1.,0.,0.));
#3362=DIRECTION('',(-1.,0.,0.));
#3363=DIRECTION('',(0.,0.,1.));
#3364=DIRECTION('',(0.,-1.,0.));
#3365=DIRECTION('',(0.,0.,-1.));
#3366=DIRECTION('',(0.,1.,0.));
#3367=DIRECTION('',(0.,-1.,0.));
#3368=DIRECTION('',(0.,0.,-1.));
#3369=DIRECTION('',(1.,0.,0.));
#3370=DIRECTION('',(0.,0.,-1.));
#3371=DIRECTION('',(-1.,0.,0.));
#3372=DIRECTION('',(-1.,0.,0.));
#3373=DIRECTION('',(0.,0.,1.));
#3374=DIRECTION('',(0.,-1.,0.));
#3375=DIRECTION('',(0.,0.,-1.));
#3376=DIRECTION('',(0.,1.,0.));
#3377=DIRECTION('',(0.,-1.,0.));
#3378=DIRECTION('',(0.,0.,-1.));
#3379=DIRECTION('',(1.,0.,0.));
#3380=DIRECTION('',(0.,0.,-1.));
#3381=DIRECTION('',(-1.,0.,0.));
#3382=DIRECTION('',(1.,0.,0.));
#3383=DIRECTION('',(0.,0.,-1.));
#3384=DIRECTION('',(0.,1.,0.));
#3385=DIRECTION('',(0.,0.,-1.));
#3386=DIRECTION('',(0.,-1.,0.));
#3387=DIRECTION('',(0.,-1.,0.));
#3388=DIRECTION('',(0.,0.,-1.));
#3389=DIRECTION('',(1.,0.,0.));
#3390=DIRECTION('',(0.,0.,-1.));
#3391=DIRECTION('',(-1.,0.,0.));
#3392=DIRECTION('',(1.,0.,0.));
#3393=DIRECTION('',(0.,0.,-1.));
#3394=DIRECTION('',(0.,1.,0.));
#3395=DIRECTION('',(0.,0.,-1.));
#3396=DIRECTION('',(0.,-1.,0.));
#3397=DIRECTION('',(0.,1.,0.));
#3398=DIRECTION('',(0.,0.,1.));
#3399=DIRECTION('',(-1.,0.,0.));
#3400=DIRECTION('',(0.,0.,-1.));
#3401=DIRECTION('',(1.,0.,0.));
#3402=DIRECTION('',(1.,0.,0.));
#3403=DIRECTION('',(0.,0.,-1.));
#3404=DIRECTION('',(0.,1.,0.));
#3405=DIRECTION('',(0.,0.,-1.));
#3406=DIRECTION('',(0.,-1.,0.));
#3407=DIRECTION('',(0.,1.,0.));
#3408=DIRECTION('',(0.,0.,1.));
#3409=DIRECTION('',(-1.,0.,0.));
#3410=DIRECTION('',(0.,0.,-1.));
#3411=DIRECTION('',(1.,0.,0.));
#3412=DIRECTION('',(1.,0.,0.));
#3413=DIRECTION('',(0.,0.,-1.));
#3414=DIRECTION('',(0.,1.,0.));
#3415=DIRECTION('',(0.,0.,-1.));
#3416=DIRECTION('',(0.,-1.,0.));
#3417=DIRECTION('',(0.,1.,0.));
#3418=DIRECTION('',(0.,0.,1.));
#3419=DIRECTION('',(-1.,0.,0.));
#3420=DIRECTION('',(0.,0.,-1.));
#3421=DIRECTION('',(1.,0.,0.));
#3422=DIRECTION('',(-1.,-5.20111333838943E-16,0.));
#3423=DIRECTION('',(5.20111333838943E-16,-1.,0.));
#3424=DIRECTION('',(5.20111333838943E-16,-1.,0.));
#3425=DIRECTION('',(0.,0.,-1.));
#3426=DIRECTION('',(5.20111333838943E-16,-1.,0.));
#3427=DIRECTION('',(0.,1.,0.));
#3428=DIRECTION('',(0.,0.,1.));
#3429=DIRECTION('',(-1.,0.,0.));
#3430=DIRECTION('',(0.,0.,-1.));
#3431=DIRECTION('',(-1.,0.,0.));
#3432=DIRECTION('',(-1.,0.,0.));
#3433=DIRECTION('',(0.,0.,1.));
#3434=DIRECTION('',(0.,-1.,0.));
#3435=DIRECTION('',(0.,0.,-1.));
#3436=DIRECTION('',(0.,-1.,0.));
#3437=DIRECTION('',(0.,-1.,0.));
#3438=DIRECTION('',(0.,0.,-1.));
#3439=DIRECTION('',(1.,0.,0.));
#3440=DIRECTION('',(0.,0.,-1.));
#3441=DIRECTION('',(1.,0.,0.));
#3442=DIRECTION('',(-1.,0.,0.));
#3443=DIRECTION('',(0.,0.,1.));
#3444=DIRECTION('',(0.,-1.,0.));
#3445=DIRECTION('',(0.,0.,-1.));
#3446=DIRECTION('',(0.,-1.,0.));
#3447=DIRECTION('',(0.,-1.,0.));
#3448=DIRECTION('',(0.,0.,-1.));
#3449=DIRECTION('',(1.,0.,0.));
#3450=DIRECTION('',(0.,0.,-1.));
#3451=DIRECTION('',(1.,0.,0.));
#3452=DIRECTION('',(-1.,0.,0.));
#3453=DIRECTION('',(0.,0.,1.));
#3454=DIRECTION('',(0.,-1.,0.));
#3455=DIRECTION('',(0.,1.,0.));
#3456=DIRECTION('',(0.,1.,0.));
#3457=DIRECTION('',(0.,0.,1.));
#3458=DIRECTION('',(-1.,0.,0.));
#3459=DIRECTION('',(0.,0.,-1.));
#3460=DIRECTION('',(-1.,0.,0.));
#3461=DIRECTION('',(0.,0.,-1.));
#3462=DIRECTION('',(-1.,0.,0.));
#3463=DIRECTION('',(0.,0.,1.));
#3464=DIRECTION('',(0.,1.,0.));
#3465=DIRECTION('',(0.,0.,-1.));
#3466=DIRECTION('',(0.,1.,0.));
#3467=DIRECTION('',(0.,-1.,0.));
#3468=DIRECTION('',(0.,0.,-1.));
#3469=DIRECTION('',(1.,0.,0.));
#3470=DIRECTION('',(0.,0.,-1.));
#3471=DIRECTION('',(1.,0.,0.));
#3472=DIRECTION('',(-1.,0.,0.));
#3473=DIRECTION('',(0.,0.,1.));
#3474=DIRECTION('',(0.,-1.,0.));
#3475=DIRECTION('',(0.,0.,-1.));
#3476=DIRECTION('',(0.,-1.,0.));
#3477=DIRECTION('',(0.,-1.,0.));
#3478=DIRECTION('',(0.,0.,-1.));
#3479=DIRECTION('',(1.,0.,0.));
#3480=DIRECTION('',(0.,0.,-1.));
#3481=DIRECTION('',(1.,0.,0.));
#3482=DIRECTION('',(-1.,0.,0.));
#3483=DIRECTION('',(0.,0.,1.));
#3484=DIRECTION('',(0.,-1.,0.));
#3485=DIRECTION('',(0.,0.,-1.));
#3486=DIRECTION('',(0.,-1.,0.));
#3487=DIRECTION('',(0.,1.,0.));
#3488=DIRECTION('',(0.,0.,1.));
#3489=DIRECTION('',(-1.,0.,0.));
#3490=DIRECTION('',(0.,0.,-1.));
#3491=DIRECTION('',(-1.,0.,0.));
#3492=DIRECTION('',(-1.,-5.20111333838943E-16,0.));
#3493=DIRECTION('',(5.20111333838943E-16,-1.,0.));
#3494=DIRECTION('',(5.20111333838943E-16,-1.,0.));
#3495=DIRECTION('',(0.,0.,-1.));
#3496=DIRECTION('',(5.20111333838943E-16,-1.,0.));
#3497=DIRECTION('',(0.,1.,0.));
#3498=DIRECTION('',(0.,0.,1.));
#3499=DIRECTION('',(1.,0.,0.));
#3500=DIRECTION('',(0.,0.,-1.));
#3501=DIRECTION('',(1.,0.,0.));
#3502=DIRECTION('',(1.,0.,0.));
#3503=DIRECTION('',(0.,0.,-1.));
#3504=DIRECTION('',(0.,-1.,0.));
#3505=DIRECTION('',(0.,0.,-1.));
#3506=DIRECTION('',(0.,-1.,0.));
#3507=DIRECTION('',(0.,1.,0.));
#3508=DIRECTION('',(0.,0.,1.));
#3509=DIRECTION('',(1.,0.,0.));
#3510=DIRECTION('',(0.,0.,-1.));
#3511=DIRECTION('',(1.,0.,0.));
#3512=DIRECTION('',(1.,0.,0.));
#3513=DIRECTION('',(0.,0.,-1.));
#3514=DIRECTION('',(0.,-1.,0.));
#3515=DIRECTION('',(0.,0.,-1.));
#3516=DIRECTION('',(0.,-1.,0.));
#3517=DIRECTION('',(0.,1.,0.));
#3518=DIRECTION('',(0.,0.,1.));
#3519=DIRECTION('',(1.,0.,0.));
#3520=DIRECTION('',(0.,0.,-1.));
#3521=DIRECTION('',(1.,0.,0.));
#3522=DIRECTION('',(1.,0.,0.));
#3523=DIRECTION('',(0.,0.,-1.));
#3524=DIRECTION('',(0.,-1.,0.));
#3525=DIRECTION('',(0.,0.,-1.));
#3526=DIRECTION('',(0.,-1.,0.));
#3527=DIRECTION('',(0.,-1.,0.));
#3528=DIRECTION('',(0.,0.,-1.));
#3529=DIRECTION('',(-1.,0.,0.));
#3530=DIRECTION('',(0.,0.,-1.));
#3531=DIRECTION('',(-1.,0.,0.));
#3532=DIRECTION('',(1.,0.,0.));
#3533=DIRECTION('',(0.,0.,-1.));
#3534=DIRECTION('',(0.,-1.,0.));
#3535=DIRECTION('',(0.,0.,-1.));
#3536=DIRECTION('',(0.,-1.,0.));
#3537=DIRECTION('',(0.,-1.,0.));
#3538=DIRECTION('',(0.,0.,-1.));
#3539=DIRECTION('',(-1.,0.,0.));
#3540=DIRECTION('',(0.,0.,-1.));
#3541=DIRECTION('',(-1.,0.,0.));
#3542=DIRECTION('',(-1.,0.,0.));
#3543=DIRECTION('',(0.,0.,1.));
#3544=DIRECTION('',(0.,1.,0.));
#3545=DIRECTION('',(0.,0.,-1.));
#3546=DIRECTION('',(0.,1.,0.));
#3547=DIRECTION('',(0.,-1.,0.));
#3548=DIRECTION('',(0.,0.,-1.));
#3549=DIRECTION('',(-1.,0.,0.));
#3550=DIRECTION('',(0.,0.,-1.));
#3551=DIRECTION('',(-1.,0.,0.));
#3552=DIRECTION('',(-1.,0.,0.));
#3553=DIRECTION('',(0.,0.,1.));
#3554=DIRECTION('',(0.,1.,0.));
#3555=DIRECTION('',(0.,0.,-1.));
#3556=DIRECTION('',(0.,1.,0.));
#3557=DIRECTION('',(0.,-1.,0.));
#3558=DIRECTION('',(0.,0.,-1.));
#3559=DIRECTION('',(-1.,0.,0.));
#3560=DIRECTION('',(0.,0.,-1.));
#3561=DIRECTION('',(-1.,0.,0.));
#3562=DIRECTION('',(1.,0.,0.));
#3563=DIRECTION('',(0.,0.,-1.));
#3564=DIRECTION('',(0.,-1.,0.));
#3565=DIRECTION('',(0.,0.,-1.));
#3566=DIRECTION('',(0.,-1.,0.));
#3567=DIRECTION('',(1.66987789228141E-16,-1.,0.));
#3568=DIRECTION('',(1.,1.66987789228141E-16,0.));
#3569=DIRECTION('',(-1.,-1.66987789228141E-16,0.));
#3570=DIRECTION('',(0.,0.,-1.));
#3571=DIRECTION('',(-1.,-1.66987789228141E-16,0.));
#3572=DIRECTION('',(1.,0.,0.));
#3573=DIRECTION('',(0.,0.,-1.));
#3574=DIRECTION('',(0.,-1.,0.));
#3575=DIRECTION('',(0.,0.,-1.));
#3576=DIRECTION('',(0.,-1.,0.));
#3577=DIRECTION('',(2.31251743468868E-16,-1.,0.));
#3578=DIRECTION('',(1.,2.31251743468868E-16,0.));
#3579=DIRECTION('',(-1.,-2.31251743468868E-16,0.));
#3580=DIRECTION('',(0.,0.,-1.));
#3581=DIRECTION('',(-1.,-2.31251743468868E-16,0.));
#3582=DIRECTION('',(1.,0.,0.));
#3583=DIRECTION('',(0.,0.,-1.));
#3584=DIRECTION('',(0.,-1.,0.));
#3585=DIRECTION('',(0.,0.,-1.));
#3586=DIRECTION('',(0.,-1.,0.));
#3587=DIRECTION('',(0.,-1.,0.));
#3588=DIRECTION('',(0.,0.,-1.));
#3589=DIRECTION('',(-1.,0.,0.));
#3590=DIRECTION('',(0.,0.,-1.));
#3591=DIRECTION('',(-1.,0.,0.));
#3592=DIRECTION('',(1.,1.21769862318988E-16,0.));
#3593=DIRECTION('',(-1.21769862318988E-16,1.,0.));
#3594=DIRECTION('',(1.21769862318988E-16,-1.,0.));
#3595=DIRECTION('',(0.,0.,-1.));
#3596=DIRECTION('',(1.21769862318988E-16,-1.,0.));
#3597=DIRECTION('',(0.,-1.,0.));
#3598=DIRECTION('',(0.,0.,-1.));
#3599=DIRECTION('',(-1.,0.,0.));
#3600=DIRECTION('',(0.,0.,-1.));
#3601=DIRECTION('',(-1.,0.,0.));
#3602=DIRECTION('',(1.,1.07797279659329E-16,0.));
#3603=DIRECTION('',(-1.07797279659329E-16,1.,0.));
#3604=DIRECTION('',(1.07797279659329E-16,-1.,0.));
#3605=DIRECTION('',(0.,0.,-1.));
#3606=DIRECTION('',(1.07797279659329E-16,-1.,0.));
#3607=DIRECTION('',(0.,-1.,0.));
#3608=DIRECTION('',(0.,0.,-1.));
#3609=DIRECTION('',(-1.,0.,0.));
#3610=DIRECTION('',(0.,0.,-1.));
#3611=DIRECTION('',(-1.,0.,0.));
#3612=DIRECTION('',(1.,0.,0.));
#3613=DIRECTION('',(0.,0.,-1.));
#3614=DIRECTION('',(0.,-1.,0.));
#3615=DIRECTION('',(0.,0.,-1.));
#3616=DIRECTION('',(0.,-1.,0.));
#3617=DIRECTION('',(0.,-1.,0.));
#3618=DIRECTION('',(0.,0.,-1.));
#3619=DIRECTION('',(-1.,0.,0.));
#3620=DIRECTION('',(0.,0.,-1.));
#3621=DIRECTION('',(-1.,0.,0.));
#3622=DIRECTION('',(1.,0.,0.));
#3623=DIRECTION('',(0.,0.,-1.));
#3624=DIRECTION('',(0.,-1.,0.));
#3625=DIRECTION('',(0.,0.,-1.));
#3626=DIRECTION('',(0.,-1.,0.));
#3627=DIRECTION('',(0.,-1.,0.));
#3628=DIRECTION('',(0.,0.,-1.));
#3629=DIRECTION('',(-1.,0.,0.));
#3630=DIRECTION('',(0.,0.,-1.));
#3631=DIRECTION('',(-1.,0.,0.));
#3632=DIRECTION('',(-1.,0.,0.));
#3633=DIRECTION('',(0.,0.,1.));
#3634=DIRECTION('',(0.,1.,0.));
#3635=DIRECTION('',(0.,0.,-1.));
#3636=DIRECTION('',(0.,1.,0.));
#3637=DIRECTION('',(0.,1.,0.));
#3638=DIRECTION('',(0.,0.,1.));
#3639=DIRECTION('',(1.,0.,0.));
#3640=DIRECTION('',(0.,0.,-1.));
#3641=DIRECTION('',(1.,0.,0.));
#3642=DIRECTION('',(-1.,0.,0.));
#3643=DIRECTION('',(0.,0.,1.));
#3644=DIRECTION('',(0.,1.,0.));
#3645=DIRECTION('',(0.,0.,-1.));
#3646=DIRECTION('',(0.,1.,0.));
#3647=DIRECTION('',(0.,1.,0.));
#3648=DIRECTION('',(0.,0.,1.));
#3649=DIRECTION('',(1.,0.,0.));
#3650=DIRECTION('',(0.,0.,-1.));
#3651=DIRECTION('',(1.,0.,0.));
#3652=DIRECTION('',(-1.,0.,0.));
#3653=DIRECTION('',(0.,0.,1.));
#3654=DIRECTION('',(0.,1.,0.));
#3655=DIRECTION('',(0.,0.,-1.));
#3656=DIRECTION('',(0.,1.,0.));
#3657=DIRECTION('',(0.,1.,0.));
#3658=DIRECTION('',(0.,0.,1.));
#3659=DIRECTION('',(1.,0.,0.));
#3660=DIRECTION('',(0.,0.,-1.));
#3661=DIRECTION('',(1.,0.,0.));
#3662=DIRECTION('',(-1.,0.,0.));
#3663=DIRECTION('',(0.,0.,1.));
#3664=DIRECTION('',(0.,1.,0.));
#3665=DIRECTION('',(0.,0.,-1.));
#3666=DIRECTION('',(0.,1.,0.));
#3667=DIRECTION('',(0.,1.,0.));
#3668=DIRECTION('',(0.,0.,1.));
#3669=DIRECTION('',(1.,0.,0.));
#3670=DIRECTION('',(0.,0.,-1.));
#3671=DIRECTION('',(1.,0.,0.));
#3672=DIRECTION('',(-1.,0.,0.));
#3673=DIRECTION('',(0.,0.,1.));
#3674=DIRECTION('',(0.,1.,0.));
#3675=DIRECTION('',(0.,0.,-1.));
#3676=DIRECTION('',(0.,1.,0.));
#3677=DIRECTION('',(0.,1.,0.));
#3678=DIRECTION('',(0.,0.,1.));
#3679=DIRECTION('',(1.,0.,0.));
#3680=DIRECTION('',(0.,0.,-1.));
#3681=DIRECTION('',(1.,0.,0.));
#3682=DIRECTION('',(-1.,0.,0.));
#3683=DIRECTION('',(0.,0.,1.));
#3684=DIRECTION('',(0.,1.,0.));
#3685=DIRECTION('',(0.,0.,-1.));
#3686=DIRECTION('',(0.,1.,0.));
#3687=DIRECTION('',(0.,1.,0.));
#3688=DIRECTION('',(0.,0.,1.));
#3689=DIRECTION('',(1.,0.,0.));
#3690=DIRECTION('',(0.,0.,-1.));
#3691=DIRECTION('',(1.,0.,0.));
#3692=DIRECTION('',(-1.,0.,0.));
#3693=DIRECTION('',(0.,0.,1.));
#3694=DIRECTION('',(0.,1.,0.));
#3695=DIRECTION('',(0.,1.,0.));
#3696=DIRECTION('',(0.,0.,-1.));
#3697=DIRECTION('',(-1.,0.,0.));
#3698=DIRECTION('',(0.,0.,-1.));
#3699=DIRECTION('',(-1.,0.,0.));
#3700=DIRECTION('',(-1.,0.,0.));
#3701=DIRECTION('',(0.,1.,0.));
#3702=DIRECTION('',(1.,0.,0.));
#3703=DIRECTION('',(0.,-1.,0.));
#3704=DIRECTION('',(1.,0.,0.));
#3705=DIRECTION('',(0.,-1.,0.));
#3706=DIRECTION('',(-1.,0.,0.));
#3707=DIRECTION('',(5.20111333838943E-16,-1.,0.));
#3708=DIRECTION('',(1.,0.,0.));
#3709=DIRECTION('',(0.,-1.,0.));
#3710=DIRECTION('',(1.,0.,0.));
#3711=DIRECTION('',(0.,-1.,0.));
#3712=DIRECTION('',(1.,0.,0.));
#3713=DIRECTION('',(0.,-1.,0.));
#3714=DIRECTION('',(-1.,0.,0.));
#3715=DIRECTION('',(0.,-1.,0.));
#3716=DIRECTION('',(-1.,0.,0.));
#3717=DIRECTION('',(0.,1.,0.));
#3718=DIRECTION('',(-1.,0.,0.));
#3719=DIRECTION('',(0.,1.,0.));
#3720=DIRECTION('',(-1.,0.,0.));
#3721=DIRECTION('',(0.,-1.,0.));
#3722=DIRECTION('',(-1.,-1.66987789228141E-16,0.));
#3723=DIRECTION('',(0.,-1.,0.));
#3724=DIRECTION('',(-1.,-2.31251743468868E-16,0.));
#3725=DIRECTION('',(0.,-1.,0.));
#3726=DIRECTION('',(-1.,0.,0.));
#3727=DIRECTION('',(1.21769862318988E-16,-1.,0.));
#3728=DIRECTION('',(-1.,0.,0.));
#3729=DIRECTION('',(1.07797279659329E-16,-1.,0.));
#3730=DIRECTION('',(-1.,0.,0.));
#3731=DIRECTION('',(0.,-1.,0.));
#3732=DIRECTION('',(-1.,0.,0.));
#3733=DIRECTION('',(0.,-1.,0.));
#3734=DIRECTION('',(-1.,0.,0.));
#3735=DIRECTION('',(0.,1.,0.));
#3736=DIRECTION('',(1.,0.,0.));
#3737=DIRECTION('',(0.,1.,0.));
#3738=DIRECTION('',(1.,0.,0.));
#3739=DIRECTION('',(0.,1.,0.));
#3740=DIRECTION('',(1.,0.,0.));
#3741=DIRECTION('',(0.,1.,0.));
#3742=DIRECTION('',(1.,0.,0.));
#3743=DIRECTION('',(0.,1.,0.));
#3744=DIRECTION('',(1.,0.,0.));
#3745=DIRECTION('',(0.,1.,0.));
#3746=DIRECTION('',(1.,0.,0.));
#3747=DIRECTION('',(0.,1.,0.));
#3748=DIRECTION('',(0.,1.,0.));
#3749=DIRECTION('',(0.,0.,1.));
#3750=DIRECTION('',(0.,0.,-1.));
#3751=DIRECTION('',(-1.,0.,0.));
#3752=DIRECTION('',(0.,0.,-1.));
#3753=DIRECTION('',(-1.,0.,0.));
#3754=DIRECTION('',(0.,0.,1.));
#3755=DIRECTION('',(0.,0.,-1.));
#3756=DIRECTION('',(0.,1.,0.));
#3757=DIRECTION('',(0.,1.,0.));
#3758=DIRECTION('',(0.,0.,1.));
#3759=DIRECTION('',(0.,0.,-1.));
#3760=DIRECTION('',(1.,0.,0.));
#3761=DIRECTION('',(-1.,0.,0.));
#3762=DIRECTION('',(0.,0.,1.));
#3763=DIRECTION('',(0.,0.,-1.));
#3764=DIRECTION('',(0.,1.,0.));
#3765=DIRECTION('',(0.,1.,0.));
#3766=DIRECTION('',(0.,0.,1.));
#3767=DIRECTION('',(0.,0.,-1.));
#3768=DIRECTION('',(1.,0.,0.));
#3769=DIRECTION('',(-1.,0.,0.));
#3770=DIRECTION('',(0.,0.,1.));
#3771=DIRECTION('',(0.,0.,-1.));
#3772=DIRECTION('',(0.,1.,0.));
#3773=DIRECTION('',(0.,1.,0.));
#3774=DIRECTION('',(0.,0.,1.));
#3775=DIRECTION('',(0.,0.,-1.));
#3776=DIRECTION('',(1.,0.,0.));
#3777=DIRECTION('',(-1.,0.,0.));
#3778=DIRECTION('',(0.,0.,1.));
#3779=DIRECTION('',(0.,0.,-1.));
#3780=DIRECTION('',(0.,1.,0.));
#3781=DIRECTION('',(0.,1.,0.));
#3782=DIRECTION('',(0.,0.,1.));
#3783=DIRECTION('',(0.,0.,-1.));
#3784=DIRECTION('',(1.,0.,0.));
#3785=DIRECTION('',(-1.,0.,0.));
#3786=DIRECTION('',(0.,0.,1.));
#3787=DIRECTION('',(0.,0.,-1.));
#3788=DIRECTION('',(0.,1.,0.));
#3789=DIRECTION('',(0.,1.,0.));
#3790=DIRECTION('',(0.,0.,1.));
#3791=DIRECTION('',(0.,0.,-1.));
#3792=DIRECTION('',(1.,0.,0.));
#3793=DIRECTION('',(-1.,0.,0.));
#3794=DIRECTION('',(0.,0.,1.));
#3795=DIRECTION('',(0.,0.,-1.));
#3796=DIRECTION('',(0.,1.,0.));
#3797=DIRECTION('',(0.,1.,0.));
#3798=DIRECTION('',(0.,0.,1.));
#3799=DIRECTION('',(0.,0.,-1.));
#3800=DIRECTION('',(1.,0.,0.));
#3801=DIRECTION('',(-1.,0.,0.));
#3802=DIRECTION('',(0.,0.,1.));
#3803=DIRECTION('',(0.,0.,-1.));
#3804=DIRECTION('',(0.,1.,0.));
#3805=DIRECTION('',(0.,-1.,0.));
#3806=DIRECTION('',(0.,0.,-1.));
#3807=DIRECTION('',(0.,0.,-1.));
#3808=DIRECTION('',(-1.,0.,0.));
#3809=DIRECTION('',(1.,0.,0.));
#3810=DIRECTION('',(0.,0.,-1.));
#3811=DIRECTION('',(0.,0.,-1.));
#3812=DIRECTION('',(0.,-1.,0.));
#3813=DIRECTION('',(0.,-1.,0.));
#3814=DIRECTION('',(0.,0.,-1.));
#3815=DIRECTION('',(0.,0.,-1.));
#3816=DIRECTION('',(-1.,0.,0.));
#3817=DIRECTION('',(1.,0.,0.));
#3818=DIRECTION('',(0.,0.,-1.));
#3819=DIRECTION('',(0.,0.,-1.));
#3820=DIRECTION('',(0.,-1.,0.));
#3821=DIRECTION('',(0.,-1.,0.));
#3822=DIRECTION('',(0.,0.,-1.));
#3823=DIRECTION('',(0.,0.,-1.));
#3824=DIRECTION('',(-1.,0.,0.));
#3825=DIRECTION('',(1.,1.07797279659329E-16,0.));
#3826=DIRECTION('',(-1.07797279659329E-16,1.,0.));
#3827=DIRECTION('',(0.,0.,-1.));
#3828=DIRECTION('',(1.07797279659329E-16,-1.,0.));
#3829=DIRECTION('',(0.,-1.,0.));
#3830=DIRECTION('',(0.,0.,-1.));
#3831=DIRECTION('',(0.,0.,-1.));
#3832=DIRECTION('',(-1.,0.,0.));
#3833=DIRECTION('',(1.,1.21769862318988E-16,0.));
#3834=DIRECTION('',(-1.21769862318988E-16,1.,0.));
#3835=DIRECTION('',(0.,0.,-1.));
#3836=DIRECTION('',(1.21769862318988E-16,-1.,0.));
#3837=DIRECTION('',(0.,-1.,0.));
#3838=DIRECTION('',(0.,0.,-1.));
#3839=DIRECTION('',(0.,0.,-1.));
#3840=DIRECTION('',(-1.,0.,0.));
#3841=DIRECTION('',(1.,0.,0.));
#3842=DIRECTION('',(0.,0.,-1.));
#3843=DIRECTION('',(0.,0.,-1.));
#3844=DIRECTION('',(0.,-1.,0.));
#3845=DIRECTION('',(2.31251743468868E-16,-1.,0.));
#3846=DIRECTION('',(1.,2.31251743468868E-16,0.));
#3847=DIRECTION('',(0.,0.,-1.));
#3848=DIRECTION('',(-1.,-2.31251743468868E-16,0.));
#3849=DIRECTION('',(1.,0.,0.));
#3850=DIRECTION('',(0.,0.,-1.));
#3851=DIRECTION('',(0.,0.,-1.));
#3852=DIRECTION('',(0.,-1.,0.));
#3853=DIRECTION('',(1.66987789228141E-16,-1.,0.));
#3854=DIRECTION('',(1.,1.66987789228141E-16,0.));
#3855=DIRECTION('',(0.,0.,-1.));
#3856=DIRECTION('',(-1.,-1.66987789228141E-16,0.));
#3857=DIRECTION('',(1.,0.,0.));
#3858=DIRECTION('',(0.,0.,-1.));
#3859=DIRECTION('',(0.,0.,-1.));
#3860=DIRECTION('',(0.,-1.,0.));
#3861=DIRECTION('',(0.,-1.,0.));
#3862=DIRECTION('',(0.,0.,-1.));
#3863=DIRECTION('',(0.,0.,-1.));
#3864=DIRECTION('',(-1.,0.,0.));
#3865=DIRECTION('',(-1.,0.,0.));
#3866=DIRECTION('',(0.,0.,1.));
#3867=DIRECTION('',(0.,0.,-1.));
#3868=DIRECTION('',(0.,1.,0.));
#3869=DIRECTION('',(0.,-1.,0.));
#3870=DIRECTION('',(0.,0.,-1.));
#3871=DIRECTION('',(0.,0.,-1.));
#3872=DIRECTION('',(-1.,0.,0.));
#3873=DIRECTION('',(-1.,0.,0.));
#3874=DIRECTION('',(0.,0.,1.));
#3875=DIRECTION('',(0.,0.,-1.));
#3876=DIRECTION('',(0.,1.,0.));
#3877=DIRECTION('',(0.,-1.,0.));
#3878=DIRECTION('',(0.,0.,-1.));
#3879=DIRECTION('',(0.,0.,-1.));
#3880=DIRECTION('',(-1.,0.,0.));
#3881=DIRECTION('',(1.,0.,0.));
#3882=DIRECTION('',(0.,0.,-1.));
#3883=DIRECTION('',(0.,0.,-1.));
#3884=DIRECTION('',(0.,-1.,0.));
#3885=DIRECTION('',(0.,-1.,0.));
#3886=DIRECTION('',(0.,0.,-1.));
#3887=DIRECTION('',(0.,0.,-1.));
#3888=DIRECTION('',(-1.,0.,0.));
#3889=DIRECTION('',(1.,0.,0.));
#3890=DIRECTION('',(0.,0.,-1.));
#3891=DIRECTION('',(0.,0.,-1.));
#3892=DIRECTION('',(0.,-1.,0.));
#3893=DIRECTION('',(0.,1.,0.));
#3894=DIRECTION('',(0.,0.,1.));
#3895=DIRECTION('',(0.,0.,-1.));
#3896=DIRECTION('',(1.,0.,0.));
#3897=DIRECTION('',(1.,0.,0.));
#3898=DIRECTION('',(0.,0.,-1.));
#3899=DIRECTION('',(0.,0.,-1.));
#3900=DIRECTION('',(0.,-1.,0.));
#3901=DIRECTION('',(0.,1.,0.));
#3902=DIRECTION('',(0.,0.,1.));
#3903=DIRECTION('',(0.,0.,-1.));
#3904=DIRECTION('',(1.,0.,0.));
#3905=DIRECTION('',(1.,0.,0.));
#3906=DIRECTION('',(0.,0.,-1.));
#3907=DIRECTION('',(0.,0.,-1.));
#3908=DIRECTION('',(0.,-1.,0.));
#3909=DIRECTION('',(0.,1.,0.));
#3910=DIRECTION('',(0.,0.,1.));
#3911=DIRECTION('',(0.,0.,-1.));
#3912=DIRECTION('',(1.,0.,0.));
#3913=DIRECTION('',(-1.,-5.20111333838943E-16,0.));
#3914=DIRECTION('',(5.20111333838943E-16,-1.,0.));
#3915=DIRECTION('',(0.,0.,-1.));
#3916=DIRECTION('',(5.20111333838943E-16,-1.,0.));
#3917=DIRECTION('',(0.,1.,0.));
#3918=DIRECTION('',(0.,0.,1.));
#3919=DIRECTION('',(0.,0.,-1.));
#3920=DIRECTION('',(-1.,0.,0.));
#3921=DIRECTION('',(-1.,0.,0.));
#3922=DIRECTION('',(0.,0.,1.));
#3923=DIRECTION('',(0.,0.,-1.));
#3924=DIRECTION('',(0.,-1.,0.));
#3925=DIRECTION('',(0.,-1.,0.));
#3926=DIRECTION('',(0.,0.,-1.));
#3927=DIRECTION('',(0.,0.,-1.));
#3928=DIRECTION('',(1.,0.,0.));
#3929=DIRECTION('',(-1.,0.,0.));
#3930=DIRECTION('',(0.,0.,1.));
#3931=DIRECTION('',(0.,0.,-1.));
#3932=DIRECTION('',(0.,-1.,0.));
#3933=DIRECTION('',(0.,-1.,0.));
#3934=DIRECTION('',(0.,0.,-1.));
#3935=DIRECTION('',(0.,0.,-1.));
#3936=DIRECTION('',(1.,0.,0.));
#3937=DIRECTION('',(-1.,0.,0.));
#3938=DIRECTION('',(0.,0.,1.));
#3939=DIRECTION('',(0.,1.,0.));
#3940=DIRECTION('',(0.,0.,-1.));
#3941=DIRECTION('',(-1.,0.,0.));
#3942=CARTESIAN_POINT('',(0.,0.,0.));
#3943=CARTESIAN_POINT('',(0.0118025601841509,0.0181675206305773,0.0127));
#3944=CARTESIAN_POINT('',(0.0188069524862306,0.0181675206305773,0.0127));
#3945=CARTESIAN_POINT('',(0.0188069524862306,0.0181675206305773,0.0127));
#3946=CARTESIAN_POINT('',(0.0188069524862306,0.0181675206305773,0.002));
#3947=CARTESIAN_POINT('',(0.0118025601841509,0.0181675206305773,0.002));
#3948=CARTESIAN_POINT('',(0.00965399700403213,0.0181675206305773,0.002));
#3949=CARTESIAN_POINT('',(0.00965399700403213,0.0181675206305773,0.0127));
#3950=CARTESIAN_POINT('',(0.00965399700403213,0.0181675206305773,0.0127));
#3951=CARTESIAN_POINT('',(0.0118025601841509,0.0181675206305773,0.0127));
#3952=CARTESIAN_POINT('',(0.00965399700403213,0.0129181752407149,0.0127));
#3953=CARTESIAN_POINT('',(0.00965399700403213,0.0129181752407149,0.002));
#3954=CARTESIAN_POINT('',(0.00965399700403213,0.0116688298508525,0.002));
#3955=CARTESIAN_POINT('',(0.00965399700403213,0.0116688298508525,0.0127));
#3956=CARTESIAN_POINT('',(0.00965399700403213,0.0116688298508525,0.0127));
#3957=CARTESIAN_POINT('',(0.00965399700403213,0.0129181752407149,0.0127));
#3958=CARTESIAN_POINT('',(0.00754137286835926,0.0116688298508525,0.0127));
#3959=CARTESIAN_POINT('',(0.00754137286835926,0.0116688298508525,0.002));
#3960=CARTESIAN_POINT('',(0.00142874873268638,0.0116688298508525,0.002));
#3961=CARTESIAN_POINT('',(0.00142874873268638,0.0116688298508525,0.0127));
#3962=CARTESIAN_POINT('',(0.00142874873268638,0.0116688298508525,0.0127));
#3963=CARTESIAN_POINT('',(0.00754137286835926,0.0116688298508525,0.0127));
#3964=CARTESIAN_POINT('',(0.00142874873268638,0.00599938427330926,0.0127));
#3965=CARTESIAN_POINT('',(0.00142874873268638,0.00599938427330926,0.002));
#3966=CARTESIAN_POINT('',(0.00142874873268638,0.00432993869576603,0.002));
#3967=CARTESIAN_POINT('',(0.00142874873268638,0.00432993869576603,0.0127));
#3968=CARTESIAN_POINT('',(0.00142874873268638,0.00432993869576603,0.0127));
#3969=CARTESIAN_POINT('',(0.00142874873268638,0.00599938427330926,0.0127));
#3970=CARTESIAN_POINT('',(-0.000607218515001066,0.00432993869576603,0.0127));
#3971=CARTESIAN_POINT('',(-0.000607218515001066,0.00432993869576603,0.002));
#3972=CARTESIAN_POINT('',(-0.00664318576268852,0.00432993869576603,0.002));
#3973=CARTESIAN_POINT('',(-0.00664318576268852,0.00432993869576603,0.0127));
#3974=CARTESIAN_POINT('',(-0.00664318576268852,0.00432993869576603,0.0127));
#3975=CARTESIAN_POINT('',(-0.000607218515001066,0.00432993869576603,0.0127));
#3976=CARTESIAN_POINT('',(-0.00664318576268852,-0.00163336301920936,0.0127));
#3977=CARTESIAN_POINT('',(-0.00664318576268852,-0.00163336301920936,0.002));
#3978=CARTESIAN_POINT('',(-0.00664318576268852,-0.00359666473418474,0.002));
#3979=CARTESIAN_POINT('',(-0.00664318576268852,-0.00359666473418474,0.0127));
#3980=CARTESIAN_POINT('',(-0.00664318576268852,-0.00359666473418474,0.0127));
#3981=CARTESIAN_POINT('',(-0.00664318576268852,-0.00163336301920936,0.0127));
#3982=CARTESIAN_POINT('',(-0.00855795282404861,-0.00359666473418474,0.0127));
#3983=CARTESIAN_POINT('',(-0.00855795282404861,-0.00359666473418474,0.002));
#3984=CARTESIAN_POINT('',(-0.0144727198854087,-0.00359666473418474,0.002));
#3985=CARTESIAN_POINT('',(-0.0144727198854087,-0.00359666473418474,0.0127));
#3986=CARTESIAN_POINT('',(-0.0144727198854087,-0.00359666473418474,0.0127));
#3987=CARTESIAN_POINT('',(-0.00855795282404861,-0.00359666473418474,0.0127));
#3988=CARTESIAN_POINT('',(-0.0144727198854087,-0.00927624385803938,0.0127));
#3989=CARTESIAN_POINT('',(-0.0144727198854087,-0.00927624385803938,0.002));
#3990=CARTESIAN_POINT('',(-0.0144727198854087,-0.010955822981894,0.002));
#3991=CARTESIAN_POINT('',(-0.0144727198854087,-0.010955822981894,0.0127));
#3992=CARTESIAN_POINT('',(-0.0144727198854087,-0.010955822981894,0.0127));
#3993=CARTESIAN_POINT('',(-0.0144727198854087,-0.00927624385803938,0.0127));
#3994=CARTESIAN_POINT('',(-0.0160348196513949,-0.010955822981894,0.0127));
#3995=CARTESIAN_POINT('',(-0.0160348196513949,-0.010955822981894,0.002));
#3996=CARTESIAN_POINT('',(-0.0215969194173811,-0.010955822981894,0.002));
#3997=CARTESIAN_POINT('',(-0.0215969194173811,-0.010955822981894,0.0127));
#3998=CARTESIAN_POINT('',(-0.0215969194173811,-0.010955822981894,0.0127));
#3999=CARTESIAN_POINT('',(-0.0160348196513949,-0.010955822981894,0.0127));
#4000=CARTESIAN_POINT('',(-0.0215969194173811,-0.0169000173918903,0.0127));
#4001=CARTESIAN_POINT('',(-0.0215969194173811,-0.0169000173918903,0.002));
#4002=CARTESIAN_POINT('',(-0.0215969194173811,-0.0188442118018865,0.002));
#4003=CARTESIAN_POINT('',(-0.0215969194173811,-0.0188442118018865,0.0127));
#4004=CARTESIAN_POINT('',(-0.0215969194173811,-0.0188442118018865,0.0127));
#4005=CARTESIAN_POINT('',(-0.0215969194173811,-0.0169000173918903,0.0127));
#4006=CARTESIAN_POINT('',(-0.023475771769881,-0.0188442118018865,0.0127));
#4007=CARTESIAN_POINT('',(-0.023475771769881,-0.0188442118018865,0.002));
#4008=CARTESIAN_POINT('',(-0.029354624122381,-0.0188442118018865,0.002));
#4009=CARTESIAN_POINT('',(-0.029354624122381,-0.0188442118018865,0.0127));
#4010=CARTESIAN_POINT('',(-0.029354624122381,-0.0188442118018865,0.0127));
#4011=CARTESIAN_POINT('',(-0.023475771769881,-0.0188442118018865,0.0127));
#4012=CARTESIAN_POINT('',(-0.029354624122381,-0.0246218051761389,0.0127));
#4013=CARTESIAN_POINT('',(-0.029354624122381,-0.0246218051761389,0.002));
#4014=CARTESIAN_POINT('',(-0.029354624122381,-0.0263993985503912,0.002));
#4015=CARTESIAN_POINT('',(-0.029354624122381,-0.0263993985503912,0.0127));
#4016=CARTESIAN_POINT('',(-0.029354624122381,-0.0263993985503912,0.0127));
#4017=CARTESIAN_POINT('',(-0.029354624122381,-0.0246218051761389,0.0127));
#4018=CARTESIAN_POINT('',(-0.0313215237110853,-0.0263993985503912,0.0127));
#4019=CARTESIAN_POINT('',(-0.0313215237110853,-0.0263993985503912,0.002));
#4020=CARTESIAN_POINT('',(-0.0372884232997894,-0.0263993985503912,0.002));
#4021=CARTESIAN_POINT('',(-0.0372884232997894,-0.0263993985503912,0.0127));
#4022=CARTESIAN_POINT('',(-0.0372884232997894,-0.0263993985503912,0.0127));
#4023=CARTESIAN_POINT('',(-0.0313215237110853,-0.0263993985503912,0.0127));
#4024=CARTESIAN_POINT('',(-0.0372884232997894,-0.036931018345058,0.0127));
#4025=CARTESIAN_POINT('',(-0.0372884232997894,-0.036931018345058,0.002));
#4026=CARTESIAN_POINT('',(-0.0372884232997894,-0.0474626381397247,0.002));
#4027=CARTESIAN_POINT('',(-0.0372884232997894,-0.0474626381397247,0.0127));
#4028=CARTESIAN_POINT('',(-0.0372884232997894,-0.0474626381397247,0.0127));
#4029=CARTESIAN_POINT('',(-0.0372884232997894,-0.036931018345058,0.0127));
#4030=CARTESIAN_POINT('',(-0.0266036288812757,-0.0474626381397247,0.0127));
#4031=CARTESIAN_POINT('',(-0.0266036288812757,-0.0474626381397247,0.002));
#4032=CARTESIAN_POINT('',(-0.015918834462762,-0.0474626381397247,0.002));
#4033=CARTESIAN_POINT('',(-0.015918834462762,-0.0474626381397247,0.0127));
#4034=CARTESIAN_POINT('',(-0.015918834462762,-0.0474626381397247,0.0127));
#4035=CARTESIAN_POINT('',(-0.0266036288812757,-0.0474626381397247,0.0127));
#4036=CARTESIAN_POINT('',(-0.015918834462762,-0.04151052236557,0.0127));
#4037=CARTESIAN_POINT('',(-0.015918834462762,-0.04151052236557,0.002));
#4038=CARTESIAN_POINT('',(-0.015918834462762,-0.0395584065914152,0.002));
#4039=CARTESIAN_POINT('',(-0.015918834462762,-0.0395584065914152,0.0127));
#4040=CARTESIAN_POINT('',(-0.015918834462762,-0.0395584065914152,0.0127));
#4041=CARTESIAN_POINT('',(-0.015918834462762,-0.04151052236557,0.0127));
#4042=CARTESIAN_POINT('',(-0.0141477286815645,-0.0395584065914152,0.0127));
#4043=CARTESIAN_POINT('',(-0.0141477286815645,-0.0395584065914152,0.002));
#4044=CARTESIAN_POINT('',(-0.00837662290036691,-0.0395584065914152,0.002));
#4045=CARTESIAN_POINT('',(-0.00837662290036691,-0.0395584065914152,0.0127));
#4046=CARTESIAN_POINT('',(-0.00837662290036691,-0.0395584065914152,0.0127));
#4047=CARTESIAN_POINT('',(-0.0141477286815645,-0.0395584065914152,0.0127));
#4048=CARTESIAN_POINT('',(-0.00837662290036691,-0.0337887350469827,0.0127));
#4049=CARTESIAN_POINT('',(-0.00837662290036691,-0.0337887350469827,0.002));
#4050=CARTESIAN_POINT('',(-0.00837662290036691,-0.0320190635025501,0.002));
#4051=CARTESIAN_POINT('',(-0.00837662290036691,-0.0320190635025501,0.0127));
#4052=CARTESIAN_POINT('',(-0.00837662290036691,-0.0320190635025501,0.0127));
#4053=CARTESIAN_POINT('',(-0.00837662290036691,-0.0337887350469827,0.0127));
#4054=CARTESIAN_POINT('',(-0.00662175286561263,-0.0320190635025501,0.0127));
#4055=CARTESIAN_POINT('',(-0.00662175286561263,-0.0320190635025501,0.002));
#4056=CARTESIAN_POINT('',(-0.000866882830858353,-0.0320190635025501,0.002));
#4057=CARTESIAN_POINT('',(-0.000866882830858353,-0.0320190635025501,0.0127));
#4058=CARTESIAN_POINT('',(-0.000866882830858353,-0.0320190635025501,0.0127));
#4059=CARTESIAN_POINT('',(-0.00662175286561263,-0.0320190635025501,0.0127));
#4060=CARTESIAN_POINT('',(-0.000866882830858353,-0.0259959483519196,0.0127));
#4061=CARTESIAN_POINT('',(-0.000866882830858353,-0.0259959483519196,0.002));
#4062=CARTESIAN_POINT('',(-0.000866882830858354,-0.0239728332012891,0.002));
#4063=CARTESIAN_POINT('',(-0.000866882830858354,-0.0239728332012891,0.0127));
#4064=CARTESIAN_POINT('',(-0.000866882830858354,-0.0239728332012891,0.0127));
#4065=CARTESIAN_POINT('',(-0.000866882830858353,-0.0259959483519196,0.0127));
#4066=CARTESIAN_POINT('',(0.00105519080534565,-0.0239728332012891,0.0127));
#4067=CARTESIAN_POINT('',(0.00105519080534565,-0.0239728332012891,0.002));
#4068=CARTESIAN_POINT('',(0.00697726444154966,-0.0239728332012891,0.002));
#4069=CARTESIAN_POINT('',(0.00697726444154966,-0.0239728332012891,0.0127));
#4070=CARTESIAN_POINT('',(0.00697726444154966,-0.0239728332012891,0.0127));
#4071=CARTESIAN_POINT('',(0.00105519080534565,-0.0239728332012891,0.0127));
#4072=CARTESIAN_POINT('',(0.00697726444154966,-0.0184113536961375,0.0127));
#4073=CARTESIAN_POINT('',(0.00697726444154966,-0.0184113536961375,0.002));
#4074=CARTESIAN_POINT('',(0.00697726444154966,-0.016849874190986,0.002));
#4075=CARTESIAN_POINT('',(0.00697726444154966,-0.016849874190986,0.0127));
#4076=CARTESIAN_POINT('',(0.00697726444154966,-0.016849874190986,0.0127));
#4077=CARTESIAN_POINT('',(0.00697726444154966,-0.0184113536961375,0.0127));
#4078=CARTESIAN_POINT('',(0.00882413052022445,-0.016849874190986,0.0127));
#4079=CARTESIAN_POINT('',(0.00882413052022445,-0.016849874190986,0.002));
#4080=CARTESIAN_POINT('',(0.0146709965988992,-0.016849874190986,0.002));
#4081=CARTESIAN_POINT('',(0.0146709965988992,-0.016849874190986,0.0127));
#4082=CARTESIAN_POINT('',(0.0146709965988992,-0.016849874190986,0.0127));
#4083=CARTESIAN_POINT('',(0.00882413052022445,-0.016849874190986,0.0127));
#4084=CARTESIAN_POINT('',(0.0146709965988992,-0.0109173916280268,0.0127));
#4085=CARTESIAN_POINT('',(0.0146709965988992,-0.0109173916280268,0.002));
#4086=CARTESIAN_POINT('',(0.0146709965988992,-0.00898490906506759,0.002));
#4087=CARTESIAN_POINT('',(0.0146709965988992,-0.00898490906506759,0.0127));
#4088=CARTESIAN_POINT('',(0.0146709965988992,-0.00898490906506759,0.0127));
#4089=CARTESIAN_POINT('',(0.0146709965988992,-0.0109173916280268,0.0127));
#4090=CARTESIAN_POINT('',(0.0164217217825352,-0.00898490906506759,0.0127));
#4091=CARTESIAN_POINT('',(0.0164217217825352,-0.00898490906506759,0.002));
#4092=CARTESIAN_POINT('',(0.0221724469661711,-0.00898490906506758,0.002));
#4093=CARTESIAN_POINT('',(0.0221724469661711,-0.00898490906506758,0.0127));
#4094=CARTESIAN_POINT('',(0.0221724469661711,-0.00898490906506758,0.0127));
#4095=CARTESIAN_POINT('',(0.0164217217825352,-0.00898490906506759,0.0127));
#4096=CARTESIAN_POINT('',(0.0221724469661711,-0.00293436850188281,0.0127));
#4097=CARTESIAN_POINT('',(0.0221724469661711,-0.00293436850188281,0.002));
#4098=CARTESIAN_POINT('',(0.0221724469661711,-0.000883827938698049,0.002));
#4099=CARTESIAN_POINT('',(0.0221724469661711,-0.000883827938698049,0.0127));
#4100=CARTESIAN_POINT('',(0.0221724469661711,-0.000883827938698049,0.0127));
#4101=CARTESIAN_POINT('',(0.0221724469661711,-0.00293436850188281,0.0127));
#4102=CARTESIAN_POINT('',(0.0234187986230706,-0.000883827938698049,0.0127));
#4103=CARTESIAN_POINT('',(0.0234187986230706,-0.000883827938698049,0.002));
#4104=CARTESIAN_POINT('',(0.0286651502799701,-0.000883827938698048,0.002));
#4105=CARTESIAN_POINT('',(0.0286651502799701,-0.000883827938698048,0.0127));
#4106=CARTESIAN_POINT('',(0.0286651502799701,-0.000883827938698048,0.0127));
#4107=CARTESIAN_POINT('',(0.0234187986230706,-0.000883827938698049,0.0127));
#4108=CARTESIAN_POINT('',(0.0286651502799701,0.00581739002192419,0.0127));
#4109=CARTESIAN_POINT('',(0.0286651502799701,0.00581739002192419,0.002));
#4110=CARTESIAN_POINT('',(0.0286651502799701,0.00851860798254642,0.002));
#4111=CARTESIAN_POINT('',(0.0286651502799701,0.00851860798254642,0.0127));
#4112=CARTESIAN_POINT('',(0.0286651502799701,0.00851860798254642,0.0127));
#4113=CARTESIAN_POINT('',(0.0286651502799701,0.00581739002192419,0.0127));
#4114=CARTESIAN_POINT('',(0.0318578169558551,0.00851860798254642,0.0127));
#4115=CARTESIAN_POINT('',(0.0318578169558551,0.00851860798254642,0.002));
#4116=CARTESIAN_POINT('',(0.03505048363174,0.00851860798254642,0.002));
#4117=CARTESIAN_POINT('',(0.03505048363174,0.00851860798254642,0.0127));
#4118=CARTESIAN_POINT('',(0.03505048363174,0.00851860798254642,0.0127));
#4119=CARTESIAN_POINT('',(0.0318578169558551,0.00851860798254642,0.0127));
#4120=CARTESIAN_POINT('',(0.03505048363174,-0.00549600677512564,0.0127));
#4121=CARTESIAN_POINT('',(0.03505048363174,-0.00549600677512564,0.002));
#4122=CARTESIAN_POINT('',(0.03505048363174,-0.0235106215327977,0.002));
#4123=CARTESIAN_POINT('',(0.03505048363174,-0.0235106215327977,0.0127));
#4124=CARTESIAN_POINT('',(0.03505048363174,-0.0235106215327977,0.0127));
#4125=CARTESIAN_POINT('',(0.03505048363174,-0.00549600677512564,0.0127));
#4126=CARTESIAN_POINT('',(0.0407104714560192,-0.0235106215327977,0.0127));
#4127=CARTESIAN_POINT('',(0.0407104714560192,-0.0235106215327977,0.002));
#4128=CARTESIAN_POINT('',(0.0423704592802984,-0.0235106215327977,0.002));
#4129=CARTESIAN_POINT('',(0.0423704592802984,-0.0235106215327977,0.0127));
#4130=CARTESIAN_POINT('',(0.0423704592802984,-0.0235106215327977,0.0127));
#4131=CARTESIAN_POINT('',(0.0407104714560192,-0.0235106215327977,0.0127));
#4132=CARTESIAN_POINT('',(0.0423704592802984,-0.0245418022761856,0.0127));
#4133=CARTESIAN_POINT('',(0.0423704592802984,-0.0245418022761856,0.002));
#4134=CARTESIAN_POINT('',(0.0423704592802984,-0.0295729830195734,0.002));
#4135=CARTESIAN_POINT('',(0.0423704592802984,-0.0295729830195734,0.0127));
#4136=CARTESIAN_POINT('',(0.0423704592802984,-0.0295729830195734,0.0127));
#4137=CARTESIAN_POINT('',(0.0423704592802984,-0.0245418022761856,0.0127));
#4138=CARTESIAN_POINT('',(0.0467445827362615,-0.0295729830195734,0.0127));
#4139=CARTESIAN_POINT('',(0.0467445827362615,-0.0295729830195734,0.002));
#4140=CARTESIAN_POINT('',(0.0511187061922246,-0.0295729830195734,0.002));
#4141=CARTESIAN_POINT('',(0.0511187061922246,-0.0295729830195734,0.0127));
#4142=CARTESIAN_POINT('',(0.0511187061922246,-0.0295729830195734,0.0127));
#4143=CARTESIAN_POINT('',(0.0467445827362615,-0.0295729830195734,0.0127));
#4144=CARTESIAN_POINT('',(0.0511187061922246,-0.0245704944620643,0.0127));
#4145=CARTESIAN_POINT('',(0.0511187061922246,-0.0245704944620643,0.002));
#4146=CARTESIAN_POINT('',(0.0511187061922246,-0.0235680059045552,0.002));
#4147=CARTESIAN_POINT('',(0.0511187061922246,-0.0235680059045552,0.0127));
#4148=CARTESIAN_POINT('',(0.0511187061922246,-0.0235680059045552,0.0127));
#4149=CARTESIAN_POINT('',(0.0511187061922246,-0.0245704944620643,0.0127));
#4150=CARTESIAN_POINT('',(0.0506967295151182,-0.0235680059045552,0.0127));
#4151=CARTESIAN_POINT('',(0.0506967295151182,-0.0235680059045552,0.002));
#4152=CARTESIAN_POINT('',(0.0542747528380117,-0.0235680059045552,0.002));
#4153=CARTESIAN_POINT('',(0.0542747528380117,-0.0235680059045552,0.0127));
#4154=CARTESIAN_POINT('',(0.0542747528380117,-0.0235680059045552,0.0127));
#4155=CARTESIAN_POINT('',(0.0506967295151182,-0.0235680059045552,0.0127));
#4156=CARTESIAN_POINT('',(0.0542747528380117,-0.00229820422828191,0.0127));
#4157=CARTESIAN_POINT('',(0.0542747528380117,-0.00229820422828191,0.002));
#4158=CARTESIAN_POINT('',(0.0542747528380117,0.0189715974479914,0.002));
#4159=CARTESIAN_POINT('',(0.0542747528380117,0.0189715974479914,0.0127));
#4160=CARTESIAN_POINT('',(0.0542747528380117,0.0189715974479914,0.0127));
#4161=CARTESIAN_POINT('',(0.0542747528380117,-0.00229820422828191,0.0127));
#4162=CARTESIAN_POINT('',(0.0495673786848497,0.0189715974479914,0.0127));
#4163=CARTESIAN_POINT('',(0.0495673786848497,0.0189715974479914,0.002));
#4164=CARTESIAN_POINT('',(0.0488600045316876,0.0189715974479914,0.002));
#4165=CARTESIAN_POINT('',(0.0488600045316876,0.0189715974479914,0.0127));
#4166=CARTESIAN_POINT('',(0.0488600045316876,0.0189715974479914,0.0127));
#4167=CARTESIAN_POINT('',(0.0495673786848497,0.0189715974479914,0.0127));
#4168=CARTESIAN_POINT('',(0.0488600045316876,0.0263236029434064,0.0127));
#4169=CARTESIAN_POINT('',(0.0488600045316876,0.0263236029434064,0.002));
#4170=CARTESIAN_POINT('',(0.0488600045316876,0.0376756084388215,0.002));
#4171=CARTESIAN_POINT('',(0.0488600045316876,0.0376756084388215,0.0127));
#4172=CARTESIAN_POINT('',(0.0488600045316876,0.0376756084388215,0.0127));
#4173=CARTESIAN_POINT('',(0.0488600045316876,0.0263236029434064,0.0127));
#4174=CARTESIAN_POINT('',(0.0371589552324743,0.0376756084388215,0.0127));
#4175=CARTESIAN_POINT('',(0.0371589552324743,0.0376756084388215,0.002));
#4176=CARTESIAN_POINT('',(0.0294579059332609,0.0376756084388215,0.002));
#4177=CARTESIAN_POINT('',(0.0294579059332609,0.0376756084388215,0.0127));
#4178=CARTESIAN_POINT('',(0.0294579059332609,0.0376756084388215,0.0127));
#4179=CARTESIAN_POINT('',(0.0371589552324743,0.0376756084388215,0.0127));
#4180=CARTESIAN_POINT('',(0.0294579059332609,0.0387316409595021,0.0127));
#4181=CARTESIAN_POINT('',(0.0294579059332609,0.0387316409595021,0.002));
#4182=CARTESIAN_POINT('',(0.0294579059332609,0.0437876734801826,0.002));
#4183=CARTESIAN_POINT('',(0.0294579059332609,0.0437876734801826,0.0127));
#4184=CARTESIAN_POINT('',(0.0294579059332609,0.0437876734801826,0.0127));
#4185=CARTESIAN_POINT('',(0.0294579059332609,0.0387316409595021,0.0127));
#4186=CARTESIAN_POINT('',(0.00820313068106771,0.0437876734801826,0.0127));
#4187=CARTESIAN_POINT('',(0.00820313068106771,0.0437876734801826,0.002));
#4188=CARTESIAN_POINT('',(-0.0130516445711255,0.0437876734801826,0.002));
#4189=CARTESIAN_POINT('',(-0.0130516445711255,0.0437876734801826,0.0127));
#4190=CARTESIAN_POINT('',(-0.0130516445711255,0.0437876734801826,0.0127));
#4191=CARTESIAN_POINT('',(0.00820313068106771,0.0437876734801826,0.0127));
#4192=CARTESIAN_POINT('',(-0.0130516445711255,0.0401200271868662,0.0127));
#4193=CARTESIAN_POINT('',(-0.0130516445711255,0.0401200271868662,0.002));
#4194=CARTESIAN_POINT('',(-0.0130516445711255,0.0404523808935497,0.002));
#4195=CARTESIAN_POINT('',(-0.0130516445711255,0.0404523808935497,0.0127));
#4196=CARTESIAN_POINT('',(-0.0130516445711255,0.0404523808935497,0.0127));
#4197=CARTESIAN_POINT('',(-0.0130516445711255,0.0401200271868662,0.0127));
#4198=CARTESIAN_POINT('',(-0.0141010319503565,0.0404523808935497,0.0127));
#4199=CARTESIAN_POINT('',(-0.0141010319503565,0.0404523808935497,0.002));
#4200=CARTESIAN_POINT('',(-0.0191504193295875,0.0404523808935497,0.002));
#4201=CARTESIAN_POINT('',(-0.0191504193295875,0.0404523808935497,0.0127));
#4202=CARTESIAN_POINT('',(-0.0191504193295875,0.0404523808935497,0.0127));
#4203=CARTESIAN_POINT('',(-0.0141010319503565,0.0404523808935497,0.0127));
#4204=CARTESIAN_POINT('',(-0.0191504193295875,0.0360919624092511,0.0127));
#4205=CARTESIAN_POINT('',(-0.0191504193295875,0.0360919624092511,0.002));
#4206=CARTESIAN_POINT('',(-0.0191504193295875,0.0317315439249524,0.002));
#4207=CARTESIAN_POINT('',(-0.0191504193295875,0.0317315439249524,0.0127));
#4208=CARTESIAN_POINT('',(-0.0191504193295875,0.0317315439249524,0.0127));
#4209=CARTESIAN_POINT('',(-0.0191504193295875,0.0360919624092511,0.0127));
#4210=CARTESIAN_POINT('',(-0.0141010319503565,0.0317315439249524,0.0127));
#4211=CARTESIAN_POINT('',(-0.0141010319503565,0.0317315439249524,0.002));
#4212=CARTESIAN_POINT('',(-0.0130516445711255,0.0317315439249524,0.002));
#4213=CARTESIAN_POINT('',(-0.0130516445711255,0.0317315439249524,0.0127));
#4214=CARTESIAN_POINT('',(-0.0130516445711255,0.0317315439249524,0.0127));
#4215=CARTESIAN_POINT('',(-0.0141010319503565,0.0317315439249524,0.0127));
#4216=CARTESIAN_POINT('',(-0.0130516445711255,0.0300756677527372,0.0127));
#4217=CARTESIAN_POINT('',(-0.0130516445711255,0.0300756677527372,0.002));
#4218=CARTESIAN_POINT('',(-0.0130516445711255,0.0244197915805219,0.002));
#4219=CARTESIAN_POINT('',(-0.0130516445711255,0.0244197915805219,0.0127));
#4220=CARTESIAN_POINT('',(-0.0130516445711255,0.0244197915805219,0.0127));
#4221=CARTESIAN_POINT('',(-0.0130516445711255,0.0300756677527372,0.0127));
#4222=CARTESIAN_POINT('',(0.00487765395755254,0.0244197915805219,0.0127));
#4223=CARTESIAN_POINT('',(0.00487765395755254,0.0244197915805219,0.002));
#4224=CARTESIAN_POINT('',(0.0188069524862306,0.0244197915805219,0.002));
#4225=CARTESIAN_POINT('',(0.0188069524862306,0.0244197915805219,0.0127));
#4226=CARTESIAN_POINT('',(0.0188069524862306,0.0244197915805219,0.0127));
#4227=CARTESIAN_POINT('',(0.00487765395755254,0.0244197915805219,0.0127));
#4228=CARTESIAN_POINT('',(0.0188069524862306,0.0212936561055496,0.0127));
#4229=CARTESIAN_POINT('',(0.0188069524862306,0.0212936561055496,0.002));
#4230=CARTESIAN_POINT('',(0.0188069524862306,0.0212936561055496,0.0127));
#4231=CARTESIAN_POINT('',(0.0118025601841509,0.0161675206305773,0.0127));
#4232=CARTESIAN_POINT('',(0.0118025601841509,0.0161675206305773,0.));
#4233=CARTESIAN_POINT('',(0.0116539970040321,0.0161675206305773,0.));
#4234=CARTESIAN_POINT('',(0.0208069524862306,0.0161675206305773,0.));
#4235=CARTESIAN_POINT('',(0.0208069524862306,0.0161675206305773,0.0127));
#4236=CARTESIAN_POINT('',(0.0208069524862306,0.0161675206305773,0.0127));
#4237=CARTESIAN_POINT('',(0.0118025601841509,0.0161675206305773,0.0127));
#4238=CARTESIAN_POINT('',(0.0116539970040321,0.0161675206305773,0.0127));
#4239=CARTESIAN_POINT('',(0.0116539970040321,0.0161675206305773,0.0127));
#4240=CARTESIAN_POINT('',(0.0208069524862306,0.0212936561055496,0.0127));
#4241=CARTESIAN_POINT('',(0.0208069524862306,0.0212936561055496,0.));
#4242=CARTESIAN_POINT('',(0.0208069524862306,0.0264197915805219,0.));
#4243=CARTESIAN_POINT('',(0.0208069524862306,0.0264197915805219,0.0127));
#4244=CARTESIAN_POINT('',(0.0208069524862306,0.0264197915805219,0.0127));
#4245=CARTESIAN_POINT('',(0.0208069524862306,0.0212936561055496,0.0127));
#4246=CARTESIAN_POINT('',(0.00487765395755254,0.0264197915805219,0.0127));
#4247=CARTESIAN_POINT('',(0.00487765395755254,0.0264197915805219,0.));
#4248=CARTESIAN_POINT('',(-0.0110516445711255,0.0264197915805219,0.));
#4249=CARTESIAN_POINT('',(-0.0110516445711255,0.0264197915805219,0.0127));
#4250=CARTESIAN_POINT('',(-0.0110516445711255,0.0264197915805219,0.0127));
#4251=CARTESIAN_POINT('',(0.00487765395755254,0.0264197915805219,0.0127));
#4252=CARTESIAN_POINT('',(-0.0110516445711255,0.0300756677527372,0.0127));
#4253=CARTESIAN_POINT('',(-0.0110516445711255,0.0300756677527372,0.));
#4254=CARTESIAN_POINT('',(-0.0110516445711255,0.0337315439249525,0.));
#4255=CARTESIAN_POINT('',(-0.0110516445711255,0.0337315439249525,0.0127));
#4256=CARTESIAN_POINT('',(-0.0110516445711255,0.0337315439249525,0.0127));
#4257=CARTESIAN_POINT('',(-0.0110516445711255,0.0300756677527372,0.0127));
#4258=CARTESIAN_POINT('',(-0.0141010319503565,0.0337315439249525,0.0127));
#4259=CARTESIAN_POINT('',(-0.0141010319503565,0.0337315439249525,0.));
#4260=CARTESIAN_POINT('',(-0.0171504193295875,0.0337315439249525,0.));
#4261=CARTESIAN_POINT('',(-0.0171504193295875,0.0337315439249525,0.0127));
#4262=CARTESIAN_POINT('',(-0.0171504193295875,0.0337315439249525,0.0127));
#4263=CARTESIAN_POINT('',(-0.0141010319503565,0.0337315439249525,0.0127));
#4264=CARTESIAN_POINT('',(-0.0171504193295875,0.0360919624092511,0.0127));
#4265=CARTESIAN_POINT('',(-0.0171504193295875,0.0360919624092511,0.));
#4266=CARTESIAN_POINT('',(-0.0171504193295875,0.0384523808935497,0.));
#4267=CARTESIAN_POINT('',(-0.0171504193295875,0.0384523808935497,0.0127));
#4268=CARTESIAN_POINT('',(-0.0171504193295875,0.0384523808935497,0.0127));
#4269=CARTESIAN_POINT('',(-0.0171504193295875,0.0360919624092511,0.0127));
#4270=CARTESIAN_POINT('',(-0.0141010319503565,0.0384523808935497,0.0127));
#4271=CARTESIAN_POINT('',(-0.0141010319503565,0.0384523808935497,0.));
#4272=CARTESIAN_POINT('',(-0.0110516445711255,0.0384523808935497,0.));
#4273=CARTESIAN_POINT('',(-0.0110516445711255,0.0384523808935497,0.0127));
#4274=CARTESIAN_POINT('',(-0.0110516445711255,0.0384523808935497,0.0127));
#4275=CARTESIAN_POINT('',(-0.0141010319503565,0.0384523808935497,0.0127));
#4276=CARTESIAN_POINT('',(-0.0110516445711255,0.0401200271868662,0.0127));
#4277=CARTESIAN_POINT('',(-0.0110516445711255,0.0401200271868662,0.));
#4278=CARTESIAN_POINT('',(-0.0110516445711255,0.0417876734801827,0.));
#4279=CARTESIAN_POINT('',(-0.0110516445711255,0.0417876734801827,0.0127));
#4280=CARTESIAN_POINT('',(-0.0110516445711255,0.0417876734801827,0.0127));
#4281=CARTESIAN_POINT('',(-0.0110516445711255,0.0401200271868662,0.0127));
#4282=CARTESIAN_POINT('',(0.00820313068106771,0.0417876734801827,0.0127));
#4283=CARTESIAN_POINT('',(0.00820313068106771,0.0417876734801827,0.));
#4284=CARTESIAN_POINT('',(0.0274579059332609,0.0417876734801827,0.));
#4285=CARTESIAN_POINT('',(0.0274579059332609,0.0417876734801827,0.0127));
#4286=CARTESIAN_POINT('',(0.0274579059332609,0.0417876734801827,0.0127));
#4287=CARTESIAN_POINT('',(0.00820313068106771,0.0417876734801827,0.0127));
#4288=CARTESIAN_POINT('',(0.0274579059332609,0.0387316409595021,0.0127));
#4289=CARTESIAN_POINT('',(0.0274579059332609,0.0387316409595021,0.));
#4290=CARTESIAN_POINT('',(0.0274579059332609,0.0356756084388215,0.));
#4291=CARTESIAN_POINT('',(0.0274579059332609,0.0356756084388215,0.0127));
#4292=CARTESIAN_POINT('',(0.0274579059332609,0.0356756084388215,0.0127));
#4293=CARTESIAN_POINT('',(0.0274579059332609,0.0387316409595021,0.0127));
#4294=CARTESIAN_POINT('',(0.0371589552324743,0.0356756084388215,0.0127));
#4295=CARTESIAN_POINT('',(0.0371589552324743,0.0356756084388215,0.));
#4296=CARTESIAN_POINT('',(0.0468600045316876,0.0356756084388215,0.));
#4297=CARTESIAN_POINT('',(0.0468600045316876,0.0356756084388215,0.0127));
#4298=CARTESIAN_POINT('',(0.0468600045316876,0.0356756084388215,0.0127));
#4299=CARTESIAN_POINT('',(0.0371589552324743,0.0356756084388215,0.0127));
#4300=CARTESIAN_POINT('',(0.0468600045316876,0.0263236029434064,0.0127));
#4301=CARTESIAN_POINT('',(0.0468600045316876,0.0263236029434064,0.));
#4302=CARTESIAN_POINT('',(0.0468600045316876,0.0169715974479914,0.));
#4303=CARTESIAN_POINT('',(0.0468600045316876,0.0169715974479914,0.0127));
#4304=CARTESIAN_POINT('',(0.0468600045316876,0.0169715974479914,0.0127));
#4305=CARTESIAN_POINT('',(0.0468600045316876,0.0263236029434064,0.0127));
#4306=CARTESIAN_POINT('',(0.0495673786848497,0.0169715974479914,0.0127));
#4307=CARTESIAN_POINT('',(0.0495673786848497,0.0169715974479914,0.));
#4308=CARTESIAN_POINT('',(0.0522747528380117,0.0169715974479914,0.));
#4309=CARTESIAN_POINT('',(0.0522747528380117,0.0169715974479914,0.0127));
#4310=CARTESIAN_POINT('',(0.0522747528380117,0.0169715974479914,0.0127));
#4311=CARTESIAN_POINT('',(0.0495673786848497,0.0169715974479914,0.0127));
#4312=CARTESIAN_POINT('',(0.0522747528380117,-0.00229820422828191,0.0127));
#4313=CARTESIAN_POINT('',(0.0522747528380117,-0.00229820422828191,0.));
#4314=CARTESIAN_POINT('',(0.0522747528380117,-0.0215680059045552,0.));
#4315=CARTESIAN_POINT('',(0.0522747528380117,-0.0215680059045552,0.0127));
#4316=CARTESIAN_POINT('',(0.0522747528380117,-0.0215680059045552,0.0127));
#4317=CARTESIAN_POINT('',(0.0522747528380117,-0.00229820422828191,0.0127));
#4318=CARTESIAN_POINT('',(0.0506967295151182,-0.0215680059045552,0.0127));
#4319=CARTESIAN_POINT('',(0.0506967295151182,-0.0215680059045552,0.));
#4320=CARTESIAN_POINT('',(0.0491187061922246,-0.0215680059045552,0.));
#4321=CARTESIAN_POINT('',(0.0491187061922246,-0.0215680059045552,0.0127));
#4322=CARTESIAN_POINT('',(0.0491187061922246,-0.0215680059045552,0.0127));
#4323=CARTESIAN_POINT('',(0.0506967295151182,-0.0215680059045552,0.0127));
#4324=CARTESIAN_POINT('',(0.0491187061922246,-0.0245704944620643,0.0127));
#4325=CARTESIAN_POINT('',(0.0491187061922246,-0.0245704944620643,0.));
#4326=CARTESIAN_POINT('',(0.0491187061922246,-0.0275729830195734,0.));
#4327=CARTESIAN_POINT('',(0.0491187061922246,-0.0275729830195734,0.0127));
#4328=CARTESIAN_POINT('',(0.0491187061922246,-0.0275729830195734,0.0127));
#4329=CARTESIAN_POINT('',(0.0491187061922246,-0.0245704944620643,0.0127));
#4330=CARTESIAN_POINT('',(0.0467445827362615,-0.0275729830195734,0.0127));
#4331=CARTESIAN_POINT('',(0.0467445827362615,-0.0275729830195734,0.));
#4332=CARTESIAN_POINT('',(0.0443704592802984,-0.0275729830195734,0.));
#4333=CARTESIAN_POINT('',(0.0443704592802984,-0.0275729830195734,0.0127));
#4334=CARTESIAN_POINT('',(0.0443704592802984,-0.0275729830195734,0.0127));
#4335=CARTESIAN_POINT('',(0.0467445827362615,-0.0275729830195734,0.0127));
#4336=CARTESIAN_POINT('',(0.0443704592802984,-0.0245418022761856,0.0127));
#4337=CARTESIAN_POINT('',(0.0443704592802984,-0.0245418022761856,0.));
#4338=CARTESIAN_POINT('',(0.0443704592802984,-0.0215106215327977,0.));
#4339=CARTESIAN_POINT('',(0.0443704592802984,-0.0215106215327977,0.0127));
#4340=CARTESIAN_POINT('',(0.0443704592802984,-0.0215106215327977,0.0127));
#4341=CARTESIAN_POINT('',(0.0443704592802984,-0.0245418022761856,0.0127));
#4342=CARTESIAN_POINT('',(0.0407104714560192,-0.0215106215327977,0.0127));
#4343=CARTESIAN_POINT('',(0.0407104714560192,-0.0215106215327977,0.));
#4344=CARTESIAN_POINT('',(0.0370504836317401,-0.0215106215327977,0.));
#4345=CARTESIAN_POINT('',(0.0370504836317401,-0.0215106215327977,0.0127));
#4346=CARTESIAN_POINT('',(0.0370504836317401,-0.0215106215327977,0.0127));
#4347=CARTESIAN_POINT('',(0.0407104714560192,-0.0215106215327977,0.0127));
#4348=CARTESIAN_POINT('',(0.0370504836317401,-0.00549600677512564,0.0127));
#4349=CARTESIAN_POINT('',(0.0370504836317401,-0.00549600677512564,0.));
#4350=CARTESIAN_POINT('',(0.0370504836317401,0.0105186079825464,0.));
#4351=CARTESIAN_POINT('',(0.0370504836317401,0.0105186079825464,0.0127));
#4352=CARTESIAN_POINT('',(0.0370504836317401,0.0105186079825464,0.0127));
#4353=CARTESIAN_POINT('',(0.0370504836317401,-0.00549600677512564,0.0127));
#4354=CARTESIAN_POINT('',(0.0318578169558551,0.0105186079825464,0.0127));
#4355=CARTESIAN_POINT('',(0.0318578169558551,0.0105186079825464,0.));
#4356=CARTESIAN_POINT('',(0.0266651502799701,0.0105186079825464,0.));
#4357=CARTESIAN_POINT('',(0.0266651502799701,0.0105186079825464,0.0127));
#4358=CARTESIAN_POINT('',(0.0266651502799701,0.0105186079825464,0.0127));
#4359=CARTESIAN_POINT('',(0.0318578169558551,0.0105186079825464,0.0127));
#4360=CARTESIAN_POINT('',(0.0266651502799701,0.00581739002192419,0.0127));
#4361=CARTESIAN_POINT('',(0.0266651502799701,0.00581739002192419,0.));
#4362=CARTESIAN_POINT('',(0.0266651502799701,0.00111617206130195,0.));
#4363=CARTESIAN_POINT('',(0.0266651502799701,0.00111617206130195,0.0127));
#4364=CARTESIAN_POINT('',(0.0266651502799701,0.00111617206130195,0.0127));
#4365=CARTESIAN_POINT('',(0.0266651502799701,0.00581739002192419,0.0127));
#4366=CARTESIAN_POINT('',(0.0234187986230706,0.00111617206130195,0.0127));
#4367=CARTESIAN_POINT('',(0.0234187986230706,0.00111617206130195,0.));
#4368=CARTESIAN_POINT('',(0.0201724469661712,0.00111617206130195,0.));
#4369=CARTESIAN_POINT('',(0.0201724469661712,0.00111617206130195,0.0127));
#4370=CARTESIAN_POINT('',(0.0201724469661712,0.00111617206130195,0.0127));
#4371=CARTESIAN_POINT('',(0.0234187986230706,0.00111617206130195,0.0127));
#4372=CARTESIAN_POINT('',(0.0201724469661712,-0.00293436850188281,0.0127));
#4373=CARTESIAN_POINT('',(0.0201724469661712,-0.00293436850188281,0.));
#4374=CARTESIAN_POINT('',(0.0201724469661712,-0.00698490906506758,0.));
#4375=CARTESIAN_POINT('',(0.0201724469661712,-0.00698490906506758,0.0127));
#4376=CARTESIAN_POINT('',(0.0201724469661712,-0.00698490906506758,0.0127));
#4377=CARTESIAN_POINT('',(0.0201724469661712,-0.00293436850188281,0.0127));
#4378=CARTESIAN_POINT('',(0.0164217217825352,-0.00698490906506759,0.0127));
#4379=CARTESIAN_POINT('',(0.0164217217825352,-0.00698490906506759,0.));
#4380=CARTESIAN_POINT('',(0.0126709965988992,-0.00698490906506759,0.));
#4381=CARTESIAN_POINT('',(0.0126709965988992,-0.00698490906506759,0.0127));
#4382=CARTESIAN_POINT('',(0.0126709965988992,-0.00698490906506759,0.0127));
#4383=CARTESIAN_POINT('',(0.0164217217825352,-0.00698490906506759,0.0127));
#4384=CARTESIAN_POINT('',(0.0126709965988992,-0.0109173916280268,0.0127));
#4385=CARTESIAN_POINT('',(0.0126709965988992,-0.0109173916280268,0.));
#4386=CARTESIAN_POINT('',(0.0126709965988992,-0.014849874190986,0.));
#4387=CARTESIAN_POINT('',(0.0126709965988992,-0.014849874190986,0.0127));
#4388=CARTESIAN_POINT('',(0.0126709965988992,-0.014849874190986,0.0127));
#4389=CARTESIAN_POINT('',(0.0126709965988992,-0.0109173916280268,0.0127));
#4390=CARTESIAN_POINT('',(0.00882413052022445,-0.014849874190986,0.0127));
#4391=CARTESIAN_POINT('',(0.00882413052022445,-0.014849874190986,0.));
#4392=CARTESIAN_POINT('',(0.00497726444154966,-0.014849874190986,0.));
#4393=CARTESIAN_POINT('',(0.00497726444154966,-0.014849874190986,0.0127));
#4394=CARTESIAN_POINT('',(0.00497726444154966,-0.014849874190986,0.0127));
#4395=CARTESIAN_POINT('',(0.00882413052022445,-0.014849874190986,0.0127));
#4396=CARTESIAN_POINT('',(0.00497726444154966,-0.0184113536961375,0.0127));
#4397=CARTESIAN_POINT('',(0.00497726444154966,-0.0184113536961375,0.));
#4398=CARTESIAN_POINT('',(0.00497726444154966,-0.021972833201289,0.));
#4399=CARTESIAN_POINT('',(0.00497726444154966,-0.021972833201289,0.0127));
#4400=CARTESIAN_POINT('',(0.00497726444154966,-0.021972833201289,0.0127));
#4401=CARTESIAN_POINT('',(0.00497726444154966,-0.0184113536961375,0.0127));
#4402=CARTESIAN_POINT('',(0.00105519080534565,-0.021972833201289,0.0127));
#4403=CARTESIAN_POINT('',(0.00105519080534565,-0.021972833201289,0.));
#4404=CARTESIAN_POINT('',(-0.00286688283085836,-0.021972833201289,0.));
#4405=CARTESIAN_POINT('',(-0.00286688283085836,-0.021972833201289,0.0127));
#4406=CARTESIAN_POINT('',(-0.00286688283085836,-0.021972833201289,0.0127));
#4407=CARTESIAN_POINT('',(0.00105519080534565,-0.021972833201289,0.0127));
#4408=CARTESIAN_POINT('',(-0.00286688283085836,-0.0259959483519196,0.0127));
#4409=CARTESIAN_POINT('',(-0.00286688283085836,-0.0259959483519196,0.));
#4410=CARTESIAN_POINT('',(-0.00286688283085836,-0.0300190635025501,0.));
#4411=CARTESIAN_POINT('',(-0.00286688283085836,-0.0300190635025501,0.0127));
#4412=CARTESIAN_POINT('',(-0.00286688283085836,-0.0300190635025501,0.0127));
#4413=CARTESIAN_POINT('',(-0.00286688283085836,-0.0259959483519196,0.0127));
#4414=CARTESIAN_POINT('',(-0.00662175286561263,-0.0300190635025501,0.0127));
#4415=CARTESIAN_POINT('',(-0.00662175286561263,-0.0300190635025501,0.));
#4416=CARTESIAN_POINT('',(-0.0103766229003669,-0.0300190635025501,0.));
#4417=CARTESIAN_POINT('',(-0.0103766229003669,-0.0300190635025501,0.0127));
#4418=CARTESIAN_POINT('',(-0.0103766229003669,-0.0300190635025501,0.0127));
#4419=CARTESIAN_POINT('',(-0.00662175286561263,-0.0300190635025501,0.0127));
#4420=CARTESIAN_POINT('',(-0.0103766229003669,-0.0337887350469827,0.0127));
#4421=CARTESIAN_POINT('',(-0.0103766229003669,-0.0337887350469827,0.));
#4422=CARTESIAN_POINT('',(-0.0103766229003669,-0.0375584065914152,0.));
#4423=CARTESIAN_POINT('',(-0.0103766229003669,-0.0375584065914152,0.0127));
#4424=CARTESIAN_POINT('',(-0.0103766229003669,-0.0375584065914152,0.0127));
#4425=CARTESIAN_POINT('',(-0.0103766229003669,-0.0337887350469827,0.0127));
#4426=CARTESIAN_POINT('',(-0.0141477286815645,-0.0375584065914152,0.0127));
#4427=CARTESIAN_POINT('',(-0.0141477286815645,-0.0375584065914152,0.));
#4428=CARTESIAN_POINT('',(-0.017918834462762,-0.0375584065914152,0.));
#4429=CARTESIAN_POINT('',(-0.017918834462762,-0.0375584065914152,0.0127));
#4430=CARTESIAN_POINT('',(-0.017918834462762,-0.0375584065914152,0.0127));
#4431=CARTESIAN_POINT('',(-0.0141477286815645,-0.0375584065914152,0.0127));
#4432=CARTESIAN_POINT('',(-0.017918834462762,-0.04151052236557,0.0127));
#4433=CARTESIAN_POINT('',(-0.017918834462762,-0.04151052236557,0.));
#4434=CARTESIAN_POINT('',(-0.017918834462762,-0.0454626381397247,0.));
#4435=CARTESIAN_POINT('',(-0.017918834462762,-0.0454626381397247,0.0127));
#4436=CARTESIAN_POINT('',(-0.017918834462762,-0.0454626381397247,0.0127));
#4437=CARTESIAN_POINT('',(-0.017918834462762,-0.04151052236557,0.0127));
#4438=CARTESIAN_POINT('',(-0.0266036288812757,-0.0454626381397247,0.0127));
#4439=CARTESIAN_POINT('',(-0.0266036288812757,-0.0454626381397247,0.));
#4440=CARTESIAN_POINT('',(-0.0352884232997894,-0.0454626381397247,0.));
#4441=CARTESIAN_POINT('',(-0.0352884232997894,-0.0454626381397247,0.0127));
#4442=CARTESIAN_POINT('',(-0.0352884232997894,-0.0454626381397247,0.0127));
#4443=CARTESIAN_POINT('',(-0.0266036288812757,-0.0454626381397247,0.0127));
#4444=CARTESIAN_POINT('',(-0.0352884232997894,-0.036931018345058,0.0127));
#4445=CARTESIAN_POINT('',(-0.0352884232997894,-0.036931018345058,0.));
#4446=CARTESIAN_POINT('',(-0.0352884232997894,-0.0283993985503912,0.));
#4447=CARTESIAN_POINT('',(-0.0352884232997894,-0.0283993985503912,0.0127));
#4448=CARTESIAN_POINT('',(-0.0352884232997894,-0.0283993985503912,0.0127));
#4449=CARTESIAN_POINT('',(-0.0352884232997894,-0.036931018345058,0.0127));
#4450=CARTESIAN_POINT('',(-0.0313215237110853,-0.0283993985503912,0.0127));
#4451=CARTESIAN_POINT('',(-0.0313215237110853,-0.0283993985503912,0.));
#4452=CARTESIAN_POINT('',(-0.027354624122381,-0.0283993985503912,0.));
#4453=CARTESIAN_POINT('',(-0.027354624122381,-0.0283993985503912,0.0127));
#4454=CARTESIAN_POINT('',(-0.027354624122381,-0.0283993985503912,0.0127));
#4455=CARTESIAN_POINT('',(-0.0313215237110853,-0.0283993985503912,0.0127));
#4456=CARTESIAN_POINT('',(-0.027354624122381,-0.0246218051761389,0.0127));
#4457=CARTESIAN_POINT('',(-0.027354624122381,-0.0246218051761389,0.));
#4458=CARTESIAN_POINT('',(-0.027354624122381,-0.0208442118018866,0.));
#4459=CARTESIAN_POINT('',(-0.027354624122381,-0.0208442118018866,0.0127));
#4460=CARTESIAN_POINT('',(-0.027354624122381,-0.0208442118018866,0.0127));
#4461=CARTESIAN_POINT('',(-0.027354624122381,-0.0246218051761389,0.0127));
#4462=CARTESIAN_POINT('',(-0.023475771769881,-0.0208442118018866,0.0127));
#4463=CARTESIAN_POINT('',(-0.023475771769881,-0.0208442118018866,0.));
#4464=CARTESIAN_POINT('',(-0.0195969194173811,-0.0208442118018866,0.));
#4465=CARTESIAN_POINT('',(-0.0195969194173811,-0.0208442118018866,0.0127));
#4466=CARTESIAN_POINT('',(-0.0195969194173811,-0.0208442118018866,0.0127));
#4467=CARTESIAN_POINT('',(-0.023475771769881,-0.0208442118018866,0.0127));
#4468=CARTESIAN_POINT('',(-0.0195969194173811,-0.0169000173918903,0.0127));
#4469=CARTESIAN_POINT('',(-0.0195969194173811,-0.0169000173918903,0.));
#4470=CARTESIAN_POINT('',(-0.0195969194173811,-0.012955822981894,0.));
#4471=CARTESIAN_POINT('',(-0.0195969194173811,-0.012955822981894,0.0127));
#4472=CARTESIAN_POINT('',(-0.0195969194173811,-0.012955822981894,0.0127));
#4473=CARTESIAN_POINT('',(-0.0195969194173811,-0.0169000173918903,0.0127));
#4474=CARTESIAN_POINT('',(-0.0160348196513949,-0.012955822981894,0.0127));
#4475=CARTESIAN_POINT('',(-0.0160348196513949,-0.012955822981894,0.));
#4476=CARTESIAN_POINT('',(-0.0124727198854087,-0.012955822981894,0.));
#4477=CARTESIAN_POINT('',(-0.0124727198854087,-0.012955822981894,0.0127));
#4478=CARTESIAN_POINT('',(-0.0124727198854087,-0.012955822981894,0.0127));
#4479=CARTESIAN_POINT('',(-0.0160348196513949,-0.012955822981894,0.0127));
#4480=CARTESIAN_POINT('',(-0.0124727198854087,-0.00927624385803938,0.0127));
#4481=CARTESIAN_POINT('',(-0.0124727198854087,-0.00927624385803938,0.));
#4482=CARTESIAN_POINT('',(-0.0124727198854087,-0.00559666473418474,0.));
#4483=CARTESIAN_POINT('',(-0.0124727198854087,-0.00559666473418474,0.0127));
#4484=CARTESIAN_POINT('',(-0.0124727198854087,-0.00559666473418474,0.0127));
#4485=CARTESIAN_POINT('',(-0.0124727198854087,-0.00927624385803938,0.0127));
#4486=CARTESIAN_POINT('',(-0.00855795282404861,-0.00559666473418474,0.0127));
#4487=CARTESIAN_POINT('',(-0.00855795282404861,-0.00559666473418474,0.));
#4488=CARTESIAN_POINT('',(-0.00464318576268852,-0.00559666473418474,0.));
#4489=CARTESIAN_POINT('',(-0.00464318576268852,-0.00559666473418474,0.0127));
#4490=CARTESIAN_POINT('',(-0.00464318576268852,-0.00559666473418474,0.0127));
#4491=CARTESIAN_POINT('',(-0.00855795282404861,-0.00559666473418474,0.0127));
#4492=CARTESIAN_POINT('',(-0.00464318576268852,-0.00163336301920936,0.0127));
#4493=CARTESIAN_POINT('',(-0.00464318576268852,-0.00163336301920936,0.));
#4494=CARTESIAN_POINT('',(-0.00464318576268852,0.00232993869576603,0.));
#4495=CARTESIAN_POINT('',(-0.00464318576268852,0.00232993869576603,0.0127));
#4496=CARTESIAN_POINT('',(-0.00464318576268852,0.00232993869576603,0.0127));
#4497=CARTESIAN_POINT('',(-0.00464318576268852,-0.00163336301920936,0.0127));
#4498=CARTESIAN_POINT('',(-0.000607218515001066,0.00232993869576603,0.0127));
#4499=CARTESIAN_POINT('',(-0.000607218515001066,0.00232993869576603,0.));
#4500=CARTESIAN_POINT('',(0.00342874873268638,0.00232993869576603,0.));
#4501=CARTESIAN_POINT('',(0.00342874873268638,0.00232993869576603,0.0127));
#4502=CARTESIAN_POINT('',(0.00342874873268638,0.00232993869576603,0.0127));
#4503=CARTESIAN_POINT('',(-0.000607218515001066,0.00232993869576603,0.0127));
#4504=CARTESIAN_POINT('',(0.00342874873268638,0.00599938427330926,0.0127));
#4505=CARTESIAN_POINT('',(0.00342874873268638,0.00599938427330926,0.));
#4506=CARTESIAN_POINT('',(0.00342874873268638,0.00966882985085249,0.));
#4507=CARTESIAN_POINT('',(0.00342874873268638,0.00966882985085249,0.0127));
#4508=CARTESIAN_POINT('',(0.00342874873268638,0.00966882985085249,0.0127));
#4509=CARTESIAN_POINT('',(0.00342874873268638,0.00599938427330926,0.0127));
#4510=CARTESIAN_POINT('',(0.00754137286835926,0.00966882985085249,0.0127));
#4511=CARTESIAN_POINT('',(0.00754137286835926,0.00966882985085249,0.));
#4512=CARTESIAN_POINT('',(0.0116539970040321,0.00966882985085249,0.));
#4513=CARTESIAN_POINT('',(0.0116539970040321,0.00966882985085249,0.0127));
#4514=CARTESIAN_POINT('',(0.0116539970040321,0.00966882985085249,0.0127));
#4515=CARTESIAN_POINT('',(0.00754137286835926,0.00966882985085249,0.0127));
#4516=CARTESIAN_POINT('',(0.0116539970040321,0.0129181752407149,0.0127));
#4517=CARTESIAN_POINT('',(0.0116539970040321,0.0129181752407149,0.));
#4518=CARTESIAN_POINT('',(0.0116539970040321,0.0129181752407149,0.0127));
#4519=CARTESIAN_POINT('',(0.,0.,0.0127));
#4520=CARTESIAN_POINT('',(0.,0.,0.));
#4521=CARTESIAN_POINT('',(0.0118025601841509,0.0211675206305773,0.));
#4522=CARTESIAN_POINT('',(0.00665399700403214,0.0211675206305773,0.));
#4523=CARTESIAN_POINT('',(0.0158069524862306,0.0211675206305773,0.));
#4524=CARTESIAN_POINT('',(0.0158069524862306,0.0212936561055496,0.));
#4525=CARTESIAN_POINT('',(0.0158069524862306,0.0214197915805219,0.));
#4526=CARTESIAN_POINT('',(0.00487765395755254,0.0214197915805219,0.));
#4527=CARTESIAN_POINT('',(-0.0160516445711255,0.0214197915805219,0.));
#4528=CARTESIAN_POINT('',(-0.0160516445711255,0.0300756677527372,0.));
#4529=CARTESIAN_POINT('',(-0.0160516445711255,0.0287315439249524,0.));
#4530=CARTESIAN_POINT('',(-0.0141010319503565,0.0287315439249524,0.));
#4531=CARTESIAN_POINT('',(-0.0221504193295875,0.0287315439249524,0.));
#4532=CARTESIAN_POINT('',(-0.0221504193295875,0.0360919624092511,0.));
#4533=CARTESIAN_POINT('',(-0.0221504193295875,0.0434523808935497,0.));
#4534=CARTESIAN_POINT('',(-0.0141010319503565,0.0434523808935497,0.));
#4535=CARTESIAN_POINT('',(-0.0160516445711255,0.0434523808935497,0.));
#4536=CARTESIAN_POINT('',(-0.0160516445711255,0.0401200271868662,0.));
#4537=CARTESIAN_POINT('',(-0.0160516445711255,0.0467876734801827,0.));
#4538=CARTESIAN_POINT('',(0.00820313068106771,0.0467876734801827,0.));
#4539=CARTESIAN_POINT('',(0.0324579059332609,0.0467876734801827,0.));
#4540=CARTESIAN_POINT('',(0.0324579059332609,0.0387316409595021,0.));
#4541=CARTESIAN_POINT('',(0.0324579059332609,0.0406756084388215,0.));
#4542=CARTESIAN_POINT('',(0.0371589552324743,0.0406756084388215,0.));
#4543=CARTESIAN_POINT('',(0.0518600045316876,0.0406756084388215,0.));
#4544=CARTESIAN_POINT('',(0.0518600045316876,0.0263236029434064,0.));
#4545=CARTESIAN_POINT('',(0.0518600045316876,0.0219715974479914,0.));
#4546=CARTESIAN_POINT('',(0.0495673786848497,0.0219715974479914,0.));
#4547=CARTESIAN_POINT('',(0.0572747528380117,0.0219715974479914,0.));
#4548=CARTESIAN_POINT('',(0.0572747528380117,-0.00229820422828191,0.));
#4549=CARTESIAN_POINT('',(0.0572747528380117,-0.0265680059045552,0.));
#4550=CARTESIAN_POINT('',(0.0506967295151182,-0.0265680059045552,0.));
#4551=CARTESIAN_POINT('',(0.0541187061922246,-0.0265680059045552,0.));
#4552=CARTESIAN_POINT('',(0.0541187061922246,-0.0245704944620643,0.));
#4553=CARTESIAN_POINT('',(0.0541187061922246,-0.0325729830195733,0.));
#4554=CARTESIAN_POINT('',(0.0467445827362615,-0.0325729830195733,0.));
#4555=CARTESIAN_POINT('',(0.0393704592802984,-0.0325729830195733,0.));
#4556=CARTESIAN_POINT('',(0.0393704592802984,-0.0245418022761856,0.));
#4557=CARTESIAN_POINT('',(0.0393704592802984,-0.0265106215327977,0.));
#4558=CARTESIAN_POINT('',(0.0407104714560192,-0.0265106215327977,0.));
#4559=CARTESIAN_POINT('',(0.03205048363174,-0.0265106215327977,0.));
#4560=CARTESIAN_POINT('',(0.03205048363174,-0.00549600677512564,0.));
#4561=CARTESIAN_POINT('',(0.03205048363174,0.00551860798254642,0.));
#4562=CARTESIAN_POINT('',(0.0318578169558551,0.00551860798254642,0.));
#4563=CARTESIAN_POINT('',(0.0316651502799701,0.00551860798254642,0.));
#4564=CARTESIAN_POINT('',(0.0316651502799701,0.00581739002192419,0.));
#4565=CARTESIAN_POINT('',(0.0316651502799701,-0.00388382793869805,0.));
#4566=CARTESIAN_POINT('',(0.0234187986230706,-0.00388382793869805,0.));
#4567=CARTESIAN_POINT('',(0.0251724469661711,-0.00388382793869805,0.));
#4568=CARTESIAN_POINT('',(0.0251724469661711,-0.00293436850188281,0.));
#4569=CARTESIAN_POINT('',(0.0251724469661711,-0.0119849090650676,0.));
#4570=CARTESIAN_POINT('',(0.0164217217825352,-0.0119849090650676,0.));
#4571=CARTESIAN_POINT('',(0.0176709965988993,-0.0119849090650676,0.));
#4572=CARTESIAN_POINT('',(0.0176709965988993,-0.0109173916280268,0.));
#4573=CARTESIAN_POINT('',(0.0176709965988993,-0.0198498741909859,0.));
#4574=CARTESIAN_POINT('',(0.00882413052022445,-0.0198498741909859,0.));
#4575=CARTESIAN_POINT('',(0.00997726444154966,-0.0198498741909859,0.));
#4576=CARTESIAN_POINT('',(0.00997726444154966,-0.0184113536961375,0.));
#4577=CARTESIAN_POINT('',(0.00997726444154966,-0.026972833201289,0.));
#4578=CARTESIAN_POINT('',(0.00105519080534565,-0.026972833201289,0.));
#4579=CARTESIAN_POINT('',(0.00213311716914165,-0.026972833201289,0.));
#4580=CARTESIAN_POINT('',(0.00213311716914165,-0.0259959483519196,0.));
#4581=CARTESIAN_POINT('',(0.00213311716914165,-0.0350190635025502,0.));
#4582=CARTESIAN_POINT('',(-0.00662175286561263,-0.0350190635025502,0.));
#4583=CARTESIAN_POINT('',(-0.00537662290036691,-0.0350190635025502,0.));
#4584=CARTESIAN_POINT('',(-0.00537662290036691,-0.0337887350469827,0.));
#4585=CARTESIAN_POINT('',(-0.00537662290036691,-0.0425584065914152,0.));
#4586=CARTESIAN_POINT('',(-0.0141477286815645,-0.0425584065914152,0.));
#4587=CARTESIAN_POINT('',(-0.012918834462762,-0.0425584065914152,0.));
#4588=CARTESIAN_POINT('',(-0.012918834462762,-0.04151052236557,0.));
#4589=CARTESIAN_POINT('',(-0.012918834462762,-0.0504626381397247,0.));
#4590=CARTESIAN_POINT('',(-0.0266036288812757,-0.0504626381397247,0.));
#4591=CARTESIAN_POINT('',(-0.0402884232997894,-0.0504626381397247,0.));
#4592=CARTESIAN_POINT('',(-0.0402884232997894,-0.036931018345058,0.));
#4593=CARTESIAN_POINT('',(-0.0402884232997894,-0.0233993985503912,0.));
#4594=CARTESIAN_POINT('',(-0.0313215237110853,-0.0233993985503912,0.));
#4595=CARTESIAN_POINT('',(-0.032354624122381,-0.0233993985503912,0.));
#4596=CARTESIAN_POINT('',(-0.032354624122381,-0.0246218051761389,0.));
#4597=CARTESIAN_POINT('',(-0.032354624122381,-0.0158442118018866,0.));
#4598=CARTESIAN_POINT('',(-0.023475771769881,-0.0158442118018866,0.));
#4599=CARTESIAN_POINT('',(-0.0245969194173811,-0.0158442118018866,0.));
#4600=CARTESIAN_POINT('',(-0.0245969194173811,-0.0169000173918903,0.));
#4601=CARTESIAN_POINT('',(-0.0245969194173811,-0.00795582298189402,0.));
#4602=CARTESIAN_POINT('',(-0.0160348196513949,-0.00795582298189402,0.));
#4603=CARTESIAN_POINT('',(-0.0174727198854087,-0.00795582298189402,0.));
#4604=CARTESIAN_POINT('',(-0.0174727198854087,-0.00927624385803938,0.));
#4605=CARTESIAN_POINT('',(-0.0174727198854087,-0.000596664734184741,0.));
#4606=CARTESIAN_POINT('',(-0.00855795282404861,-0.000596664734184742,0.));
#4607=CARTESIAN_POINT('',(-0.00964318576268852,-0.000596664734184742,0.));
#4608=CARTESIAN_POINT('',(-0.00964318576268852,-0.00163336301920936,0.));
#4609=CARTESIAN_POINT('',(-0.00964318576268852,0.00732993869576603,0.));
#4610=CARTESIAN_POINT('',(-0.000607218515001066,0.00732993869576603,0.));
#4611=CARTESIAN_POINT('',(-0.00157125126731362,0.00732993869576603,0.));
#4612=CARTESIAN_POINT('',(-0.00157125126731362,0.00599938427330926,0.));
#4613=CARTESIAN_POINT('',(-0.00157125126731362,0.0146688298508525,0.));
#4614=CARTESIAN_POINT('',(0.00754137286835926,0.0146688298508525,0.));
#4615=CARTESIAN_POINT('',(0.00665399700403214,0.0146688298508525,0.));
#4616=CARTESIAN_POINT('',(0.00665399700403214,0.0129181752407149,0.));
#4617=CARTESIAN_POINT('',(0.0118025601841509,0.0211675206305773,0.002));
#4618=CARTESIAN_POINT('',(0.00665399700403214,0.0211675206305773,0.002));
#4619=CARTESIAN_POINT('',(0.00665399700403214,0.0211675206305773,0.002));
#4620=CARTESIAN_POINT('',(0.0118025601841509,0.0211675206305773,0.002));
#4621=CARTESIAN_POINT('',(0.0158069524862306,0.0211675206305773,0.002));
#4622=CARTESIAN_POINT('',(0.0158069524862306,0.0211675206305773,0.002));
#4623=CARTESIAN_POINT('',(0.00665399700403214,0.0129181752407149,0.002));
#4624=CARTESIAN_POINT('',(0.00665399700403214,0.0146688298508525,0.002));
#4625=CARTESIAN_POINT('',(0.00665399700403214,0.0146688298508525,0.002));
#4626=CARTESIAN_POINT('',(0.00665399700403214,0.0129181752407149,0.002));
#4627=CARTESIAN_POINT('',(0.00754137286835926,0.0146688298508525,0.002));
#4628=CARTESIAN_POINT('',(-0.00157125126731362,0.0146688298508525,0.002));
#4629=CARTESIAN_POINT('',(-0.00157125126731362,0.0146688298508525,0.002));
#4630=CARTESIAN_POINT('',(0.00754137286835926,0.0146688298508525,0.002));
#4631=CARTESIAN_POINT('',(-0.00157125126731362,0.00599938427330926,0.002));
#4632=CARTESIAN_POINT('',(-0.00157125126731362,0.00732993869576603,0.002));
#4633=CARTESIAN_POINT('',(-0.00157125126731362,0.00732993869576603,0.002));
#4634=CARTESIAN_POINT('',(-0.00157125126731362,0.00599938427330926,0.002));
#4635=CARTESIAN_POINT('',(-0.000607218515001066,0.00732993869576603,0.002));
#4636=CARTESIAN_POINT('',(-0.00964318576268852,0.00732993869576603,0.002));
#4637=CARTESIAN_POINT('',(-0.00964318576268852,0.00732993869576603,0.002));
#4638=CARTESIAN_POINT('',(-0.000607218515001066,0.00732993869576603,0.002));
#4639=CARTESIAN_POINT('',(-0.00964318576268852,-0.00163336301920936,0.002));
#4640=CARTESIAN_POINT('',(-0.00964318576268852,-0.000596664734184742,0.002));
#4641=CARTESIAN_POINT('',(-0.00964318576268852,-0.000596664734184742,0.002));
#4642=CARTESIAN_POINT('',(-0.00964318576268852,-0.00163336301920936,0.002));
#4643=CARTESIAN_POINT('',(-0.00855795282404861,-0.000596664734184742,0.002));
#4644=CARTESIAN_POINT('',(-0.0174727198854087,-0.000596664734184741,0.002));
#4645=CARTESIAN_POINT('',(-0.0174727198854087,-0.000596664734184741,0.002));
#4646=CARTESIAN_POINT('',(-0.00855795282404861,-0.000596664734184742,0.002));
#4647=CARTESIAN_POINT('',(-0.0174727198854087,-0.00927624385803938,0.002));
#4648=CARTESIAN_POINT('',(-0.0174727198854087,-0.00795582298189402,0.002));
#4649=CARTESIAN_POINT('',(-0.0174727198854087,-0.00795582298189402,0.002));
#4650=CARTESIAN_POINT('',(-0.0174727198854087,-0.00927624385803938,0.002));
#4651=CARTESIAN_POINT('',(-0.0160348196513949,-0.00795582298189402,0.002));
#4652=CARTESIAN_POINT('',(-0.0245969194173811,-0.00795582298189402,0.002));
#4653=CARTESIAN_POINT('',(-0.0245969194173811,-0.00795582298189402,0.002));
#4654=CARTESIAN_POINT('',(-0.0160348196513949,-0.00795582298189402,0.002));
#4655=CARTESIAN_POINT('',(-0.0245969194173811,-0.0169000173918903,0.002));
#4656=CARTESIAN_POINT('',(-0.0245969194173811,-0.0158442118018866,0.002));
#4657=CARTESIAN_POINT('',(-0.0245969194173811,-0.0158442118018866,0.002));
#4658=CARTESIAN_POINT('',(-0.0245969194173811,-0.0169000173918903,0.002));
#4659=CARTESIAN_POINT('',(-0.023475771769881,-0.0158442118018866,0.002));
#4660=CARTESIAN_POINT('',(-0.032354624122381,-0.0158442118018866,0.002));
#4661=CARTESIAN_POINT('',(-0.032354624122381,-0.0158442118018866,0.002));
#4662=CARTESIAN_POINT('',(-0.023475771769881,-0.0158442118018866,0.002));
#4663=CARTESIAN_POINT('',(-0.032354624122381,-0.0246218051761389,0.002));
#4664=CARTESIAN_POINT('',(-0.032354624122381,-0.0233993985503912,0.002));
#4665=CARTESIAN_POINT('',(-0.032354624122381,-0.0233993985503912,0.002));
#4666=CARTESIAN_POINT('',(-0.032354624122381,-0.0246218051761389,0.002));
#4667=CARTESIAN_POINT('',(-0.0313215237110853,-0.0233993985503912,0.002));
#4668=CARTESIAN_POINT('',(-0.0402884232997894,-0.0233993985503912,0.002));
#4669=CARTESIAN_POINT('',(-0.0402884232997894,-0.0233993985503912,0.002));
#4670=CARTESIAN_POINT('',(-0.0313215237110853,-0.0233993985503912,0.002));
#4671=CARTESIAN_POINT('',(-0.0402884232997894,-0.036931018345058,0.002));
#4672=CARTESIAN_POINT('',(-0.0402884232997894,-0.0504626381397247,0.002));
#4673=CARTESIAN_POINT('',(-0.0402884232997894,-0.0504626381397247,0.002));
#4674=CARTESIAN_POINT('',(-0.0402884232997894,-0.036931018345058,0.002));
#4675=CARTESIAN_POINT('',(-0.0266036288812757,-0.0504626381397247,0.002));
#4676=CARTESIAN_POINT('',(-0.012918834462762,-0.0504626381397247,0.002));
#4677=CARTESIAN_POINT('',(-0.012918834462762,-0.0504626381397247,0.002));
#4678=CARTESIAN_POINT('',(-0.0266036288812757,-0.0504626381397247,0.002));
#4679=CARTESIAN_POINT('',(-0.012918834462762,-0.04151052236557,0.002));
#4680=CARTESIAN_POINT('',(-0.012918834462762,-0.0425584065914152,0.002));
#4681=CARTESIAN_POINT('',(-0.012918834462762,-0.0425584065914152,0.002));
#4682=CARTESIAN_POINT('',(-0.012918834462762,-0.04151052236557,0.002));
#4683=CARTESIAN_POINT('',(-0.0141477286815645,-0.0425584065914152,0.002));
#4684=CARTESIAN_POINT('',(-0.00537662290036691,-0.0425584065914152,0.002));
#4685=CARTESIAN_POINT('',(-0.00537662290036691,-0.0425584065914152,0.002));
#4686=CARTESIAN_POINT('',(-0.0141477286815645,-0.0425584065914152,0.002));
#4687=CARTESIAN_POINT('',(-0.00537662290036691,-0.0337887350469827,0.002));
#4688=CARTESIAN_POINT('',(-0.00537662290036691,-0.0350190635025502,0.002));
#4689=CARTESIAN_POINT('',(-0.00537662290036691,-0.0350190635025502,0.002));
#4690=CARTESIAN_POINT('',(-0.00537662290036691,-0.0337887350469827,0.002));
#4691=CARTESIAN_POINT('',(-0.00662175286561263,-0.0350190635025502,0.002));
#4692=CARTESIAN_POINT('',(0.00213311716914165,-0.0350190635025502,0.002));
#4693=CARTESIAN_POINT('',(0.00213311716914165,-0.0350190635025502,0.002));
#4694=CARTESIAN_POINT('',(-0.00662175286561263,-0.0350190635025502,0.002));
#4695=CARTESIAN_POINT('',(0.00213311716914165,-0.0259959483519196,0.002));
#4696=CARTESIAN_POINT('',(0.00213311716914165,-0.026972833201289,0.002));
#4697=CARTESIAN_POINT('',(0.00213311716914165,-0.026972833201289,0.002));
#4698=CARTESIAN_POINT('',(0.00213311716914165,-0.0259959483519196,0.002));
#4699=CARTESIAN_POINT('',(0.00105519080534565,-0.026972833201289,0.002));
#4700=CARTESIAN_POINT('',(0.00997726444154966,-0.026972833201289,0.002));
#4701=CARTESIAN_POINT('',(0.00997726444154966,-0.026972833201289,0.002));
#4702=CARTESIAN_POINT('',(0.00105519080534565,-0.026972833201289,0.002));
#4703=CARTESIAN_POINT('',(0.00997726444154966,-0.0184113536961375,0.002));
#4704=CARTESIAN_POINT('',(0.00997726444154966,-0.0198498741909859,0.002));
#4705=CARTESIAN_POINT('',(0.00997726444154966,-0.0198498741909859,0.002));
#4706=CARTESIAN_POINT('',(0.00997726444154966,-0.0184113536961375,0.002));
#4707=CARTESIAN_POINT('',(0.00882413052022445,-0.0198498741909859,0.002));
#4708=CARTESIAN_POINT('',(0.0176709965988993,-0.0198498741909859,0.002));
#4709=CARTESIAN_POINT('',(0.0176709965988993,-0.0198498741909859,0.002));
#4710=CARTESIAN_POINT('',(0.00882413052022445,-0.0198498741909859,0.002));
#4711=CARTESIAN_POINT('',(0.0176709965988993,-0.0109173916280268,0.002));
#4712=CARTESIAN_POINT('',(0.0176709965988993,-0.0119849090650676,0.002));
#4713=CARTESIAN_POINT('',(0.0176709965988993,-0.0119849090650676,0.002));
#4714=CARTESIAN_POINT('',(0.0176709965988993,-0.0109173916280268,0.002));
#4715=CARTESIAN_POINT('',(0.0164217217825352,-0.0119849090650676,0.002));
#4716=CARTESIAN_POINT('',(0.0251724469661711,-0.0119849090650676,0.002));
#4717=CARTESIAN_POINT('',(0.0251724469661711,-0.0119849090650676,0.002));
#4718=CARTESIAN_POINT('',(0.0164217217825352,-0.0119849090650676,0.002));
#4719=CARTESIAN_POINT('',(0.0251724469661711,-0.00293436850188281,0.002));
#4720=CARTESIAN_POINT('',(0.0251724469661711,-0.00388382793869805,0.002));
#4721=CARTESIAN_POINT('',(0.0251724469661711,-0.00388382793869805,0.002));
#4722=CARTESIAN_POINT('',(0.0251724469661711,-0.00293436850188281,0.002));
#4723=CARTESIAN_POINT('',(0.0234187986230706,-0.00388382793869805,0.002));
#4724=CARTESIAN_POINT('',(0.0316651502799701,-0.00388382793869805,0.002));
#4725=CARTESIAN_POINT('',(0.0316651502799701,-0.00388382793869805,0.002));
#4726=CARTESIAN_POINT('',(0.0234187986230706,-0.00388382793869805,0.002));
#4727=CARTESIAN_POINT('',(0.0316651502799701,0.00581739002192419,0.002));
#4728=CARTESIAN_POINT('',(0.0316651502799701,0.00551860798254642,0.002));
#4729=CARTESIAN_POINT('',(0.0316651502799701,0.00551860798254642,0.002));
#4730=CARTESIAN_POINT('',(0.0316651502799701,0.00581739002192419,0.002));
#4731=CARTESIAN_POINT('',(0.0318578169558551,0.00551860798254642,0.002));
#4732=CARTESIAN_POINT('',(0.03205048363174,0.00551860798254642,0.002));
#4733=CARTESIAN_POINT('',(0.03205048363174,0.00551860798254642,0.002));
#4734=CARTESIAN_POINT('',(0.0318578169558551,0.00551860798254642,0.002));
#4735=CARTESIAN_POINT('',(0.03205048363174,-0.00549600677512564,0.002));
#4736=CARTESIAN_POINT('',(0.03205048363174,-0.0265106215327977,0.002));
#4737=CARTESIAN_POINT('',(0.03205048363174,-0.0265106215327977,0.002));
#4738=CARTESIAN_POINT('',(0.03205048363174,-0.00549600677512564,0.002));
#4739=CARTESIAN_POINT('',(0.0407104714560192,-0.0265106215327977,0.002));
#4740=CARTESIAN_POINT('',(0.0393704592802984,-0.0265106215327977,0.002));
#4741=CARTESIAN_POINT('',(0.0393704592802984,-0.0265106215327977,0.002));
#4742=CARTESIAN_POINT('',(0.0407104714560192,-0.0265106215327977,0.002));
#4743=CARTESIAN_POINT('',(0.0393704592802984,-0.0245418022761856,0.002));
#4744=CARTESIAN_POINT('',(0.0393704592802984,-0.0325729830195733,0.002));
#4745=CARTESIAN_POINT('',(0.0393704592802984,-0.0325729830195733,0.002));
#4746=CARTESIAN_POINT('',(0.0393704592802984,-0.0245418022761856,0.002));
#4747=CARTESIAN_POINT('',(0.0467445827362615,-0.0325729830195733,0.002));
#4748=CARTESIAN_POINT('',(0.0541187061922246,-0.0325729830195733,0.002));
#4749=CARTESIAN_POINT('',(0.0541187061922246,-0.0325729830195733,0.002));
#4750=CARTESIAN_POINT('',(0.0467445827362615,-0.0325729830195733,0.002));
#4751=CARTESIAN_POINT('',(0.0541187061922246,-0.0245704944620643,0.002));
#4752=CARTESIAN_POINT('',(0.0541187061922246,-0.0265680059045552,0.002));
#4753=CARTESIAN_POINT('',(0.0541187061922246,-0.0265680059045552,0.002));
#4754=CARTESIAN_POINT('',(0.0541187061922246,-0.0245704944620643,0.002));
#4755=CARTESIAN_POINT('',(0.0506967295151182,-0.0265680059045552,0.002));
#4756=CARTESIAN_POINT('',(0.0572747528380117,-0.0265680059045552,0.002));
#4757=CARTESIAN_POINT('',(0.0572747528380117,-0.0265680059045552,0.002));
#4758=CARTESIAN_POINT('',(0.0506967295151182,-0.0265680059045552,0.002));
#4759=CARTESIAN_POINT('',(0.0572747528380117,-0.00229820422828191,0.002));
#4760=CARTESIAN_POINT('',(0.0572747528380117,0.0219715974479914,0.002));
#4761=CARTESIAN_POINT('',(0.0572747528380117,0.0219715974479914,0.002));
#4762=CARTESIAN_POINT('',(0.0572747528380117,-0.00229820422828191,0.002));
#4763=CARTESIAN_POINT('',(0.0495673786848497,0.0219715974479914,0.002));
#4764=CARTESIAN_POINT('',(0.0518600045316876,0.0219715974479914,0.002));
#4765=CARTESIAN_POINT('',(0.0518600045316876,0.0219715974479914,0.002));
#4766=CARTESIAN_POINT('',(0.0495673786848497,0.0219715974479914,0.002));
#4767=CARTESIAN_POINT('',(0.0518600045316876,0.0263236029434064,0.002));
#4768=CARTESIAN_POINT('',(0.0518600045316876,0.0406756084388215,0.002));
#4769=CARTESIAN_POINT('',(0.0518600045316876,0.0406756084388215,0.002));
#4770=CARTESIAN_POINT('',(0.0518600045316876,0.0263236029434064,0.002));
#4771=CARTESIAN_POINT('',(0.0371589552324743,0.0406756084388215,0.002));
#4772=CARTESIAN_POINT('',(0.0324579059332609,0.0406756084388215,0.002));
#4773=CARTESIAN_POINT('',(0.0324579059332609,0.0406756084388215,0.002));
#4774=CARTESIAN_POINT('',(0.0371589552324743,0.0406756084388215,0.002));
#4775=CARTESIAN_POINT('',(0.0324579059332609,0.0387316409595021,0.002));
#4776=CARTESIAN_POINT('',(0.0324579059332609,0.0467876734801827,0.002));
#4777=CARTESIAN_POINT('',(0.0324579059332609,0.0467876734801827,0.002));
#4778=CARTESIAN_POINT('',(0.0324579059332609,0.0387316409595021,0.002));
#4779=CARTESIAN_POINT('',(0.00820313068106771,0.0467876734801827,0.002));
#4780=CARTESIAN_POINT('',(-0.0160516445711255,0.0467876734801827,0.002));
#4781=CARTESIAN_POINT('',(-0.0160516445711255,0.0467876734801827,0.002));
#4782=CARTESIAN_POINT('',(0.00820313068106771,0.0467876734801827,0.002));
#4783=CARTESIAN_POINT('',(-0.0160516445711255,0.0401200271868662,0.002));
#4784=CARTESIAN_POINT('',(-0.0160516445711255,0.0434523808935497,0.002));
#4785=CARTESIAN_POINT('',(-0.0160516445711255,0.0434523808935497,0.002));
#4786=CARTESIAN_POINT('',(-0.0160516445711255,0.0401200271868662,0.002));
#4787=CARTESIAN_POINT('',(-0.0141010319503565,0.0434523808935497,0.002));
#4788=CARTESIAN_POINT('',(-0.0221504193295875,0.0434523808935497,0.002));
#4789=CARTESIAN_POINT('',(-0.0221504193295875,0.0434523808935497,0.002));
#4790=CARTESIAN_POINT('',(-0.0141010319503565,0.0434523808935497,0.002));
#4791=CARTESIAN_POINT('',(-0.0221504193295875,0.0360919624092511,0.002));
#4792=CARTESIAN_POINT('',(-0.0221504193295875,0.0287315439249524,0.002));
#4793=CARTESIAN_POINT('',(-0.0221504193295875,0.0287315439249524,0.002));
#4794=CARTESIAN_POINT('',(-0.0221504193295875,0.0360919624092511,0.002));
#4795=CARTESIAN_POINT('',(-0.0141010319503565,0.0287315439249524,0.002));
#4796=CARTESIAN_POINT('',(-0.0160516445711255,0.0287315439249524,0.002));
#4797=CARTESIAN_POINT('',(-0.0160516445711255,0.0287315439249524,0.002));
#4798=CARTESIAN_POINT('',(-0.0141010319503565,0.0287315439249524,0.002));
#4799=CARTESIAN_POINT('',(-0.0160516445711255,0.0300756677527372,0.002));
#4800=CARTESIAN_POINT('',(-0.0160516445711255,0.0214197915805219,0.002));
#4801=CARTESIAN_POINT('',(-0.0160516445711255,0.0214197915805219,0.002));
#4802=CARTESIAN_POINT('',(-0.0160516445711255,0.0300756677527372,0.002));
#4803=CARTESIAN_POINT('',(0.00487765395755254,0.0214197915805219,0.002));
#4804=CARTESIAN_POINT('',(0.0158069524862306,0.0214197915805219,0.002));
#4805=CARTESIAN_POINT('',(0.0158069524862306,0.0214197915805219,0.002));
#4806=CARTESIAN_POINT('',(0.00487765395755254,0.0214197915805219,0.002));
#4807=CARTESIAN_POINT('',(0.0158069524862306,0.0212936561055496,0.002));
#4808=CARTESIAN_POINT('',(0.0158069524862306,0.0212936561055496,0.002));
#4809=CARTESIAN_POINT('',(0.,0.,0.002));
#4810=MECHANICAL_DESIGN_GEOMETRIC_PRESENTATION_REPRESENTATION('',(#3055),
#4811);
#4811=(
GEOMETRIC_REPRESENTATION_CONTEXT(3)
GLOBAL_UNCERTAINTY_ASSIGNED_CONTEXT((#4812))
GLOBAL_UNIT_ASSIGNED_CONTEXT((#4815,#4814,#4813))
REPRESENTATION_CONTEXT('Part 1','TOP_LEVEL_ASSEMBLY_PART')
);
#4812=UNCERTAINTY_MEASURE_WITH_UNIT(LENGTH_MEASURE(1.E-8),#4815,
'DISTANCE_ACCURACY_VALUE','Maximum Tolerance applied to model');
#4813=(
NAMED_UNIT(*)
SI_UNIT($,.STERADIAN.)
SOLID_ANGLE_UNIT()
);
#4814=(
NAMED_UNIT(*)
PLANE_ANGLE_UNIT()
SI_UNIT($,.RADIAN.)
);
#4815=(
LENGTH_UNIT()
NAMED_UNIT(*)
SI_UNIT($,.METRE.)
);
#4816=PRODUCT_DEFINITION_SHAPE('','',#4817);
#4817=PRODUCT_DEFINITION('','',#4819,#4818);
#4818=PRODUCT_DEFINITION_CONTEXT('',#4825,'design');
#4819=PRODUCT_DEFINITION_FORMATION_WITH_SPECIFIED_SOURCE('','',#4821,
 .NOT_KNOWN.);
#4820=PRODUCT_RELATED_PRODUCT_CATEGORY('','',(#4821));
#4821=PRODUCT('Part 1','Part 1','Part 1',(#4823));
#4822=PRODUCT_CATEGORY('','');
#4823=PRODUCT_CONTEXT('',#4825,'mechanical');
#4824=APPLICATION_PROTOCOL_DEFINITION('international standard',
'ap242_managed_model_based_3d_engineering',2020,#4825);
#4825=APPLICATION_CONTEXT('managed model based 3d engineering');
ENDSEC;
END-ISO-10303-21;
