ISO-10303-21;
HEADER;
/* Generated by software containing ST-Developer
 * from STEP Tools, Inc. (www.steptools.com) 
 */
/* OPTION: using custom renumber hook */

FILE_DESCRIPTION(
/* description */ ('STEP AP242 Edition 2',
'CAx-IF Rec.Pracs.---Representation and Presentation of Product Manufa
cturing Information (PMI)---4.0---2014-10-13',
'CAx-IF Rec.Pracs.---3D Tessellated Geometry---0.4---2014-09-14','2;1',
'CAx-IF Rec.Pracs.---User Defined Attributes---1.5---2016-08-15'),
/* implementation_level */ '2;1');

FILE_NAME(
/* name */ 'Part Studio 1',
/* time_stamp */ '2026-10-04T13:31:26Z',
/* author */ (''),
/* organization */ (''),
/* preprocessor_version */ 'ST-DEVELOPER v20',
/* originating_system */ 'ONSHAPE BY PTC INC, 1.221',
/* authorisation */ '  ');

FILE_SCHEMA (('AP242_MANAGED_MODEL_BASED_3D_ENGINEERING_MIM_LF { 1 0 10303 442 3 1 4 }'));
ENDSEC;

DATA;
#10=SHAPE_REPRESENTATION_RELATIONSHIP('','',#3233,#11);
#11=ADVANCED_BREP_SHAPE_REPRESENTATION('',(#3231),#5075);
#12=ORIENTED_EDGE('',*,*,#924,.T.);
#13=ORIENTED_EDGE('',*,*,#925,.F.);
#14=ORIENTED_EDGE('',*,*,#926,.F.);
#15=ORIENTED_EDGE('',*,*,#927,.T.);
#16=ORIENTED_EDGE('',*,*,#928,.T.);
#17=ORIENTED_EDGE('',*,*,#929,.F.);
#18=ORIENTED_EDGE('',*,*,#924,.F.);
#19=ORIENTED_EDGE('',*,*,#930,.T.);
#20=ORIENTED_EDGE('',*,*,#931,.T.);
#21=ORIENTED_EDGE('',*,*,#932,.F.);
#22=ORIENTED_EDGE('',*,*,#928,.F.);
#23=ORIENTED_EDGE('',*,*,#933,.T.);
#24=ORIENTED_EDGE('',*,*,#934,.T.);
#25=ORIENTED_EDGE('',*,*,#935,.F.);
#26=ORIENTED_EDGE('',*,*,#931,.F.);
#27=ORIENTED_EDGE('',*,*,#936,.T.);
#28=ORIENTED_EDGE('',*,*,#937,.T.);
#29=ORIENTED_EDGE('',*,*,#938,.F.);
#30=ORIENTED_EDGE('',*,*,#934,.F.);
#31=ORIENTED_EDGE('',*,*,#939,.T.);
#32=ORIENTED_EDGE('',*,*,#940,.T.);
#33=ORIENTED_EDGE('',*,*,#941,.F.);
#34=ORIENTED_EDGE('',*,*,#937,.F.);
#35=ORIENTED_EDGE('',*,*,#942,.T.);
#36=ORIENTED_EDGE('',*,*,#943,.T.);
#37=ORIENTED_EDGE('',*,*,#944,.F.);
#38=ORIENTED_EDGE('',*,*,#940,.F.);
#39=ORIENTED_EDGE('',*,*,#945,.T.);
#40=ORIENTED_EDGE('',*,*,#946,.T.);
#41=ORIENTED_EDGE('',*,*,#947,.F.);
#42=ORIENTED_EDGE('',*,*,#943,.F.);
#43=ORIENTED_EDGE('',*,*,#948,.T.);
#44=ORIENTED_EDGE('',*,*,#949,.T.);
#45=ORIENTED_EDGE('',*,*,#950,.F.);
#46=ORIENTED_EDGE('',*,*,#946,.F.);
#47=ORIENTED_EDGE('',*,*,#951,.T.);
#48=ORIENTED_EDGE('',*,*,#952,.T.);
#49=ORIENTED_EDGE('',*,*,#953,.F.);
#50=ORIENTED_EDGE('',*,*,#949,.F.);
#51=ORIENTED_EDGE('',*,*,#954,.T.);
#52=ORIENTED_EDGE('',*,*,#955,.T.);
#53=ORIENTED_EDGE('',*,*,#956,.F.);
#54=ORIENTED_EDGE('',*,*,#952,.F.);
#55=ORIENTED_EDGE('',*,*,#957,.T.);
#56=ORIENTED_EDGE('',*,*,#958,.T.);
#57=ORIENTED_EDGE('',*,*,#959,.F.);
#58=ORIENTED_EDGE('',*,*,#955,.F.);
#59=ORIENTED_EDGE('',*,*,#960,.T.);
#60=ORIENTED_EDGE('',*,*,#961,.T.);
#61=ORIENTED_EDGE('',*,*,#962,.F.);
#62=ORIENTED_EDGE('',*,*,#958,.F.);
#63=ORIENTED_EDGE('',*,*,#963,.T.);
#64=ORIENTED_EDGE('',*,*,#964,.T.);
#65=ORIENTED_EDGE('',*,*,#965,.F.);
#66=ORIENTED_EDGE('',*,*,#961,.F.);
#67=ORIENTED_EDGE('',*,*,#966,.T.);
#68=ORIENTED_EDGE('',*,*,#967,.T.);
#69=ORIENTED_EDGE('',*,*,#968,.F.);
#70=ORIENTED_EDGE('',*,*,#964,.F.);
#71=ORIENTED_EDGE('',*,*,#969,.T.);
#72=ORIENTED_EDGE('',*,*,#970,.T.);
#73=ORIENTED_EDGE('',*,*,#971,.F.);
#74=ORIENTED_EDGE('',*,*,#967,.F.);
#75=ORIENTED_EDGE('',*,*,#972,.T.);
#76=ORIENTED_EDGE('',*,*,#973,.T.);
#77=ORIENTED_EDGE('',*,*,#974,.F.);
#78=ORIENTED_EDGE('',*,*,#970,.F.);
#79=ORIENTED_EDGE('',*,*,#975,.T.);
#80=ORIENTED_EDGE('',*,*,#976,.T.);
#81=ORIENTED_EDGE('',*,*,#977,.F.);
#82=ORIENTED_EDGE('',*,*,#973,.F.);
#83=ORIENTED_EDGE('',*,*,#978,.T.);
#84=ORIENTED_EDGE('',*,*,#979,.T.);
#85=ORIENTED_EDGE('',*,*,#980,.F.);
#86=ORIENTED_EDGE('',*,*,#976,.F.);
#87=ORIENTED_EDGE('',*,*,#981,.T.);
#88=ORIENTED_EDGE('',*,*,#982,.T.);
#89=ORIENTED_EDGE('',*,*,#983,.F.);
#90=ORIENTED_EDGE('',*,*,#979,.F.);
#91=ORIENTED_EDGE('',*,*,#984,.T.);
#92=ORIENTED_EDGE('',*,*,#985,.T.);
#93=ORIENTED_EDGE('',*,*,#986,.F.);
#94=ORIENTED_EDGE('',*,*,#982,.F.);
#95=ORIENTED_EDGE('',*,*,#987,.T.);
#96=ORIENTED_EDGE('',*,*,#988,.T.);
#97=ORIENTED_EDGE('',*,*,#989,.F.);
#98=ORIENTED_EDGE('',*,*,#985,.F.);
#99=ORIENTED_EDGE('',*,*,#990,.T.);
#100=ORIENTED_EDGE('',*,*,#991,.T.);
#101=ORIENTED_EDGE('',*,*,#992,.F.);
#102=ORIENTED_EDGE('',*,*,#988,.F.);
#103=ORIENTED_EDGE('',*,*,#993,.T.);
#104=ORIENTED_EDGE('',*,*,#994,.T.);
#105=ORIENTED_EDGE('',*,*,#995,.F.);
#106=ORIENTED_EDGE('',*,*,#991,.F.);
#107=ORIENTED_EDGE('',*,*,#996,.T.);
#108=ORIENTED_EDGE('',*,*,#997,.T.);
#109=ORIENTED_EDGE('',*,*,#998,.F.);
#110=ORIENTED_EDGE('',*,*,#994,.F.);
#111=ORIENTED_EDGE('',*,*,#999,.T.);
#112=ORIENTED_EDGE('',*,*,#1000,.T.);
#113=ORIENTED_EDGE('',*,*,#1001,.F.);
#114=ORIENTED_EDGE('',*,*,#997,.F.);
#115=ORIENTED_EDGE('',*,*,#1002,.T.);
#116=ORIENTED_EDGE('',*,*,#1003,.T.);
#117=ORIENTED_EDGE('',*,*,#1004,.F.);
#118=ORIENTED_EDGE('',*,*,#1000,.F.);
#119=ORIENTED_EDGE('',*,*,#1005,.T.);
#120=ORIENTED_EDGE('',*,*,#1006,.T.);
#121=ORIENTED_EDGE('',*,*,#1007,.F.);
#122=ORIENTED_EDGE('',*,*,#1003,.F.);
#123=ORIENTED_EDGE('',*,*,#1008,.T.);
#124=ORIENTED_EDGE('',*,*,#1009,.T.);
#125=ORIENTED_EDGE('',*,*,#1010,.F.);
#126=ORIENTED_EDGE('',*,*,#1006,.F.);
#127=ORIENTED_EDGE('',*,*,#1011,.T.);
#128=ORIENTED_EDGE('',*,*,#1012,.T.);
#129=ORIENTED_EDGE('',*,*,#1013,.F.);
#130=ORIENTED_EDGE('',*,*,#1009,.F.);
#131=ORIENTED_EDGE('',*,*,#1014,.T.);
#132=ORIENTED_EDGE('',*,*,#1015,.T.);
#133=ORIENTED_EDGE('',*,*,#1016,.F.);
#134=ORIENTED_EDGE('',*,*,#1012,.F.);
#135=ORIENTED_EDGE('',*,*,#1017,.T.);
#136=ORIENTED_EDGE('',*,*,#1018,.T.);
#137=ORIENTED_EDGE('',*,*,#1019,.F.);
#138=ORIENTED_EDGE('',*,*,#1015,.F.);
#139=ORIENTED_EDGE('',*,*,#1020,.T.);
#140=ORIENTED_EDGE('',*,*,#1021,.T.);
#141=ORIENTED_EDGE('',*,*,#1022,.F.);
#142=ORIENTED_EDGE('',*,*,#1018,.F.);
#143=ORIENTED_EDGE('',*,*,#1023,.T.);
#144=ORIENTED_EDGE('',*,*,#1024,.T.);
#145=ORIENTED_EDGE('',*,*,#1025,.F.);
#146=ORIENTED_EDGE('',*,*,#1021,.F.);
#147=ORIENTED_EDGE('',*,*,#1026,.T.);
#148=ORIENTED_EDGE('',*,*,#1027,.T.);
#149=ORIENTED_EDGE('',*,*,#1028,.F.);
#150=ORIENTED_EDGE('',*,*,#1024,.F.);
#151=ORIENTED_EDGE('',*,*,#1029,.T.);
#152=ORIENTED_EDGE('',*,*,#1030,.T.);
#153=ORIENTED_EDGE('',*,*,#1031,.F.);
#154=ORIENTED_EDGE('',*,*,#1027,.F.);
#155=ORIENTED_EDGE('',*,*,#1032,.T.);
#156=ORIENTED_EDGE('',*,*,#1033,.T.);
#157=ORIENTED_EDGE('',*,*,#1034,.F.);
#158=ORIENTED_EDGE('',*,*,#1030,.F.);
#159=ORIENTED_EDGE('',*,*,#1035,.T.);
#160=ORIENTED_EDGE('',*,*,#1036,.T.);
#161=ORIENTED_EDGE('',*,*,#1037,.F.);
#162=ORIENTED_EDGE('',*,*,#1033,.F.);
#163=ORIENTED_EDGE('',*,*,#1038,.T.);
#164=ORIENTED_EDGE('',*,*,#1039,.T.);
#165=ORIENTED_EDGE('',*,*,#1040,.F.);
#166=ORIENTED_EDGE('',*,*,#1036,.F.);
#167=ORIENTED_EDGE('',*,*,#1041,.T.);
#168=ORIENTED_EDGE('',*,*,#1042,.T.);
#169=ORIENTED_EDGE('',*,*,#1043,.F.);
#170=ORIENTED_EDGE('',*,*,#1039,.F.);
#171=ORIENTED_EDGE('',*,*,#1044,.T.);
#172=ORIENTED_EDGE('',*,*,#1045,.T.);
#173=ORIENTED_EDGE('',*,*,#1046,.F.);
#174=ORIENTED_EDGE('',*,*,#1042,.F.);
#175=ORIENTED_EDGE('',*,*,#1047,.T.);
#176=ORIENTED_EDGE('',*,*,#1048,.T.);
#177=ORIENTED_EDGE('',*,*,#1049,.F.);
#178=ORIENTED_EDGE('',*,*,#1045,.F.);
#179=ORIENTED_EDGE('',*,*,#1050,.T.);
#180=ORIENTED_EDGE('',*,*,#1051,.T.);
#181=ORIENTED_EDGE('',*,*,#1052,.F.);
#182=ORIENTED_EDGE('',*,*,#1048,.F.);
#183=ORIENTED_EDGE('',*,*,#1053,.T.);
#184=ORIENTED_EDGE('',*,*,#1054,.T.);
#185=ORIENTED_EDGE('',*,*,#1055,.F.);
#186=ORIENTED_EDGE('',*,*,#1051,.F.);
#187=ORIENTED_EDGE('',*,*,#1056,.T.);
#188=ORIENTED_EDGE('',*,*,#1057,.T.);
#189=ORIENTED_EDGE('',*,*,#1058,.F.);
#190=ORIENTED_EDGE('',*,*,#1054,.F.);
#191=ORIENTED_EDGE('',*,*,#1059,.T.);
#192=ORIENTED_EDGE('',*,*,#1060,.T.);
#193=ORIENTED_EDGE('',*,*,#1061,.F.);
#194=ORIENTED_EDGE('',*,*,#1057,.F.);
#195=ORIENTED_EDGE('',*,*,#1062,.T.);
#196=ORIENTED_EDGE('',*,*,#1063,.T.);
#197=ORIENTED_EDGE('',*,*,#1064,.F.);
#198=ORIENTED_EDGE('',*,*,#1060,.F.);
#199=ORIENTED_EDGE('',*,*,#1065,.T.);
#200=ORIENTED_EDGE('',*,*,#1066,.T.);
#201=ORIENTED_EDGE('',*,*,#1067,.F.);
#202=ORIENTED_EDGE('',*,*,#1063,.F.);
#203=ORIENTED_EDGE('',*,*,#1068,.T.);
#204=ORIENTED_EDGE('',*,*,#1069,.T.);
#205=ORIENTED_EDGE('',*,*,#1070,.F.);
#206=ORIENTED_EDGE('',*,*,#1066,.F.);
#207=ORIENTED_EDGE('',*,*,#1071,.T.);
#208=ORIENTED_EDGE('',*,*,#1072,.T.);
#209=ORIENTED_EDGE('',*,*,#1073,.F.);
#210=ORIENTED_EDGE('',*,*,#1069,.F.);
#211=ORIENTED_EDGE('',*,*,#1074,.T.);
#212=ORIENTED_EDGE('',*,*,#1075,.T.);
#213=ORIENTED_EDGE('',*,*,#1076,.F.);
#214=ORIENTED_EDGE('',*,*,#1072,.F.);
#215=ORIENTED_EDGE('',*,*,#1077,.T.);
#216=ORIENTED_EDGE('',*,*,#1078,.T.);
#217=ORIENTED_EDGE('',*,*,#1079,.F.);
#218=ORIENTED_EDGE('',*,*,#1075,.F.);
#219=ORIENTED_EDGE('',*,*,#1080,.T.);
#220=ORIENTED_EDGE('',*,*,#1081,.T.);
#221=ORIENTED_EDGE('',*,*,#1082,.F.);
#222=ORIENTED_EDGE('',*,*,#1078,.F.);
#223=ORIENTED_EDGE('',*,*,#1083,.T.);
#224=ORIENTED_EDGE('',*,*,#1084,.T.);
#225=ORIENTED_EDGE('',*,*,#1085,.F.);
#226=ORIENTED_EDGE('',*,*,#1081,.F.);
#227=ORIENTED_EDGE('',*,*,#1086,.T.);
#228=ORIENTED_EDGE('',*,*,#1087,.T.);
#229=ORIENTED_EDGE('',*,*,#1088,.F.);
#230=ORIENTED_EDGE('',*,*,#1084,.F.);
#231=ORIENTED_EDGE('',*,*,#1089,.T.);
#232=ORIENTED_EDGE('',*,*,#1090,.T.);
#233=ORIENTED_EDGE('',*,*,#1091,.F.);
#234=ORIENTED_EDGE('',*,*,#1092,.F.);
#235=ORIENTED_EDGE('',*,*,#1093,.T.);
#236=ORIENTED_EDGE('',*,*,#1094,.T.);
#237=ORIENTED_EDGE('',*,*,#1093,.F.);
#238=ORIENTED_EDGE('',*,*,#1095,.F.);
#239=ORIENTED_EDGE('',*,*,#1096,.T.);
#240=ORIENTED_EDGE('',*,*,#1097,.T.);
#241=ORIENTED_EDGE('',*,*,#1096,.F.);
#242=ORIENTED_EDGE('',*,*,#1098,.F.);
#243=ORIENTED_EDGE('',*,*,#1099,.T.);
#244=ORIENTED_EDGE('',*,*,#1100,.T.);
#245=ORIENTED_EDGE('',*,*,#1099,.F.);
#246=ORIENTED_EDGE('',*,*,#1101,.F.);
#247=ORIENTED_EDGE('',*,*,#1102,.T.);
#248=ORIENTED_EDGE('',*,*,#1103,.T.);
#249=ORIENTED_EDGE('',*,*,#1102,.F.);
#250=ORIENTED_EDGE('',*,*,#1104,.F.);
#251=ORIENTED_EDGE('',*,*,#1105,.T.);
#252=ORIENTED_EDGE('',*,*,#1106,.T.);
#253=ORIENTED_EDGE('',*,*,#1105,.F.);
#254=ORIENTED_EDGE('',*,*,#1107,.F.);
#255=ORIENTED_EDGE('',*,*,#1108,.T.);
#256=ORIENTED_EDGE('',*,*,#1109,.T.);
#257=ORIENTED_EDGE('',*,*,#1108,.F.);
#258=ORIENTED_EDGE('',*,*,#1110,.F.);
#259=ORIENTED_EDGE('',*,*,#1111,.T.);
#260=ORIENTED_EDGE('',*,*,#1112,.T.);
#261=ORIENTED_EDGE('',*,*,#1111,.F.);
#262=ORIENTED_EDGE('',*,*,#1113,.F.);
#263=ORIENTED_EDGE('',*,*,#1114,.T.);
#264=ORIENTED_EDGE('',*,*,#1115,.T.);
#265=ORIENTED_EDGE('',*,*,#1114,.F.);
#266=ORIENTED_EDGE('',*,*,#1116,.F.);
#267=ORIENTED_EDGE('',*,*,#1117,.T.);
#268=ORIENTED_EDGE('',*,*,#1118,.T.);
#269=ORIENTED_EDGE('',*,*,#1117,.F.);
#270=ORIENTED_EDGE('',*,*,#1119,.F.);
#271=ORIENTED_EDGE('',*,*,#1120,.T.);
#272=ORIENTED_EDGE('',*,*,#1121,.T.);
#273=ORIENTED_EDGE('',*,*,#1120,.F.);
#274=ORIENTED_EDGE('',*,*,#1122,.F.);
#275=ORIENTED_EDGE('',*,*,#1123,.T.);
#276=ORIENTED_EDGE('',*,*,#1124,.T.);
#277=ORIENTED_EDGE('',*,*,#1123,.F.);
#278=ORIENTED_EDGE('',*,*,#1125,.F.);
#279=ORIENTED_EDGE('',*,*,#1126,.T.);
#280=ORIENTED_EDGE('',*,*,#1127,.T.);
#281=ORIENTED_EDGE('',*,*,#1126,.F.);
#282=ORIENTED_EDGE('',*,*,#1128,.F.);
#283=ORIENTED_EDGE('',*,*,#1129,.T.);
#284=ORIENTED_EDGE('',*,*,#1130,.T.);
#285=ORIENTED_EDGE('',*,*,#1129,.F.);
#286=ORIENTED_EDGE('',*,*,#1131,.F.);
#287=ORIENTED_EDGE('',*,*,#1132,.T.);
#288=ORIENTED_EDGE('',*,*,#1133,.T.);
#289=ORIENTED_EDGE('',*,*,#1132,.F.);
#290=ORIENTED_EDGE('',*,*,#1134,.F.);
#291=ORIENTED_EDGE('',*,*,#1135,.T.);
#292=ORIENTED_EDGE('',*,*,#1136,.T.);
#293=ORIENTED_EDGE('',*,*,#1135,.F.);
#294=ORIENTED_EDGE('',*,*,#1137,.F.);
#295=ORIENTED_EDGE('',*,*,#1138,.T.);
#296=ORIENTED_EDGE('',*,*,#1139,.T.);
#297=ORIENTED_EDGE('',*,*,#1138,.F.);
#298=ORIENTED_EDGE('',*,*,#1140,.F.);
#299=ORIENTED_EDGE('',*,*,#1141,.T.);
#300=ORIENTED_EDGE('',*,*,#1142,.T.);
#301=ORIENTED_EDGE('',*,*,#1141,.F.);
#302=ORIENTED_EDGE('',*,*,#1143,.F.);
#303=ORIENTED_EDGE('',*,*,#1144,.T.);
#304=ORIENTED_EDGE('',*,*,#1145,.T.);
#305=ORIENTED_EDGE('',*,*,#1144,.F.);
#306=ORIENTED_EDGE('',*,*,#1146,.F.);
#307=ORIENTED_EDGE('',*,*,#1147,.T.);
#308=ORIENTED_EDGE('',*,*,#1148,.T.);
#309=ORIENTED_EDGE('',*,*,#1147,.F.);
#310=ORIENTED_EDGE('',*,*,#1149,.F.);
#311=ORIENTED_EDGE('',*,*,#1150,.T.);
#312=ORIENTED_EDGE('',*,*,#1151,.T.);
#313=ORIENTED_EDGE('',*,*,#1150,.F.);
#314=ORIENTED_EDGE('',*,*,#1152,.F.);
#315=ORIENTED_EDGE('',*,*,#1153,.T.);
#316=ORIENTED_EDGE('',*,*,#1154,.T.);
#317=ORIENTED_EDGE('',*,*,#1153,.F.);
#318=ORIENTED_EDGE('',*,*,#1155,.F.);
#319=ORIENTED_EDGE('',*,*,#1156,.T.);
#320=ORIENTED_EDGE('',*,*,#1157,.T.);
#321=ORIENTED_EDGE('',*,*,#1156,.F.);
#322=ORIENTED_EDGE('',*,*,#1158,.F.);
#323=ORIENTED_EDGE('',*,*,#1159,.T.);
#324=ORIENTED_EDGE('',*,*,#1160,.T.);
#325=ORIENTED_EDGE('',*,*,#1159,.F.);
#326=ORIENTED_EDGE('',*,*,#1161,.F.);
#327=ORIENTED_EDGE('',*,*,#1162,.T.);
#328=ORIENTED_EDGE('',*,*,#1163,.T.);
#329=ORIENTED_EDGE('',*,*,#1162,.F.);
#330=ORIENTED_EDGE('',*,*,#1164,.F.);
#331=ORIENTED_EDGE('',*,*,#1165,.T.);
#332=ORIENTED_EDGE('',*,*,#1166,.T.);
#333=ORIENTED_EDGE('',*,*,#1165,.F.);
#334=ORIENTED_EDGE('',*,*,#1167,.F.);
#335=ORIENTED_EDGE('',*,*,#1168,.T.);
#336=ORIENTED_EDGE('',*,*,#1169,.T.);
#337=ORIENTED_EDGE('',*,*,#1168,.F.);
#338=ORIENTED_EDGE('',*,*,#1170,.F.);
#339=ORIENTED_EDGE('',*,*,#1171,.T.);
#340=ORIENTED_EDGE('',*,*,#1172,.T.);
#341=ORIENTED_EDGE('',*,*,#1171,.F.);
#342=ORIENTED_EDGE('',*,*,#1173,.F.);
#343=ORIENTED_EDGE('',*,*,#1174,.T.);
#344=ORIENTED_EDGE('',*,*,#1175,.T.);
#345=ORIENTED_EDGE('',*,*,#1174,.F.);
#346=ORIENTED_EDGE('',*,*,#1176,.F.);
#347=ORIENTED_EDGE('',*,*,#1177,.T.);
#348=ORIENTED_EDGE('',*,*,#1178,.T.);
#349=ORIENTED_EDGE('',*,*,#1177,.F.);
#350=ORIENTED_EDGE('',*,*,#1179,.F.);
#351=ORIENTED_EDGE('',*,*,#1180,.T.);
#352=ORIENTED_EDGE('',*,*,#1181,.T.);
#353=ORIENTED_EDGE('',*,*,#1180,.F.);
#354=ORIENTED_EDGE('',*,*,#1182,.F.);
#355=ORIENTED_EDGE('',*,*,#1183,.T.);
#356=ORIENTED_EDGE('',*,*,#1184,.T.);
#357=ORIENTED_EDGE('',*,*,#1183,.F.);
#358=ORIENTED_EDGE('',*,*,#1185,.F.);
#359=ORIENTED_EDGE('',*,*,#1186,.T.);
#360=ORIENTED_EDGE('',*,*,#1187,.T.);
#361=ORIENTED_EDGE('',*,*,#1186,.F.);
#362=ORIENTED_EDGE('',*,*,#1188,.F.);
#363=ORIENTED_EDGE('',*,*,#1189,.T.);
#364=ORIENTED_EDGE('',*,*,#1190,.T.);
#365=ORIENTED_EDGE('',*,*,#1189,.F.);
#366=ORIENTED_EDGE('',*,*,#1191,.F.);
#367=ORIENTED_EDGE('',*,*,#1192,.T.);
#368=ORIENTED_EDGE('',*,*,#1193,.T.);
#369=ORIENTED_EDGE('',*,*,#1192,.F.);
#370=ORIENTED_EDGE('',*,*,#1194,.F.);
#371=ORIENTED_EDGE('',*,*,#1195,.T.);
#372=ORIENTED_EDGE('',*,*,#1196,.T.);
#373=ORIENTED_EDGE('',*,*,#1195,.F.);
#374=ORIENTED_EDGE('',*,*,#1197,.F.);
#375=ORIENTED_EDGE('',*,*,#1198,.T.);
#376=ORIENTED_EDGE('',*,*,#1199,.T.);
#377=ORIENTED_EDGE('',*,*,#1198,.F.);
#378=ORIENTED_EDGE('',*,*,#1200,.F.);
#379=ORIENTED_EDGE('',*,*,#1201,.T.);
#380=ORIENTED_EDGE('',*,*,#1202,.T.);
#381=ORIENTED_EDGE('',*,*,#1201,.F.);
#382=ORIENTED_EDGE('',*,*,#1203,.F.);
#383=ORIENTED_EDGE('',*,*,#1204,.T.);
#384=ORIENTED_EDGE('',*,*,#1205,.T.);
#385=ORIENTED_EDGE('',*,*,#1204,.F.);
#386=ORIENTED_EDGE('',*,*,#1206,.F.);
#387=ORIENTED_EDGE('',*,*,#1207,.T.);
#388=ORIENTED_EDGE('',*,*,#1208,.T.);
#389=ORIENTED_EDGE('',*,*,#1207,.F.);
#390=ORIENTED_EDGE('',*,*,#1209,.F.);
#391=ORIENTED_EDGE('',*,*,#1210,.T.);
#392=ORIENTED_EDGE('',*,*,#1211,.T.);
#393=ORIENTED_EDGE('',*,*,#1210,.F.);
#394=ORIENTED_EDGE('',*,*,#1212,.F.);
#395=ORIENTED_EDGE('',*,*,#1213,.T.);
#396=ORIENTED_EDGE('',*,*,#1214,.T.);
#397=ORIENTED_EDGE('',*,*,#1213,.F.);
#398=ORIENTED_EDGE('',*,*,#1215,.F.);
#399=ORIENTED_EDGE('',*,*,#1216,.T.);
#400=ORIENTED_EDGE('',*,*,#1217,.T.);
#401=ORIENTED_EDGE('',*,*,#1216,.F.);
#402=ORIENTED_EDGE('',*,*,#1218,.F.);
#403=ORIENTED_EDGE('',*,*,#1219,.T.);
#404=ORIENTED_EDGE('',*,*,#1220,.T.);
#405=ORIENTED_EDGE('',*,*,#1219,.F.);
#406=ORIENTED_EDGE('',*,*,#1221,.F.);
#407=ORIENTED_EDGE('',*,*,#1222,.T.);
#408=ORIENTED_EDGE('',*,*,#1223,.T.);
#409=ORIENTED_EDGE('',*,*,#1222,.F.);
#410=ORIENTED_EDGE('',*,*,#1224,.F.);
#411=ORIENTED_EDGE('',*,*,#1225,.T.);
#412=ORIENTED_EDGE('',*,*,#1226,.T.);
#413=ORIENTED_EDGE('',*,*,#1225,.F.);
#414=ORIENTED_EDGE('',*,*,#1227,.F.);
#415=ORIENTED_EDGE('',*,*,#1228,.T.);
#416=ORIENTED_EDGE('',*,*,#1229,.T.);
#417=ORIENTED_EDGE('',*,*,#1228,.F.);
#418=ORIENTED_EDGE('',*,*,#1230,.F.);
#419=ORIENTED_EDGE('',*,*,#1231,.T.);
#420=ORIENTED_EDGE('',*,*,#1232,.T.);
#421=ORIENTED_EDGE('',*,*,#1231,.F.);
#422=ORIENTED_EDGE('',*,*,#1233,.F.);
#423=ORIENTED_EDGE('',*,*,#1234,.T.);
#424=ORIENTED_EDGE('',*,*,#1235,.T.);
#425=ORIENTED_EDGE('',*,*,#1234,.F.);
#426=ORIENTED_EDGE('',*,*,#1236,.F.);
#427=ORIENTED_EDGE('',*,*,#1237,.T.);
#428=ORIENTED_EDGE('',*,*,#1238,.T.);
#429=ORIENTED_EDGE('',*,*,#1237,.F.);
#430=ORIENTED_EDGE('',*,*,#1239,.F.);
#431=ORIENTED_EDGE('',*,*,#1240,.T.);
#432=ORIENTED_EDGE('',*,*,#1241,.T.);
#433=ORIENTED_EDGE('',*,*,#1240,.F.);
#434=ORIENTED_EDGE('',*,*,#1242,.F.);
#435=ORIENTED_EDGE('',*,*,#1243,.T.);
#436=ORIENTED_EDGE('',*,*,#1244,.T.);
#437=ORIENTED_EDGE('',*,*,#1243,.F.);
#438=ORIENTED_EDGE('',*,*,#1245,.F.);
#439=ORIENTED_EDGE('',*,*,#1246,.T.);
#440=ORIENTED_EDGE('',*,*,#1247,.T.);
#441=ORIENTED_EDGE('',*,*,#1246,.F.);
#442=ORIENTED_EDGE('',*,*,#1248,.F.);
#443=ORIENTED_EDGE('',*,*,#1249,.T.);
#444=ORIENTED_EDGE('',*,*,#1250,.T.);
#445=ORIENTED_EDGE('',*,*,#1249,.F.);
#446=ORIENTED_EDGE('',*,*,#1251,.F.);
#447=ORIENTED_EDGE('',*,*,#1252,.T.);
#448=ORIENTED_EDGE('',*,*,#1253,.T.);
#449=ORIENTED_EDGE('',*,*,#1252,.F.);
#450=ORIENTED_EDGE('',*,*,#1254,.F.);
#451=ORIENTED_EDGE('',*,*,#1255,.T.);
#452=ORIENTED_EDGE('',*,*,#1256,.T.);
#453=ORIENTED_EDGE('',*,*,#1255,.F.);
#454=ORIENTED_EDGE('',*,*,#1257,.F.);
#455=ORIENTED_EDGE('',*,*,#1091,.T.);
#456=ORIENTED_EDGE('',*,*,#926,.T.);
#457=ORIENTED_EDGE('',*,*,#1258,.F.);
#458=ORIENTED_EDGE('',*,*,#1087,.F.);
#459=ORIENTED_EDGE('',*,*,#1259,.T.);
#460=ORIENTED_EDGE('',*,*,#1092,.T.);
#461=ORIENTED_EDGE('',*,*,#1257,.T.);
#462=ORIENTED_EDGE('',*,*,#1254,.T.);
#463=ORIENTED_EDGE('',*,*,#1251,.T.);
#464=ORIENTED_EDGE('',*,*,#1248,.T.);
#465=ORIENTED_EDGE('',*,*,#1245,.T.);
#466=ORIENTED_EDGE('',*,*,#1242,.T.);
#467=ORIENTED_EDGE('',*,*,#1239,.T.);
#468=ORIENTED_EDGE('',*,*,#1236,.T.);
#469=ORIENTED_EDGE('',*,*,#1233,.T.);
#470=ORIENTED_EDGE('',*,*,#1230,.T.);
#471=ORIENTED_EDGE('',*,*,#1227,.T.);
#472=ORIENTED_EDGE('',*,*,#1224,.T.);
#473=ORIENTED_EDGE('',*,*,#1221,.T.);
#474=ORIENTED_EDGE('',*,*,#1218,.T.);
#475=ORIENTED_EDGE('',*,*,#1215,.T.);
#476=ORIENTED_EDGE('',*,*,#1212,.T.);
#477=ORIENTED_EDGE('',*,*,#1209,.T.);
#478=ORIENTED_EDGE('',*,*,#1206,.T.);
#479=ORIENTED_EDGE('',*,*,#1203,.T.);
#480=ORIENTED_EDGE('',*,*,#1200,.T.);
#481=ORIENTED_EDGE('',*,*,#1197,.T.);
#482=ORIENTED_EDGE('',*,*,#1194,.T.);
#483=ORIENTED_EDGE('',*,*,#1191,.T.);
#484=ORIENTED_EDGE('',*,*,#1188,.T.);
#485=ORIENTED_EDGE('',*,*,#1185,.T.);
#486=ORIENTED_EDGE('',*,*,#1182,.T.);
#487=ORIENTED_EDGE('',*,*,#1179,.T.);
#488=ORIENTED_EDGE('',*,*,#1176,.T.);
#489=ORIENTED_EDGE('',*,*,#1173,.T.);
#490=ORIENTED_EDGE('',*,*,#1170,.T.);
#491=ORIENTED_EDGE('',*,*,#1167,.T.);
#492=ORIENTED_EDGE('',*,*,#1164,.T.);
#493=ORIENTED_EDGE('',*,*,#1161,.T.);
#494=ORIENTED_EDGE('',*,*,#1158,.T.);
#495=ORIENTED_EDGE('',*,*,#1155,.T.);
#496=ORIENTED_EDGE('',*,*,#1152,.T.);
#497=ORIENTED_EDGE('',*,*,#1149,.T.);
#498=ORIENTED_EDGE('',*,*,#1146,.T.);
#499=ORIENTED_EDGE('',*,*,#1143,.T.);
#500=ORIENTED_EDGE('',*,*,#1140,.T.);
#501=ORIENTED_EDGE('',*,*,#1137,.T.);
#502=ORIENTED_EDGE('',*,*,#1134,.T.);
#503=ORIENTED_EDGE('',*,*,#1131,.T.);
#504=ORIENTED_EDGE('',*,*,#1128,.T.);
#505=ORIENTED_EDGE('',*,*,#1125,.T.);
#506=ORIENTED_EDGE('',*,*,#1122,.T.);
#507=ORIENTED_EDGE('',*,*,#1119,.T.);
#508=ORIENTED_EDGE('',*,*,#1116,.T.);
#509=ORIENTED_EDGE('',*,*,#1113,.T.);
#510=ORIENTED_EDGE('',*,*,#1110,.T.);
#511=ORIENTED_EDGE('',*,*,#1107,.T.);
#512=ORIENTED_EDGE('',*,*,#1104,.T.);
#513=ORIENTED_EDGE('',*,*,#1101,.T.);
#514=ORIENTED_EDGE('',*,*,#1098,.T.);
#515=ORIENTED_EDGE('',*,*,#1095,.T.);
#516=ORIENTED_EDGE('',*,*,#927,.F.);
#517=ORIENTED_EDGE('',*,*,#1259,.F.);
#518=ORIENTED_EDGE('',*,*,#1089,.F.);
#519=ORIENTED_EDGE('',*,*,#1086,.F.);
#520=ORIENTED_EDGE('',*,*,#1083,.F.);
#521=ORIENTED_EDGE('',*,*,#1080,.F.);
#522=ORIENTED_EDGE('',*,*,#1077,.F.);
#523=ORIENTED_EDGE('',*,*,#1074,.F.);
#524=ORIENTED_EDGE('',*,*,#1071,.F.);
#525=ORIENTED_EDGE('',*,*,#1068,.F.);
#526=ORIENTED_EDGE('',*,*,#1065,.F.);
#527=ORIENTED_EDGE('',*,*,#1062,.F.);
#528=ORIENTED_EDGE('',*,*,#1059,.F.);
#529=ORIENTED_EDGE('',*,*,#1056,.F.);
#530=ORIENTED_EDGE('',*,*,#1053,.F.);
#531=ORIENTED_EDGE('',*,*,#1050,.F.);
#532=ORIENTED_EDGE('',*,*,#1047,.F.);
#533=ORIENTED_EDGE('',*,*,#1044,.F.);
#534=ORIENTED_EDGE('',*,*,#1041,.F.);
#535=ORIENTED_EDGE('',*,*,#1038,.F.);
#536=ORIENTED_EDGE('',*,*,#1035,.F.);
#537=ORIENTED_EDGE('',*,*,#1032,.F.);
#538=ORIENTED_EDGE('',*,*,#1029,.F.);
#539=ORIENTED_EDGE('',*,*,#1026,.F.);
#540=ORIENTED_EDGE('',*,*,#1023,.F.);
#541=ORIENTED_EDGE('',*,*,#1020,.F.);
#542=ORIENTED_EDGE('',*,*,#1017,.F.);
#543=ORIENTED_EDGE('',*,*,#1014,.F.);
#544=ORIENTED_EDGE('',*,*,#1011,.F.);
#545=ORIENTED_EDGE('',*,*,#1008,.F.);
#546=ORIENTED_EDGE('',*,*,#1005,.F.);
#547=ORIENTED_EDGE('',*,*,#1002,.F.);
#548=ORIENTED_EDGE('',*,*,#999,.F.);
#549=ORIENTED_EDGE('',*,*,#996,.F.);
#550=ORIENTED_EDGE('',*,*,#993,.F.);
#551=ORIENTED_EDGE('',*,*,#990,.F.);
#552=ORIENTED_EDGE('',*,*,#987,.F.);
#553=ORIENTED_EDGE('',*,*,#984,.F.);
#554=ORIENTED_EDGE('',*,*,#981,.F.);
#555=ORIENTED_EDGE('',*,*,#978,.F.);
#556=ORIENTED_EDGE('',*,*,#975,.F.);
#557=ORIENTED_EDGE('',*,*,#972,.F.);
#558=ORIENTED_EDGE('',*,*,#969,.F.);
#559=ORIENTED_EDGE('',*,*,#966,.F.);
#560=ORIENTED_EDGE('',*,*,#963,.F.);
#561=ORIENTED_EDGE('',*,*,#960,.F.);
#562=ORIENTED_EDGE('',*,*,#957,.F.);
#563=ORIENTED_EDGE('',*,*,#954,.F.);
#564=ORIENTED_EDGE('',*,*,#951,.F.);
#565=ORIENTED_EDGE('',*,*,#948,.F.);
#566=ORIENTED_EDGE('',*,*,#945,.F.);
#567=ORIENTED_EDGE('',*,*,#942,.F.);
#568=ORIENTED_EDGE('',*,*,#939,.F.);
#569=ORIENTED_EDGE('',*,*,#936,.F.);
#570=ORIENTED_EDGE('',*,*,#933,.F.);
#571=ORIENTED_EDGE('',*,*,#930,.F.);
#572=ORIENTED_EDGE('',*,*,#1260,.T.);
#573=ORIENTED_EDGE('',*,*,#1261,.T.);
#574=ORIENTED_EDGE('',*,*,#1262,.T.);
#575=ORIENTED_EDGE('',*,*,#1263,.T.);
#576=ORIENTED_EDGE('',*,*,#1264,.T.);
#577=ORIENTED_EDGE('',*,*,#1265,.T.);
#578=ORIENTED_EDGE('',*,*,#1266,.T.);
#579=ORIENTED_EDGE('',*,*,#1267,.T.);
#580=ORIENTED_EDGE('',*,*,#1268,.T.);
#581=ORIENTED_EDGE('',*,*,#1269,.T.);
#582=ORIENTED_EDGE('',*,*,#1270,.T.);
#583=ORIENTED_EDGE('',*,*,#1271,.T.);
#584=ORIENTED_EDGE('',*,*,#1272,.T.);
#585=ORIENTED_EDGE('',*,*,#1273,.T.);
#586=ORIENTED_EDGE('',*,*,#1274,.T.);
#587=ORIENTED_EDGE('',*,*,#1275,.T.);
#588=ORIENTED_EDGE('',*,*,#1276,.T.);
#589=ORIENTED_EDGE('',*,*,#1277,.T.);
#590=ORIENTED_EDGE('',*,*,#1278,.T.);
#591=ORIENTED_EDGE('',*,*,#1279,.T.);
#592=ORIENTED_EDGE('',*,*,#1280,.T.);
#593=ORIENTED_EDGE('',*,*,#1281,.T.);
#594=ORIENTED_EDGE('',*,*,#1282,.T.);
#595=ORIENTED_EDGE('',*,*,#1283,.T.);
#596=ORIENTED_EDGE('',*,*,#1284,.T.);
#597=ORIENTED_EDGE('',*,*,#1285,.T.);
#598=ORIENTED_EDGE('',*,*,#1286,.T.);
#599=ORIENTED_EDGE('',*,*,#1287,.T.);
#600=ORIENTED_EDGE('',*,*,#1288,.T.);
#601=ORIENTED_EDGE('',*,*,#1289,.T.);
#602=ORIENTED_EDGE('',*,*,#1290,.T.);
#603=ORIENTED_EDGE('',*,*,#1291,.T.);
#604=ORIENTED_EDGE('',*,*,#1292,.T.);
#605=ORIENTED_EDGE('',*,*,#1293,.T.);
#606=ORIENTED_EDGE('',*,*,#1294,.T.);
#607=ORIENTED_EDGE('',*,*,#1295,.T.);
#608=ORIENTED_EDGE('',*,*,#1296,.T.);
#609=ORIENTED_EDGE('',*,*,#1297,.T.);
#610=ORIENTED_EDGE('',*,*,#1298,.T.);
#611=ORIENTED_EDGE('',*,*,#1299,.T.);
#612=ORIENTED_EDGE('',*,*,#1256,.F.);
#613=ORIENTED_EDGE('',*,*,#1090,.F.);
#614=ORIENTED_EDGE('',*,*,#1094,.F.);
#615=ORIENTED_EDGE('',*,*,#1097,.F.);
#616=ORIENTED_EDGE('',*,*,#1100,.F.);
#617=ORIENTED_EDGE('',*,*,#1103,.F.);
#618=ORIENTED_EDGE('',*,*,#1106,.F.);
#619=ORIENTED_EDGE('',*,*,#1109,.F.);
#620=ORIENTED_EDGE('',*,*,#1112,.F.);
#621=ORIENTED_EDGE('',*,*,#1115,.F.);
#622=ORIENTED_EDGE('',*,*,#1118,.F.);
#623=ORIENTED_EDGE('',*,*,#1121,.F.);
#624=ORIENTED_EDGE('',*,*,#1124,.F.);
#625=ORIENTED_EDGE('',*,*,#1127,.F.);
#626=ORIENTED_EDGE('',*,*,#1130,.F.);
#627=ORIENTED_EDGE('',*,*,#1133,.F.);
#628=ORIENTED_EDGE('',*,*,#1136,.F.);
#629=ORIENTED_EDGE('',*,*,#1139,.F.);
#630=ORIENTED_EDGE('',*,*,#1142,.F.);
#631=ORIENTED_EDGE('',*,*,#1145,.F.);
#632=ORIENTED_EDGE('',*,*,#1148,.F.);
#633=ORIENTED_EDGE('',*,*,#1151,.F.);
#634=ORIENTED_EDGE('',*,*,#1154,.F.);
#635=ORIENTED_EDGE('',*,*,#1157,.F.);
#636=ORIENTED_EDGE('',*,*,#1160,.F.);
#637=ORIENTED_EDGE('',*,*,#1163,.F.);
#638=ORIENTED_EDGE('',*,*,#1166,.F.);
#639=ORIENTED_EDGE('',*,*,#1169,.F.);
#640=ORIENTED_EDGE('',*,*,#1172,.F.);
#641=ORIENTED_EDGE('',*,*,#1175,.F.);
#642=ORIENTED_EDGE('',*,*,#1178,.F.);
#643=ORIENTED_EDGE('',*,*,#1181,.F.);
#644=ORIENTED_EDGE('',*,*,#1184,.F.);
#645=ORIENTED_EDGE('',*,*,#1187,.F.);
#646=ORIENTED_EDGE('',*,*,#1190,.F.);
#647=ORIENTED_EDGE('',*,*,#1193,.F.);
#648=ORIENTED_EDGE('',*,*,#1196,.F.);
#649=ORIENTED_EDGE('',*,*,#1199,.F.);
#650=ORIENTED_EDGE('',*,*,#1202,.F.);
#651=ORIENTED_EDGE('',*,*,#1205,.F.);
#652=ORIENTED_EDGE('',*,*,#1208,.F.);
#653=ORIENTED_EDGE('',*,*,#1211,.F.);
#654=ORIENTED_EDGE('',*,*,#1214,.F.);
#655=ORIENTED_EDGE('',*,*,#1217,.F.);
#656=ORIENTED_EDGE('',*,*,#1220,.F.);
#657=ORIENTED_EDGE('',*,*,#1223,.F.);
#658=ORIENTED_EDGE('',*,*,#1226,.F.);
#659=ORIENTED_EDGE('',*,*,#1229,.F.);
#660=ORIENTED_EDGE('',*,*,#1232,.F.);
#661=ORIENTED_EDGE('',*,*,#1235,.F.);
#662=ORIENTED_EDGE('',*,*,#1238,.F.);
#663=ORIENTED_EDGE('',*,*,#1241,.F.);
#664=ORIENTED_EDGE('',*,*,#1244,.F.);
#665=ORIENTED_EDGE('',*,*,#1247,.F.);
#666=ORIENTED_EDGE('',*,*,#1250,.F.);
#667=ORIENTED_EDGE('',*,*,#1253,.F.);
#668=ORIENTED_EDGE('',*,*,#1260,.F.);
#669=ORIENTED_EDGE('',*,*,#1300,.F.);
#670=ORIENTED_EDGE('',*,*,#1301,.T.);
#671=ORIENTED_EDGE('',*,*,#1302,.T.);
#672=ORIENTED_EDGE('',*,*,#1299,.F.);
#673=ORIENTED_EDGE('',*,*,#1303,.F.);
#674=ORIENTED_EDGE('',*,*,#1304,.T.);
#675=ORIENTED_EDGE('',*,*,#1300,.T.);
#676=ORIENTED_EDGE('',*,*,#1298,.F.);
#677=ORIENTED_EDGE('',*,*,#1305,.F.);
#678=ORIENTED_EDGE('',*,*,#1306,.T.);
#679=ORIENTED_EDGE('',*,*,#1303,.T.);
#680=ORIENTED_EDGE('',*,*,#1297,.F.);
#681=ORIENTED_EDGE('',*,*,#1307,.F.);
#682=ORIENTED_EDGE('',*,*,#1308,.T.);
#683=ORIENTED_EDGE('',*,*,#1305,.T.);
#684=ORIENTED_EDGE('',*,*,#1296,.F.);
#685=ORIENTED_EDGE('',*,*,#1309,.F.);
#686=ORIENTED_EDGE('',*,*,#1310,.T.);
#687=ORIENTED_EDGE('',*,*,#1307,.T.);
#688=ORIENTED_EDGE('',*,*,#1295,.F.);
#689=ORIENTED_EDGE('',*,*,#1311,.F.);
#690=ORIENTED_EDGE('',*,*,#1312,.T.);
#691=ORIENTED_EDGE('',*,*,#1309,.T.);
#692=ORIENTED_EDGE('',*,*,#1294,.F.);
#693=ORIENTED_EDGE('',*,*,#1313,.F.);
#694=ORIENTED_EDGE('',*,*,#1314,.T.);
#695=ORIENTED_EDGE('',*,*,#1311,.T.);
#696=ORIENTED_EDGE('',*,*,#1293,.F.);
#697=ORIENTED_EDGE('',*,*,#1315,.F.);
#698=ORIENTED_EDGE('',*,*,#1316,.T.);
#699=ORIENTED_EDGE('',*,*,#1313,.T.);
#700=ORIENTED_EDGE('',*,*,#1292,.F.);
#701=ORIENTED_EDGE('',*,*,#1317,.F.);
#702=ORIENTED_EDGE('',*,*,#1318,.T.);
#703=ORIENTED_EDGE('',*,*,#1315,.T.);
#704=ORIENTED_EDGE('',*,*,#1291,.F.);
#705=ORIENTED_EDGE('',*,*,#1319,.F.);
#706=ORIENTED_EDGE('',*,*,#1320,.T.);
#707=ORIENTED_EDGE('',*,*,#1317,.T.);
#708=ORIENTED_EDGE('',*,*,#1290,.F.);
#709=ORIENTED_EDGE('',*,*,#1321,.F.);
#710=ORIENTED_EDGE('',*,*,#1322,.T.);
#711=ORIENTED_EDGE('',*,*,#1319,.T.);
#712=ORIENTED_EDGE('',*,*,#1289,.F.);
#713=ORIENTED_EDGE('',*,*,#1323,.F.);
#714=ORIENTED_EDGE('',*,*,#1324,.T.);
#715=ORIENTED_EDGE('',*,*,#1321,.T.);
#716=ORIENTED_EDGE('',*,*,#1288,.F.);
#717=ORIENTED_EDGE('',*,*,#1325,.F.);
#718=ORIENTED_EDGE('',*,*,#1326,.T.);
#719=ORIENTED_EDGE('',*,*,#1323,.T.);
#720=ORIENTED_EDGE('',*,*,#1287,.F.);
#721=ORIENTED_EDGE('',*,*,#1327,.F.);
#722=ORIENTED_EDGE('',*,*,#1328,.T.);
#723=ORIENTED_EDGE('',*,*,#1325,.T.);
#724=ORIENTED_EDGE('',*,*,#1286,.F.);
#725=ORIENTED_EDGE('',*,*,#1329,.F.);
#726=ORIENTED_EDGE('',*,*,#1330,.T.);
#727=ORIENTED_EDGE('',*,*,#1327,.T.);
#728=ORIENTED_EDGE('',*,*,#1285,.F.);
#729=ORIENTED_EDGE('',*,*,#1331,.F.);
#730=ORIENTED_EDGE('',*,*,#1332,.T.);
#731=ORIENTED_EDGE('',*,*,#1329,.T.);
#732=ORIENTED_EDGE('',*,*,#1284,.F.);
#733=ORIENTED_EDGE('',*,*,#1333,.F.);
#734=ORIENTED_EDGE('',*,*,#1334,.T.);
#735=ORIENTED_EDGE('',*,*,#1331,.T.);
#736=ORIENTED_EDGE('',*,*,#1283,.F.);
#737=ORIENTED_EDGE('',*,*,#1335,.F.);
#738=ORIENTED_EDGE('',*,*,#1336,.T.);
#739=ORIENTED_EDGE('',*,*,#1333,.T.);
#740=ORIENTED_EDGE('',*,*,#1282,.F.);
#741=ORIENTED_EDGE('',*,*,#1337,.F.);
#742=ORIENTED_EDGE('',*,*,#1338,.T.);
#743=ORIENTED_EDGE('',*,*,#1335,.T.);
#744=ORIENTED_EDGE('',*,*,#1281,.F.);
#745=ORIENTED_EDGE('',*,*,#1339,.F.);
#746=ORIENTED_EDGE('',*,*,#1340,.T.);
#747=ORIENTED_EDGE('',*,*,#1337,.T.);
#748=ORIENTED_EDGE('',*,*,#1280,.F.);
#749=ORIENTED_EDGE('',*,*,#1341,.F.);
#750=ORIENTED_EDGE('',*,*,#1342,.T.);
#751=ORIENTED_EDGE('',*,*,#1339,.T.);
#752=ORIENTED_EDGE('',*,*,#1279,.F.);
#753=ORIENTED_EDGE('',*,*,#1343,.F.);
#754=ORIENTED_EDGE('',*,*,#1344,.T.);
#755=ORIENTED_EDGE('',*,*,#1341,.T.);
#756=ORIENTED_EDGE('',*,*,#1278,.F.);
#757=ORIENTED_EDGE('',*,*,#1345,.F.);
#758=ORIENTED_EDGE('',*,*,#1346,.T.);
#759=ORIENTED_EDGE('',*,*,#1343,.T.);
#760=ORIENTED_EDGE('',*,*,#1277,.F.);
#761=ORIENTED_EDGE('',*,*,#1347,.F.);
#762=ORIENTED_EDGE('',*,*,#1348,.T.);
#763=ORIENTED_EDGE('',*,*,#1345,.T.);
#764=ORIENTED_EDGE('',*,*,#1276,.F.);
#765=ORIENTED_EDGE('',*,*,#1349,.F.);
#766=ORIENTED_EDGE('',*,*,#1350,.T.);
#767=ORIENTED_EDGE('',*,*,#1347,.T.);
#768=ORIENTED_EDGE('',*,*,#1275,.F.);
#769=ORIENTED_EDGE('',*,*,#1351,.F.);
#770=ORIENTED_EDGE('',*,*,#1352,.T.);
#771=ORIENTED_EDGE('',*,*,#1349,.T.);
#772=ORIENTED_EDGE('',*,*,#1274,.F.);
#773=ORIENTED_EDGE('',*,*,#1353,.F.);
#774=ORIENTED_EDGE('',*,*,#1354,.T.);
#775=ORIENTED_EDGE('',*,*,#1351,.T.);
#776=ORIENTED_EDGE('',*,*,#1273,.F.);
#777=ORIENTED_EDGE('',*,*,#1355,.F.);
#778=ORIENTED_EDGE('',*,*,#1356,.T.);
#779=ORIENTED_EDGE('',*,*,#1353,.T.);
#780=ORIENTED_EDGE('',*,*,#1272,.F.);
#781=ORIENTED_EDGE('',*,*,#1357,.F.);
#782=ORIENTED_EDGE('',*,*,#1358,.T.);
#783=ORIENTED_EDGE('',*,*,#1355,.T.);
#784=ORIENTED_EDGE('',*,*,#1271,.F.);
#785=ORIENTED_EDGE('',*,*,#1359,.F.);
#786=ORIENTED_EDGE('',*,*,#1360,.T.);
#787=ORIENTED_EDGE('',*,*,#1357,.T.);
#788=ORIENTED_EDGE('',*,*,#1270,.F.);
#789=ORIENTED_EDGE('',*,*,#1361,.F.);
#790=ORIENTED_EDGE('',*,*,#1362,.T.);
#791=ORIENTED_EDGE('',*,*,#1359,.T.);
#792=ORIENTED_EDGE('',*,*,#1269,.F.);
#793=ORIENTED_EDGE('',*,*,#1363,.F.);
#794=ORIENTED_EDGE('',*,*,#1364,.T.);
#795=ORIENTED_EDGE('',*,*,#1361,.T.);
#796=ORIENTED_EDGE('',*,*,#1268,.F.);
#797=ORIENTED_EDGE('',*,*,#1365,.F.);
#798=ORIENTED_EDGE('',*,*,#1366,.T.);
#799=ORIENTED_EDGE('',*,*,#1363,.T.);
#800=ORIENTED_EDGE('',*,*,#1267,.F.);
#801=ORIENTED_EDGE('',*,*,#1367,.F.);
#802=ORIENTED_EDGE('',*,*,#1368,.T.);
#803=ORIENTED_EDGE('',*,*,#1365,.T.);
#804=ORIENTED_EDGE('',*,*,#1266,.F.);
#805=ORIENTED_EDGE('',*,*,#1369,.F.);
#806=ORIENTED_EDGE('',*,*,#1370,.T.);
#807=ORIENTED_EDGE('',*,*,#1367,.T.);
#808=ORIENTED_EDGE('',*,*,#1265,.F.);
#809=ORIENTED_EDGE('',*,*,#1371,.F.);
#810=ORIENTED_EDGE('',*,*,#1372,.T.);
#811=ORIENTED_EDGE('',*,*,#1369,.T.);
#812=ORIENTED_EDGE('',*,*,#1264,.F.);
#813=ORIENTED_EDGE('',*,*,#1373,.F.);
#814=ORIENTED_EDGE('',*,*,#1374,.T.);
#815=ORIENTED_EDGE('',*,*,#1371,.T.);
#816=ORIENTED_EDGE('',*,*,#1263,.F.);
#817=ORIENTED_EDGE('',*,*,#1375,.F.);
#818=ORIENTED_EDGE('',*,*,#1376,.T.);
#819=ORIENTED_EDGE('',*,*,#1373,.T.);
#820=ORIENTED_EDGE('',*,*,#1262,.F.);
#821=ORIENTED_EDGE('',*,*,#1377,.F.);
#822=ORIENTED_EDGE('',*,*,#1378,.T.);
#823=ORIENTED_EDGE('',*,*,#1375,.T.);
#824=ORIENTED_EDGE('',*,*,#1261,.F.);
#825=ORIENTED_EDGE('',*,*,#1302,.F.);
#826=ORIENTED_EDGE('',*,*,#1379,.T.);
#827=ORIENTED_EDGE('',*,*,#1377,.T.);
#828=ORIENTED_EDGE('',*,*,#1301,.F.);
#829=ORIENTED_EDGE('',*,*,#1304,.F.);
#830=ORIENTED_EDGE('',*,*,#1306,.F.);
#831=ORIENTED_EDGE('',*,*,#1308,.F.);
#832=ORIENTED_EDGE('',*,*,#1310,.F.);
#833=ORIENTED_EDGE('',*,*,#1312,.F.);
#834=ORIENTED_EDGE('',*,*,#1314,.F.);
#835=ORIENTED_EDGE('',*,*,#1316,.F.);
#836=ORIENTED_EDGE('',*,*,#1318,.F.);
#837=ORIENTED_EDGE('',*,*,#1320,.F.);
#838=ORIENTED_EDGE('',*,*,#1322,.F.);
#839=ORIENTED_EDGE('',*,*,#1324,.F.);
#840=ORIENTED_EDGE('',*,*,#1326,.F.);
#841=ORIENTED_EDGE('',*,*,#1328,.F.);
#842=ORIENTED_EDGE('',*,*,#1330,.F.);
#843=ORIENTED_EDGE('',*,*,#1332,.F.);
#844=ORIENTED_EDGE('',*,*,#1334,.F.);
#845=ORIENTED_EDGE('',*,*,#1336,.F.);
#846=ORIENTED_EDGE('',*,*,#1338,.F.);
#847=ORIENTED_EDGE('',*,*,#1340,.F.);
#848=ORIENTED_EDGE('',*,*,#1342,.F.);
#849=ORIENTED_EDGE('',*,*,#1344,.F.);
#850=ORIENTED_EDGE('',*,*,#1346,.F.);
#851=ORIENTED_EDGE('',*,*,#1348,.F.);
#852=ORIENTED_EDGE('',*,*,#1350,.F.);
#853=ORIENTED_EDGE('',*,*,#1352,.F.);
#854=ORIENTED_EDGE('',*,*,#1354,.F.);
#855=ORIENTED_EDGE('',*,*,#1356,.F.);
#856=ORIENTED_EDGE('',*,*,#1358,.F.);
#857=ORIENTED_EDGE('',*,*,#1360,.F.);
#858=ORIENTED_EDGE('',*,*,#1362,.F.);
#859=ORIENTED_EDGE('',*,*,#1364,.F.);
#860=ORIENTED_EDGE('',*,*,#1366,.F.);
#861=ORIENTED_EDGE('',*,*,#1368,.F.);
#862=ORIENTED_EDGE('',*,*,#1370,.F.);
#863=ORIENTED_EDGE('',*,*,#1372,.F.);
#864=ORIENTED_EDGE('',*,*,#1374,.F.);
#865=ORIENTED_EDGE('',*,*,#1376,.F.);
#866=ORIENTED_EDGE('',*,*,#1378,.F.);
#867=ORIENTED_EDGE('',*,*,#1379,.F.);
#868=ORIENTED_EDGE('',*,*,#925,.T.);
#869=ORIENTED_EDGE('',*,*,#929,.T.);
#870=ORIENTED_EDGE('',*,*,#932,.T.);
#871=ORIENTED_EDGE('',*,*,#935,.T.);
#872=ORIENTED_EDGE('',*,*,#938,.T.);
#873=ORIENTED_EDGE('',*,*,#941,.T.);
#874=ORIENTED_EDGE('',*,*,#944,.T.);
#875=ORIENTED_EDGE('',*,*,#947,.T.);
#876=ORIENTED_EDGE('',*,*,#950,.T.);
#877=ORIENTED_EDGE('',*,*,#953,.T.);
#878=ORIENTED_EDGE('',*,*,#956,.T.);
#879=ORIENTED_EDGE('',*,*,#959,.T.);
#880=ORIENTED_EDGE('',*,*,#962,.T.);
#881=ORIENTED_EDGE('',*,*,#965,.T.);
#882=ORIENTED_EDGE('',*,*,#968,.T.);
#883=ORIENTED_EDGE('',*,*,#971,.T.);
#884=ORIENTED_EDGE('',*,*,#974,.T.);
#885=ORIENTED_EDGE('',*,*,#977,.T.);
#886=ORIENTED_EDGE('',*,*,#980,.T.);
#887=ORIENTED_EDGE('',*,*,#983,.T.);
#888=ORIENTED_EDGE('',*,*,#986,.T.);
#889=ORIENTED_EDGE('',*,*,#989,.T.);
#890=ORIENTED_EDGE('',*,*,#992,.T.);
#891=ORIENTED_EDGE('',*,*,#995,.T.);
#892=ORIENTED_EDGE('',*,*,#998,.T.);
#893=ORIENTED_EDGE('',*,*,#1001,.T.);
#894=ORIENTED_EDGE('',*,*,#1004,.T.);
#895=ORIENTED_EDGE('',*,*,#1007,.T.);
#896=ORIENTED_EDGE('',*,*,#1010,.T.);
#897=ORIENTED_EDGE('',*,*,#1013,.T.);
#898=ORIENTED_EDGE('',*,*,#1016,.T.);
#899=ORIENTED_EDGE('',*,*,#1019,.T.);
#900=ORIENTED_EDGE('',*,*,#1022,.T.);
#901=ORIENTED_EDGE('',*,*,#1025,.T.);
#902=ORIENTED_EDGE('',*,*,#1028,.T.);
#903=ORIENTED_EDGE('',*,*,#1031,.T.);
#904=ORIENTED_EDGE('',*,*,#1034,.T.);
#905=ORIENTED_EDGE('',*,*,#1037,.T.);
#906=ORIENTED_EDGE('',*,*,#1040,.T.);
#907=ORIENTED_EDGE('',*,*,#1043,.T.);
#908=ORIENTED_EDGE('',*,*,#1046,.T.);
#909=ORIENTED_EDGE('',*,*,#1049,.T.);
#910=ORIENTED_EDGE('',*,*,#1052,.T.);
#911=ORIENTED_EDGE('',*,*,#1055,.T.);
#912=ORIENTED_EDGE('',*,*,#1058,.T.);
#913=ORIENTED_EDGE('',*,*,#1061,.T.);
#914=ORIENTED_EDGE('',*,*,#1064,.T.);
#915=ORIENTED_EDGE('',*,*,#1067,.T.);
#916=ORIENTED_EDGE('',*,*,#1070,.T.);
#917=ORIENTED_EDGE('',*,*,#1073,.T.);
#918=ORIENTED_EDGE('',*,*,#1076,.T.);
#919=ORIENTED_EDGE('',*,*,#1079,.T.);
#920=ORIENTED_EDGE('',*,*,#1082,.T.);
#921=ORIENTED_EDGE('',*,*,#1085,.T.);
#922=ORIENTED_EDGE('',*,*,#1088,.T.);
#923=ORIENTED_EDGE('',*,*,#1258,.T.);
#924=EDGE_CURVE('',#1380,#1381,#1684,.T.);
#925=EDGE_CURVE('',#1382,#1381,#1685,.F.);
#926=EDGE_CURVE('',#1383,#1382,#1686,.T.);
#927=EDGE_CURVE('',#1383,#1380,#1687,.F.);
#928=EDGE_CURVE('',#1384,#1385,#1688,.T.);
#929=EDGE_CURVE('',#1381,#1385,#1689,.T.);
#930=EDGE_CURVE('',#1380,#1384,#1690,.T.);
#931=EDGE_CURVE('',#1386,#1387,#1691,.T.);
#932=EDGE_CURVE('',#1385,#1387,#1692,.T.);
#933=EDGE_CURVE('',#1384,#1386,#1693,.T.);
#934=EDGE_CURVE('',#1388,#1389,#1694,.T.);
#935=EDGE_CURVE('',#1387,#1389,#1695,.T.);
#936=EDGE_CURVE('',#1386,#1388,#1696,.T.);
#937=EDGE_CURVE('',#1390,#1391,#1697,.T.);
#938=EDGE_CURVE('',#1389,#1391,#1698,.T.);
#939=EDGE_CURVE('',#1388,#1390,#1699,.T.);
#940=EDGE_CURVE('',#1392,#1393,#1700,.T.);
#941=EDGE_CURVE('',#1391,#1393,#1701,.T.);
#942=EDGE_CURVE('',#1390,#1392,#1702,.T.);
#943=EDGE_CURVE('',#1394,#1395,#1703,.T.);
#944=EDGE_CURVE('',#1393,#1395,#1704,.T.);
#945=EDGE_CURVE('',#1392,#1394,#1705,.T.);
#946=EDGE_CURVE('',#1396,#1397,#1706,.T.);
#947=EDGE_CURVE('',#1395,#1397,#1707,.T.);
#948=EDGE_CURVE('',#1394,#1396,#1708,.T.);
#949=EDGE_CURVE('',#1398,#1399,#1709,.T.);
#950=EDGE_CURVE('',#1397,#1399,#1710,.T.);
#951=EDGE_CURVE('',#1396,#1398,#1711,.T.);
#952=EDGE_CURVE('',#1400,#1401,#1712,.T.);
#953=EDGE_CURVE('',#1399,#1401,#1713,.T.);
#954=EDGE_CURVE('',#1398,#1400,#1714,.T.);
#955=EDGE_CURVE('',#1402,#1403,#1715,.T.);
#956=EDGE_CURVE('',#1401,#1403,#1716,.T.);
#957=EDGE_CURVE('',#1400,#1402,#1717,.T.);
#958=EDGE_CURVE('',#1404,#1405,#1718,.T.);
#959=EDGE_CURVE('',#1403,#1405,#1719,.T.);
#960=EDGE_CURVE('',#1402,#1404,#1720,.T.);
#961=EDGE_CURVE('',#1406,#1407,#1721,.T.);
#962=EDGE_CURVE('',#1405,#1407,#1722,.T.);
#963=EDGE_CURVE('',#1404,#1406,#1723,.T.);
#964=EDGE_CURVE('',#1408,#1409,#1724,.T.);
#965=EDGE_CURVE('',#1407,#1409,#1725,.T.);
#966=EDGE_CURVE('',#1406,#1408,#1726,.T.);
#967=EDGE_CURVE('',#1410,#1411,#1727,.T.);
#968=EDGE_CURVE('',#1409,#1411,#1728,.T.);
#969=EDGE_CURVE('',#1408,#1410,#1729,.T.);
#970=EDGE_CURVE('',#1412,#1413,#1730,.T.);
#971=EDGE_CURVE('',#1411,#1413,#1731,.T.);
#972=EDGE_CURVE('',#1410,#1412,#1732,.T.);
#973=EDGE_CURVE('',#1414,#1415,#1733,.T.);
#974=EDGE_CURVE('',#1413,#1415,#1734,.T.);
#975=EDGE_CURVE('',#1412,#1414,#1735,.T.);
#976=EDGE_CURVE('',#1416,#1417,#1736,.T.);
#977=EDGE_CURVE('',#1415,#1417,#1737,.T.);
#978=EDGE_CURVE('',#1414,#1416,#1738,.T.);
#979=EDGE_CURVE('',#1418,#1419,#1739,.T.);
#980=EDGE_CURVE('',#1417,#1419,#1740,.T.);
#981=EDGE_CURVE('',#1416,#1418,#1741,.T.);
#982=EDGE_CURVE('',#1420,#1421,#1742,.T.);
#983=EDGE_CURVE('',#1419,#1421,#1743,.T.);
#984=EDGE_CURVE('',#1418,#1420,#1744,.T.);
#985=EDGE_CURVE('',#1422,#1423,#1745,.T.);
#986=EDGE_CURVE('',#1421,#1423,#1746,.T.);
#987=EDGE_CURVE('',#1420,#1422,#1747,.T.);
#988=EDGE_CURVE('',#1424,#1425,#1748,.T.);
#989=EDGE_CURVE('',#1423,#1425,#1749,.T.);
#990=EDGE_CURVE('',#1422,#1424,#1750,.T.);
#991=EDGE_CURVE('',#1426,#1427,#1751,.T.);
#992=EDGE_CURVE('',#1425,#1427,#1752,.T.);
#993=EDGE_CURVE('',#1424,#1426,#1753,.T.);
#994=EDGE_CURVE('',#1428,#1429,#1754,.T.);
#995=EDGE_CURVE('',#1427,#1429,#1755,.T.);
#996=EDGE_CURVE('',#1426,#1428,#1756,.T.);
#997=EDGE_CURVE('',#1430,#1431,#1757,.T.);
#998=EDGE_CURVE('',#1429,#1431,#1758,.T.);
#999=EDGE_CURVE('',#1428,#1430,#1759,.T.);
#1000=EDGE_CURVE('',#1432,#1433,#1760,.T.);
#1001=EDGE_CURVE('',#1431,#1433,#1761,.T.);
#1002=EDGE_CURVE('',#1430,#1432,#1762,.T.);
#1003=EDGE_CURVE('',#1434,#1435,#1763,.T.);
#1004=EDGE_CURVE('',#1433,#1435,#1764,.T.);
#1005=EDGE_CURVE('',#1432,#1434,#1765,.T.);
#1006=EDGE_CURVE('',#1436,#1437,#1766,.T.);
#1007=EDGE_CURVE('',#1435,#1437,#1767,.F.);
#1008=EDGE_CURVE('',#1434,#1436,#1768,.F.);
#1009=EDGE_CURVE('',#1438,#1439,#1769,.T.);
#1010=EDGE_CURVE('',#1437,#1439,#1770,.T.);
#1011=EDGE_CURVE('',#1436,#1438,#1771,.T.);
#1012=EDGE_CURVE('',#1440,#1441,#1772,.T.);
#1013=EDGE_CURVE('',#1439,#1441,#1773,.T.);
#1014=EDGE_CURVE('',#1438,#1440,#1774,.T.);
#1015=EDGE_CURVE('',#1442,#1443,#1775,.T.);
#1016=EDGE_CURVE('',#1441,#1443,#1776,.T.);
#1017=EDGE_CURVE('',#1440,#1442,#1777,.T.);
#1018=EDGE_CURVE('',#1444,#1445,#1778,.T.);
#1019=EDGE_CURVE('',#1443,#1445,#1779,.T.);
#1020=EDGE_CURVE('',#1442,#1444,#1780,.T.);
#1021=EDGE_CURVE('',#1446,#1447,#1781,.T.);
#1022=EDGE_CURVE('',#1445,#1447,#1782,.T.);
#1023=EDGE_CURVE('',#1444,#1446,#1783,.T.);
#1024=EDGE_CURVE('',#1448,#1449,#1784,.T.);
#1025=EDGE_CURVE('',#1447,#1449,#1785,.T.);
#1026=EDGE_CURVE('',#1446,#1448,#1786,.T.);
#1027=EDGE_CURVE('',#1450,#1451,#1787,.T.);
#1028=EDGE_CURVE('',#1449,#1451,#1788,.T.);
#1029=EDGE_CURVE('',#1448,#1450,#1789,.T.);
#1030=EDGE_CURVE('',#1452,#1453,#1790,.T.);
#1031=EDGE_CURVE('',#1451,#1453,#1791,.T.);
#1032=EDGE_CURVE('',#1450,#1452,#1792,.T.);
#1033=EDGE_CURVE('',#1454,#1455,#1793,.T.);
#1034=EDGE_CURVE('',#1453,#1455,#1794,.T.);
#1035=EDGE_CURVE('',#1452,#1454,#1795,.T.);
#1036=EDGE_CURVE('',#1456,#1457,#1796,.T.);
#1037=EDGE_CURVE('',#1455,#1457,#1797,.T.);
#1038=EDGE_CURVE('',#1454,#1456,#1798,.T.);
#1039=EDGE_CURVE('',#1458,#1459,#1799,.T.);
#1040=EDGE_CURVE('',#1457,#1459,#1800,.T.);
#1041=EDGE_CURVE('',#1456,#1458,#1801,.T.);
#1042=EDGE_CURVE('',#1460,#1461,#1802,.T.);
#1043=EDGE_CURVE('',#1459,#1461,#1803,.T.);
#1044=EDGE_CURVE('',#1458,#1460,#1804,.T.);
#1045=EDGE_CURVE('',#1462,#1463,#1805,.T.);
#1046=EDGE_CURVE('',#1461,#1463,#1806,.T.);
#1047=EDGE_CURVE('',#1460,#1462,#1807,.T.);
#1048=EDGE_CURVE('',#1464,#1465,#1808,.T.);
#1049=EDGE_CURVE('',#1463,#1465,#1809,.T.);
#1050=EDGE_CURVE('',#1462,#1464,#1810,.T.);
#1051=EDGE_CURVE('',#1466,#1467,#1811,.T.);
#1052=EDGE_CURVE('',#1465,#1467,#1812,.T.);
#1053=EDGE_CURVE('',#1464,#1466,#1813,.T.);
#1054=EDGE_CURVE('',#1468,#1469,#1814,.T.);
#1055=EDGE_CURVE('',#1467,#1469,#1815,.T.);
#1056=EDGE_CURVE('',#1466,#1468,#1816,.T.);
#1057=EDGE_CURVE('',#1470,#1471,#1817,.T.);
#1058=EDGE_CURVE('',#1469,#1471,#1818,.T.);
#1059=EDGE_CURVE('',#1468,#1470,#1819,.T.);
#1060=EDGE_CURVE('',#1472,#1473,#1820,.T.);
#1061=EDGE_CURVE('',#1471,#1473,#1821,.T.);
#1062=EDGE_CURVE('',#1470,#1472,#1822,.T.);
#1063=EDGE_CURVE('',#1474,#1475,#1823,.T.);
#1064=EDGE_CURVE('',#1473,#1475,#1824,.T.);
#1065=EDGE_CURVE('',#1472,#1474,#1825,.T.);
#1066=EDGE_CURVE('',#1476,#1477,#1826,.T.);
#1067=EDGE_CURVE('',#1475,#1477,#1827,.T.);
#1068=EDGE_CURVE('',#1474,#1476,#1828,.T.);
#1069=EDGE_CURVE('',#1478,#1479,#1829,.T.);
#1070=EDGE_CURVE('',#1477,#1479,#1830,.T.);
#1071=EDGE_CURVE('',#1476,#1478,#1831,.T.);
#1072=EDGE_CURVE('',#1480,#1481,#1832,.T.);
#1073=EDGE_CURVE('',#1479,#1481,#1833,.T.);
#1074=EDGE_CURVE('',#1478,#1480,#1834,.T.);
#1075=EDGE_CURVE('',#1482,#1483,#1835,.T.);
#1076=EDGE_CURVE('',#1481,#1483,#1836,.T.);
#1077=EDGE_CURVE('',#1480,#1482,#1837,.T.);
#1078=EDGE_CURVE('',#1484,#1485,#1838,.T.);
#1079=EDGE_CURVE('',#1483,#1485,#1839,.T.);
#1080=EDGE_CURVE('',#1482,#1484,#1840,.T.);
#1081=EDGE_CURVE('',#1486,#1487,#1841,.T.);
#1082=EDGE_CURVE('',#1485,#1487,#1842,.T.);
#1083=EDGE_CURVE('',#1484,#1486,#1843,.T.);
#1084=EDGE_CURVE('',#1488,#1489,#1844,.T.);
#1085=EDGE_CURVE('',#1487,#1489,#1845,.T.);
#1086=EDGE_CURVE('',#1486,#1488,#1846,.T.);
#1087=EDGE_CURVE('',#1490,#1491,#1847,.T.);
#1088=EDGE_CURVE('',#1489,#1491,#1848,.T.);
#1089=EDGE_CURVE('',#1488,#1490,#1849,.T.);
#1090=EDGE_CURVE('',#1492,#1493,#1850,.F.);
#1091=EDGE_CURVE('',#1494,#1493,#1851,.T.);
#1092=EDGE_CURVE('',#1495,#1494,#1852,.F.);
#1093=EDGE_CURVE('',#1495,#1492,#1853,.T.);
#1094=EDGE_CURVE('',#1496,#1492,#1854,.F.);
#1095=EDGE_CURVE('',#1497,#1495,#1855,.F.);
#1096=EDGE_CURVE('',#1497,#1496,#1856,.T.);
#1097=EDGE_CURVE('',#1498,#1496,#1857,.T.);
#1098=EDGE_CURVE('',#1499,#1497,#1858,.T.);
#1099=EDGE_CURVE('',#1499,#1498,#1859,.T.);
#1100=EDGE_CURVE('',#1500,#1498,#1860,.T.);
#1101=EDGE_CURVE('',#1501,#1499,#1861,.T.);
#1102=EDGE_CURVE('',#1501,#1500,#1862,.T.);
#1103=EDGE_CURVE('',#1502,#1500,#1863,.T.);
#1104=EDGE_CURVE('',#1503,#1501,#1864,.T.);
#1105=EDGE_CURVE('',#1503,#1502,#1865,.T.);
#1106=EDGE_CURVE('',#1504,#1502,#1866,.T.);
#1107=EDGE_CURVE('',#1505,#1503,#1867,.T.);
#1108=EDGE_CURVE('',#1505,#1504,#1868,.T.);
#1109=EDGE_CURVE('',#1506,#1504,#1869,.T.);
#1110=EDGE_CURVE('',#1507,#1505,#1870,.T.);
#1111=EDGE_CURVE('',#1507,#1506,#1871,.T.);
#1112=EDGE_CURVE('',#1508,#1506,#1872,.T.);
#1113=EDGE_CURVE('',#1509,#1507,#1873,.T.);
#1114=EDGE_CURVE('',#1509,#1508,#1874,.T.);
#1115=EDGE_CURVE('',#1510,#1508,#1875,.T.);
#1116=EDGE_CURVE('',#1511,#1509,#1876,.T.);
#1117=EDGE_CURVE('',#1511,#1510,#1877,.T.);
#1118=EDGE_CURVE('',#1512,#1510,#1878,.T.);
#1119=EDGE_CURVE('',#1513,#1511,#1879,.T.);
#1120=EDGE_CURVE('',#1513,#1512,#1880,.T.);
#1121=EDGE_CURVE('',#1514,#1512,#1881,.T.);
#1122=EDGE_CURVE('',#1515,#1513,#1882,.T.);
#1123=EDGE_CURVE('',#1515,#1514,#1883,.T.);
#1124=EDGE_CURVE('',#1516,#1514,#1884,.T.);
#1125=EDGE_CURVE('',#1517,#1515,#1885,.T.);
#1126=EDGE_CURVE('',#1517,#1516,#1886,.T.);
#1127=EDGE_CURVE('',#1518,#1516,#1887,.T.);
#1128=EDGE_CURVE('',#1519,#1517,#1888,.T.);
#1129=EDGE_CURVE('',#1519,#1518,#1889,.T.);
#1130=EDGE_CURVE('',#1520,#1518,#1890,.T.);
#1131=EDGE_CURVE('',#1521,#1519,#1891,.T.);
#1132=EDGE_CURVE('',#1521,#1520,#1892,.T.);
#1133=EDGE_CURVE('',#1522,#1520,#1893,.T.);
#1134=EDGE_CURVE('',#1523,#1521,#1894,.T.);
#1135=EDGE_CURVE('',#1523,#1522,#1895,.T.);
#1136=EDGE_CURVE('',#1524,#1522,#1896,.T.);
#1137=EDGE_CURVE('',#1525,#1523,#1897,.T.);
#1138=EDGE_CURVE('',#1525,#1524,#1898,.T.);
#1139=EDGE_CURVE('',#1526,#1524,#1899,.T.);
#1140=EDGE_CURVE('',#1527,#1525,#1900,.T.);
#1141=EDGE_CURVE('',#1527,#1526,#1901,.T.);
#1142=EDGE_CURVE('',#1528,#1526,#1902,.T.);
#1143=EDGE_CURVE('',#1529,#1527,#1903,.T.);
#1144=EDGE_CURVE('',#1529,#1528,#1904,.T.);
#1145=EDGE_CURVE('',#1530,#1528,#1905,.T.);
#1146=EDGE_CURVE('',#1531,#1529,#1906,.T.);
#1147=EDGE_CURVE('',#1531,#1530,#1907,.T.);
#1148=EDGE_CURVE('',#1532,#1530,#1908,.T.);
#1149=EDGE_CURVE('',#1533,#1531,#1909,.T.);
#1150=EDGE_CURVE('',#1533,#1532,#1910,.T.);
#1151=EDGE_CURVE('',#1534,#1532,#1911,.T.);
#1152=EDGE_CURVE('',#1535,#1533,#1912,.T.);
#1153=EDGE_CURVE('',#1535,#1534,#1913,.T.);
#1154=EDGE_CURVE('',#1536,#1534,#1914,.T.);
#1155=EDGE_CURVE('',#1537,#1535,#1915,.T.);
#1156=EDGE_CURVE('',#1537,#1536,#1916,.T.);
#1157=EDGE_CURVE('',#1538,#1536,#1917,.T.);
#1158=EDGE_CURVE('',#1539,#1537,#1918,.T.);
#1159=EDGE_CURVE('',#1539,#1538,#1919,.T.);
#1160=EDGE_CURVE('',#1540,#1538,#1920,.T.);
#1161=EDGE_CURVE('',#1541,#1539,#1921,.T.);
#1162=EDGE_CURVE('',#1541,#1540,#1922,.T.);
#1163=EDGE_CURVE('',#1542,#1540,#1923,.T.);
#1164=EDGE_CURVE('',#1543,#1541,#1924,.T.);
#1165=EDGE_CURVE('',#1543,#1542,#1925,.T.);
#1166=EDGE_CURVE('',#1544,#1542,#1926,.T.);
#1167=EDGE_CURVE('',#1545,#1543,#1927,.T.);
#1168=EDGE_CURVE('',#1545,#1544,#1928,.T.);
#1169=EDGE_CURVE('',#1546,#1544,#1929,.T.);
#1170=EDGE_CURVE('',#1547,#1545,#1930,.T.);
#1171=EDGE_CURVE('',#1547,#1546,#1931,.T.);
#1172=EDGE_CURVE('',#1548,#1546,#1932,.T.);
#1173=EDGE_CURVE('',#1549,#1547,#1933,.T.);
#1174=EDGE_CURVE('',#1549,#1548,#1934,.T.);
#1175=EDGE_CURVE('',#1550,#1548,#1935,.T.);
#1176=EDGE_CURVE('',#1551,#1549,#1936,.T.);
#1177=EDGE_CURVE('',#1551,#1550,#1937,.T.);
#1178=EDGE_CURVE('',#1552,#1550,#1938,.F.);
#1179=EDGE_CURVE('',#1553,#1551,#1939,.F.);
#1180=EDGE_CURVE('',#1553,#1552,#1940,.T.);
#1181=EDGE_CURVE('',#1554,#1552,#1941,.T.);
#1182=EDGE_CURVE('',#1555,#1553,#1942,.T.);
#1183=EDGE_CURVE('',#1555,#1554,#1943,.T.);
#1184=EDGE_CURVE('',#1556,#1554,#1944,.T.);
#1185=EDGE_CURVE('',#1557,#1555,#1945,.T.);
#1186=EDGE_CURVE('',#1557,#1556,#1946,.T.);
#1187=EDGE_CURVE('',#1558,#1556,#1947,.T.);
#1188=EDGE_CURVE('',#1559,#1557,#1948,.T.);
#1189=EDGE_CURVE('',#1559,#1558,#1949,.T.);
#1190=EDGE_CURVE('',#1560,#1558,#1950,.T.);
#1191=EDGE_CURVE('',#1561,#1559,#1951,.T.);
#1192=EDGE_CURVE('',#1561,#1560,#1952,.T.);
#1193=EDGE_CURVE('',#1562,#1560,#1953,.T.);
#1194=EDGE_CURVE('',#1563,#1561,#1954,.T.);
#1195=EDGE_CURVE('',#1563,#1562,#1955,.T.);
#1196=EDGE_CURVE('',#1564,#1562,#1956,.T.);
#1197=EDGE_CURVE('',#1565,#1563,#1957,.T.);
#1198=EDGE_CURVE('',#1565,#1564,#1958,.T.);
#1199=EDGE_CURVE('',#1566,#1564,#1959,.T.);
#1200=EDGE_CURVE('',#1567,#1565,#1960,.T.);
#1201=EDGE_CURVE('',#1567,#1566,#1961,.T.);
#1202=EDGE_CURVE('',#1568,#1566,#1962,.T.);
#1203=EDGE_CURVE('',#1569,#1567,#1963,.T.);
#1204=EDGE_CURVE('',#1569,#1568,#1964,.T.);
#1205=EDGE_CURVE('',#1570,#1568,#1965,.T.);
#1206=EDGE_CURVE('',#1571,#1569,#1966,.T.);
#1207=EDGE_CURVE('',#1571,#1570,#1967,.T.);
#1208=EDGE_CURVE('',#1572,#1570,#1968,.T.);
#1209=EDGE_CURVE('',#1573,#1571,#1969,.T.);
#1210=EDGE_CURVE('',#1573,#1572,#1970,.T.);
#1211=EDGE_CURVE('',#1574,#1572,#1971,.T.);
#1212=EDGE_CURVE('',#1575,#1573,#1972,.T.);
#1213=EDGE_CURVE('',#1575,#1574,#1973,.T.);
#1214=EDGE_CURVE('',#1576,#1574,#1974,.T.);
#1215=EDGE_CURVE('',#1577,#1575,#1975,.T.);
#1216=EDGE_CURVE('',#1577,#1576,#1976,.T.);
#1217=EDGE_CURVE('',#1578,#1576,#1977,.T.);
#1218=EDGE_CURVE('',#1579,#1577,#1978,.T.);
#1219=EDGE_CURVE('',#1579,#1578,#1979,.T.);
#1220=EDGE_CURVE('',#1580,#1578,#1980,.T.);
#1221=EDGE_CURVE('',#1581,#1579,#1981,.T.);
#1222=EDGE_CURVE('',#1581,#1580,#1982,.T.);
#1223=EDGE_CURVE('',#1582,#1580,#1983,.T.);
#1224=EDGE_CURVE('',#1583,#1581,#1984,.T.);
#1225=EDGE_CURVE('',#1583,#1582,#1985,.T.);
#1226=EDGE_CURVE('',#1584,#1582,#1986,.T.);
#1227=EDGE_CURVE('',#1585,#1583,#1987,.T.);
#1228=EDGE_CURVE('',#1585,#1584,#1988,.T.);
#1229=EDGE_CURVE('',#1586,#1584,#1989,.T.);
#1230=EDGE_CURVE('',#1587,#1585,#1990,.T.);
#1231=EDGE_CURVE('',#1587,#1586,#1991,.T.);
#1232=EDGE_CURVE('',#1588,#1586,#1992,.T.);
#1233=EDGE_CURVE('',#1589,#1587,#1993,.T.);
#1234=EDGE_CURVE('',#1589,#1588,#1994,.T.);
#1235=EDGE_CURVE('',#1590,#1588,#1995,.T.);
#1236=EDGE_CURVE('',#1591,#1589,#1996,.T.);
#1237=EDGE_CURVE('',#1591,#1590,#1997,.T.);
#1238=EDGE_CURVE('',#1592,#1590,#1998,.T.);
#1239=EDGE_CURVE('',#1593,#1591,#1999,.T.);
#1240=EDGE_CURVE('',#1593,#1592,#2000,.T.);
#1241=EDGE_CURVE('',#1594,#1592,#2001,.T.);
#1242=EDGE_CURVE('',#1595,#1593,#2002,.T.);
#1243=EDGE_CURVE('',#1595,#1594,#2003,.T.);
#1244=EDGE_CURVE('',#1596,#1594,#2004,.T.);
#1245=EDGE_CURVE('',#1597,#1595,#2005,.T.);
#1246=EDGE_CURVE('',#1597,#1596,#2006,.T.);
#1247=EDGE_CURVE('',#1598,#1596,#2007,.T.);
#1248=EDGE_CURVE('',#1599,#1597,#2008,.T.);
#1249=EDGE_CURVE('',#1599,#1598,#2009,.T.);
#1250=EDGE_CURVE('',#1600,#1598,#2010,.T.);
#1251=EDGE_CURVE('',#1601,#1599,#2011,.T.);
#1252=EDGE_CURVE('',#1601,#1600,#2012,.T.);
#1253=EDGE_CURVE('',#1602,#1600,#2013,.T.);
#1254=EDGE_CURVE('',#1603,#1601,#2014,.T.);
#1255=EDGE_CURVE('',#1603,#1602,#2015,.T.);
#1256=EDGE_CURVE('',#1493,#1602,#2016,.T.);
#1257=EDGE_CURVE('',#1494,#1603,#2017,.T.);
#1258=EDGE_CURVE('',#1491,#1382,#2018,.F.);
#1259=EDGE_CURVE('',#1490,#1383,#2019,.F.);
#1260=EDGE_CURVE('',#1604,#1605,#2020,.F.);
#1261=EDGE_CURVE('',#1605,#1606,#2021,.T.);
#1262=EDGE_CURVE('',#1606,#1607,#2022,.T.);
#1263=EDGE_CURVE('',#1607,#1608,#2023,.T.);
#1264=EDGE_CURVE('',#1608,#1609,#2024,.T.);
#1265=EDGE_CURVE('',#1609,#1610,#2025,.T.);
#1266=EDGE_CURVE('',#1610,#1611,#2026,.T.);
#1267=EDGE_CURVE('',#1611,#1612,#2027,.T.);
#1268=EDGE_CURVE('',#1612,#1613,#2028,.T.);
#1269=EDGE_CURVE('',#1613,#1614,#2029,.T.);
#1270=EDGE_CURVE('',#1614,#1615,#2030,.T.);
#1271=EDGE_CURVE('',#1615,#1616,#2031,.T.);
#1272=EDGE_CURVE('',#1616,#1617,#2032,.T.);
#1273=EDGE_CURVE('',#1617,#1618,#2033,.T.);
#1274=EDGE_CURVE('',#1618,#1619,#2034,.T.);
#1275=EDGE_CURVE('',#1619,#1620,#2035,.T.);
#1276=EDGE_CURVE('',#1620,#1621,#2036,.T.);
#1277=EDGE_CURVE('',#1621,#1622,#2037,.T.);
#1278=EDGE_CURVE('',#1622,#1623,#2038,.T.);
#1279=EDGE_CURVE('',#1623,#1624,#2039,.F.);
#1280=EDGE_CURVE('',#1624,#1625,#2040,.T.);
#1281=EDGE_CURVE('',#1625,#1626,#2041,.T.);
#1282=EDGE_CURVE('',#1626,#1627,#2042,.T.);
#1283=EDGE_CURVE('',#1627,#1628,#2043,.T.);
#1284=EDGE_CURVE('',#1628,#1629,#2044,.T.);
#1285=EDGE_CURVE('',#1629,#1630,#2045,.T.);
#1286=EDGE_CURVE('',#1630,#1631,#2046,.T.);
#1287=EDGE_CURVE('',#1631,#1632,#2047,.T.);
#1288=EDGE_CURVE('',#1632,#1633,#2048,.T.);
#1289=EDGE_CURVE('',#1633,#1634,#2049,.T.);
#1290=EDGE_CURVE('',#1634,#1635,#2050,.T.);
#1291=EDGE_CURVE('',#1635,#1636,#2051,.T.);
#1292=EDGE_CURVE('',#1636,#1637,#2052,.T.);
#1293=EDGE_CURVE('',#1637,#1638,#2053,.T.);
#1294=EDGE_CURVE('',#1638,#1639,#2054,.T.);
#1295=EDGE_CURVE('',#1639,#1640,#2055,.T.);
#1296=EDGE_CURVE('',#1640,#1641,#2056,.T.);
#1297=EDGE_CURVE('',#1641,#1642,#2057,.T.);
#1298=EDGE_CURVE('',#1642,#1643,#2058,.T.);
#1299=EDGE_CURVE('',#1643,#1604,#2059,.F.);
#1300=EDGE_CURVE('',#1644,#1604,#2060,.T.);
#1301=EDGE_CURVE('',#1644,#1645,#2061,.F.);
#1302=EDGE_CURVE('',#1645,#1605,#2062,.T.);
#1303=EDGE_CURVE('',#1646,#1643,#2063,.T.);
#1304=EDGE_CURVE('',#1646,#1644,#2064,.F.);
#1305=EDGE_CURVE('',#1647,#1642,#2065,.T.);
#1306=EDGE_CURVE('',#1647,#1646,#2066,.T.);
#1307=EDGE_CURVE('',#1648,#1641,#2067,.T.);
#1308=EDGE_CURVE('',#1648,#1647,#2068,.T.);
#1309=EDGE_CURVE('',#1649,#1640,#2069,.T.);
#1310=EDGE_CURVE('',#1649,#1648,#2070,.T.);
#1311=EDGE_CURVE('',#1650,#1639,#2071,.T.);
#1312=EDGE_CURVE('',#1650,#1649,#2072,.T.);
#1313=EDGE_CURVE('',#1651,#1638,#2073,.T.);
#1314=EDGE_CURVE('',#1651,#1650,#2074,.T.);
#1315=EDGE_CURVE('',#1652,#1637,#2075,.T.);
#1316=EDGE_CURVE('',#1652,#1651,#2076,.T.);
#1317=EDGE_CURVE('',#1653,#1636,#2077,.T.);
#1318=EDGE_CURVE('',#1653,#1652,#2078,.T.);
#1319=EDGE_CURVE('',#1654,#1635,#2079,.T.);
#1320=EDGE_CURVE('',#1654,#1653,#2080,.T.);
#1321=EDGE_CURVE('',#1655,#1634,#2081,.T.);
#1322=EDGE_CURVE('',#1655,#1654,#2082,.T.);
#1323=EDGE_CURVE('',#1656,#1633,#2083,.T.);
#1324=EDGE_CURVE('',#1656,#1655,#2084,.T.);
#1325=EDGE_CURVE('',#1657,#1632,#2085,.T.);
#1326=EDGE_CURVE('',#1657,#1656,#2086,.T.);
#1327=EDGE_CURVE('',#1658,#1631,#2087,.T.);
#1328=EDGE_CURVE('',#1658,#1657,#2088,.T.);
#1329=EDGE_CURVE('',#1659,#1630,#2089,.T.);
#1330=EDGE_CURVE('',#1659,#1658,#2090,.T.);
#1331=EDGE_CURVE('',#1660,#1629,#2091,.T.);
#1332=EDGE_CURVE('',#1660,#1659,#2092,.T.);
#1333=EDGE_CURVE('',#1661,#1628,#2093,.T.);
#1334=EDGE_CURVE('',#1661,#1660,#2094,.T.);
#1335=EDGE_CURVE('',#1662,#1627,#2095,.T.);
#1336=EDGE_CURVE('',#1662,#1661,#2096,.T.);
#1337=EDGE_CURVE('',#1663,#1626,#2097,.T.);
#1338=EDGE_CURVE('',#1663,#1662,#2098,.T.);
#1339=EDGE_CURVE('',#1664,#1625,#2099,.T.);
#1340=EDGE_CURVE('',#1664,#1663,#2100,.T.);
#1341=EDGE_CURVE('',#1665,#1624,#2101,.T.);
#1342=EDGE_CURVE('',#1665,#1664,#2102,.T.);
#1343=EDGE_CURVE('',#1666,#1623,#2103,.T.);
#1344=EDGE_CURVE('',#1666,#1665,#2104,.F.);
#1345=EDGE_CURVE('',#1667,#1622,#2105,.T.);
#1346=EDGE_CURVE('',#1667,#1666,#2106,.T.);
#1347=EDGE_CURVE('',#1668,#1621,#2107,.T.);
#1348=EDGE_CURVE('',#1668,#1667,#2108,.T.);
#1349=EDGE_CURVE('',#1669,#1620,#2109,.T.);
#1350=EDGE_CURVE('',#1669,#1668,#2110,.T.);
#1351=EDGE_CURVE('',#1670,#1619,#2111,.T.);
#1352=EDGE_CURVE('',#1670,#1669,#2112,.T.);
#1353=EDGE_CURVE('',#1671,#1618,#2113,.T.);
#1354=EDGE_CURVE('',#1671,#1670,#2114,.T.);
#1355=EDGE_CURVE('',#1672,#1617,#2115,.T.);
#1356=EDGE_CURVE('',#1672,#1671,#2116,.T.);
#1357=EDGE_CURVE('',#1673,#1616,#2117,.T.);
#1358=EDGE_CURVE('',#1673,#1672,#2118,.T.);
#1359=EDGE_CURVE('',#1674,#1615,#2119,.T.);
#1360=EDGE_CURVE('',#1674,#1673,#2120,.T.);
#1361=EDGE_CURVE('',#1675,#1614,#2121,.T.);
#1362=EDGE_CURVE('',#1675,#1674,#2122,.T.);
#1363=EDGE_CURVE('',#1676,#1613,#2123,.T.);
#1364=EDGE_CURVE('',#1676,#1675,#2124,.T.);
#1365=EDGE_CURVE('',#1677,#1612,#2125,.T.);
#1366=EDGE_CURVE('',#1677,#1676,#2126,.T.);
#1367=EDGE_CURVE('',#1678,#1611,#2127,.T.);
#1368=EDGE_CURVE('',#1678,#1677,#2128,.T.);
#1369=EDGE_CURVE('',#1679,#1610,#2129,.T.);
#1370=EDGE_CURVE('',#1679,#1678,#2130,.T.);
#1371=EDGE_CURVE('',#1680,#1609,#2131,.T.);
#1372=EDGE_CURVE('',#1680,#1679,#2132,.T.);
#1373=EDGE_CURVE('',#1681,#1608,#2133,.T.);
#1374=EDGE_CURVE('',#1681,#1680,#2134,.T.);
#1375=EDGE_CURVE('',#1682,#1607,#2135,.T.);
#1376=EDGE_CURVE('',#1682,#1681,#2136,.T.);
#1377=EDGE_CURVE('',#1683,#1606,#2137,.T.);
#1378=EDGE_CURVE('',#1683,#1682,#2138,.T.);
#1379=EDGE_CURVE('',#1645,#1683,#2139,.T.);
#1380=VERTEX_POINT('',#4161);
#1381=VERTEX_POINT('',#4162);
#1382=VERTEX_POINT('',#4164);
#1383=VERTEX_POINT('',#4166);
#1384=VERTEX_POINT('',#4170);
#1385=VERTEX_POINT('',#4171);
#1386=VERTEX_POINT('',#4176);
#1387=VERTEX_POINT('',#4177);
#1388=VERTEX_POINT('',#4182);
#1389=VERTEX_POINT('',#4183);
#1390=VERTEX_POINT('',#4188);
#1391=VERTEX_POINT('',#4189);
#1392=VERTEX_POINT('',#4194);
#1393=VERTEX_POINT('',#4195);
#1394=VERTEX_POINT('',#4200);
#1395=VERTEX_POINT('',#4201);
#1396=VERTEX_POINT('',#4206);
#1397=VERTEX_POINT('',#4207);
#1398=VERTEX_POINT('',#4212);
#1399=VERTEX_POINT('',#4213);
#1400=VERTEX_POINT('',#4218);
#1401=VERTEX_POINT('',#4219);
#1402=VERTEX_POINT('',#4224);
#1403=VERTEX_POINT('',#4225);
#1404=VERTEX_POINT('',#4230);
#1405=VERTEX_POINT('',#4231);
#1406=VERTEX_POINT('',#4236);
#1407=VERTEX_POINT('',#4237);
#1408=VERTEX_POINT('',#4242);
#1409=VERTEX_POINT('',#4243);
#1410=VERTEX_POINT('',#4248);
#1411=VERTEX_POINT('',#4249);
#1412=VERTEX_POINT('',#4254);
#1413=VERTEX_POINT('',#4255);
#1414=VERTEX_POINT('',#4260);
#1415=VERTEX_POINT('',#4261);
#1416=VERTEX_POINT('',#4266);
#1417=VERTEX_POINT('',#4267);
#1418=VERTEX_POINT('',#4272);
#1419=VERTEX_POINT('',#4273);
#1420=VERTEX_POINT('',#4278);
#1421=VERTEX_POINT('',#4279);
#1422=VERTEX_POINT('',#4284);
#1423=VERTEX_POINT('',#4285);
#1424=VERTEX_POINT('',#4290);
#1425=VERTEX_POINT('',#4291);
#1426=VERTEX_POINT('',#4296);
#1427=VERTEX_POINT('',#4297);
#1428=VERTEX_POINT('',#4302);
#1429=VERTEX_POINT('',#4303);
#1430=VERTEX_POINT('',#4308);
#1431=VERTEX_POINT('',#4309);
#1432=VERTEX_POINT('',#4314);
#1433=VERTEX_POINT('',#4315);
#1434=VERTEX_POINT('',#4320);
#1435=VERTEX_POINT('',#4321);
#1436=VERTEX_POINT('',#4326);
#1437=VERTEX_POINT('',#4327);
#1438=VERTEX_POINT('',#4332);
#1439=VERTEX_POINT('',#4333);
#1440=VERTEX_POINT('',#4338);
#1441=VERTEX_POINT('',#4339);
#1442=VERTEX_POINT('',#4344);
#1443=VERTEX_POINT('',#4345);
#1444=VERTEX_POINT('',#4350);
#1445=VERTEX_POINT('',#4351);
#1446=VERTEX_POINT('',#4356);
#1447=VERTEX_POINT('',#4357);
#1448=VERTEX_POINT('',#4362);
#1449=VERTEX_POINT('',#4363);
#1450=VERTEX_POINT('',#4368);
#1451=VERTEX_POINT('',#4369);
#1452=VERTEX_POINT('',#4374);
#1453=VERTEX_POINT('',#4375);
#1454=VERTEX_POINT('',#4380);
#1455=VERTEX_POINT('',#4381);
#1456=VERTEX_POINT('',#4386);
#1457=VERTEX_POINT('',#4387);
#1458=VERTEX_POINT('',#4392);
#1459=VERTEX_POINT('',#4393);
#1460=VERTEX_POINT('',#4398);
#1461=VERTEX_POINT('',#4399);
#1462=VERTEX_POINT('',#4404);
#1463=VERTEX_POINT('',#4405);
#1464=VERTEX_POINT('',#4410);
#1465=VERTEX_POINT('',#4411);
#1466=VERTEX_POINT('',#4416);
#1467=VERTEX_POINT('',#4417);
#1468=VERTEX_POINT('',#4422);
#1469=VERTEX_POINT('',#4423);
#1470=VERTEX_POINT('',#4428);
#1471=VERTEX_POINT('',#4429);
#1472=VERTEX_POINT('',#4434);
#1473=VERTEX_POINT('',#4435);
#1474=VERTEX_POINT('',#4440);
#1475=VERTEX_POINT('',#4441);
#1476=VERTEX_POINT('',#4446);
#1477=VERTEX_POINT('',#4447);
#1478=VERTEX_POINT('',#4452);
#1479=VERTEX_POINT('',#4453);
#1480=VERTEX_POINT('',#4458);
#1481=VERTEX_POINT('',#4459);
#1482=VERTEX_POINT('',#4464);
#1483=VERTEX_POINT('',#4465);
#1484=VERTEX_POINT('',#4470);
#1485=VERTEX_POINT('',#4471);
#1486=VERTEX_POINT('',#4476);
#1487=VERTEX_POINT('',#4477);
#1488=VERTEX_POINT('',#4482);
#1489=VERTEX_POINT('',#4483);
#1490=VERTEX_POINT('',#4488);
#1491=VERTEX_POINT('',#4489);
#1492=VERTEX_POINT('',#4494);
#1493=VERTEX_POINT('',#4495);
#1494=VERTEX_POINT('',#4497);
#1495=VERTEX_POINT('',#4499);
#1496=VERTEX_POINT('',#4503);
#1497=VERTEX_POINT('',#4505);
#1498=VERTEX_POINT('',#4509);
#1499=VERTEX_POINT('',#4511);
#1500=VERTEX_POINT('',#4515);
#1501=VERTEX_POINT('',#4517);
#1502=VERTEX_POINT('',#4521);
#1503=VERTEX_POINT('',#4523);
#1504=VERTEX_POINT('',#4527);
#1505=VERTEX_POINT('',#4529);
#1506=VERTEX_POINT('',#4533);
#1507=VERTEX_POINT('',#4535);
#1508=VERTEX_POINT('',#4539);
#1509=VERTEX_POINT('',#4541);
#1510=VERTEX_POINT('',#4545);
#1511=VERTEX_POINT('',#4547);
#1512=VERTEX_POINT('',#4551);
#1513=VERTEX_POINT('',#4553);
#1514=VERTEX_POINT('',#4557);
#1515=VERTEX_POINT('',#4559);
#1516=VERTEX_POINT('',#4563);
#1517=VERTEX_POINT('',#4565);
#1518=VERTEX_POINT('',#4569);
#1519=VERTEX_POINT('',#4571);
#1520=VERTEX_POINT('',#4575);
#1521=VERTEX_POINT('',#4577);
#1522=VERTEX_POINT('',#4581);
#1523=VERTEX_POINT('',#4583);
#1524=VERTEX_POINT('',#4587);
#1525=VERTEX_POINT('',#4589);
#1526=VERTEX_POINT('',#4593);
#1527=VERTEX_POINT('',#4595);
#1528=VERTEX_POINT('',#4599);
#1529=VERTEX_POINT('',#4601);
#1530=VERTEX_POINT('',#4605);
#1531=VERTEX_POINT('',#4607);
#1532=VERTEX_POINT('',#4611);
#1533=VERTEX_POINT('',#4613);
#1534=VERTEX_POINT('',#4617);
#1535=VERTEX_POINT('',#4619);
#1536=VERTEX_POINT('',#4623);
#1537=VERTEX_POINT('',#4625);
#1538=VERTEX_POINT('',#4629);
#1539=VERTEX_POINT('',#4631);
#1540=VERTEX_POINT('',#4635);
#1541=VERTEX_POINT('',#4637);
#1542=VERTEX_POINT('',#4641);
#1543=VERTEX_POINT('',#4643);
#1544=VERTEX_POINT('',#4647);
#1545=VERTEX_POINT('',#4649);
#1546=VERTEX_POINT('',#4653);
#1547=VERTEX_POINT('',#4655);
#1548=VERTEX_POINT('',#4659);
#1549=VERTEX_POINT('',#4661);
#1550=VERTEX_POINT('',#4665);
#1551=VERTEX_POINT('',#4667);
#1552=VERTEX_POINT('',#4671);
#1553=VERTEX_POINT('',#4673);
#1554=VERTEX_POINT('',#4677);
#1555=VERTEX_POINT('',#4679);
#1556=VERTEX_POINT('',#4683);
#1557=VERTEX_POINT('',#4685);
#1558=VERTEX_POINT('',#4689);
#1559=VERTEX_POINT('',#4691);
#1560=VERTEX_POINT('',#4695);
#1561=VERTEX_POINT('',#4697);
#1562=VERTEX_POINT('',#4701);
#1563=VERTEX_POINT('',#4703);
#1564=VERTEX_POINT('',#4707);
#1565=VERTEX_POINT('',#4709);
#1566=VERTEX_POINT('',#4713);
#1567=VERTEX_POINT('',#4715);
#1568=VERTEX_POINT('',#4719);
#1569=VERTEX_POINT('',#4721);
#1570=VERTEX_POINT('',#4725);
#1571=VERTEX_POINT('',#4727);
#1572=VERTEX_POINT('',#4731);
#1573=VERTEX_POINT('',#4733);
#1574=VERTEX_POINT('',#4737);
#1575=VERTEX_POINT('',#4739);
#1576=VERTEX_POINT('',#4743);
#1577=VERTEX_POINT('',#4745);
#1578=VERTEX_POINT('',#4749);
#1579=VERTEX_POINT('',#4751);
#1580=VERTEX_POINT('',#4755);
#1581=VERTEX_POINT('',#4757);
#1582=VERTEX_POINT('',#4761);
#1583=VERTEX_POINT('',#4763);
#1584=VERTEX_POINT('',#4767);
#1585=VERTEX_POINT('',#4769);
#1586=VERTEX_POINT('',#4773);
#1587=VERTEX_POINT('',#4775);
#1588=VERTEX_POINT('',#4779);
#1589=VERTEX_POINT('',#4781);
#1590=VERTEX_POINT('',#4785);
#1591=VERTEX_POINT('',#4787);
#1592=VERTEX_POINT('',#4791);
#1593=VERTEX_POINT('',#4793);
#1594=VERTEX_POINT('',#4797);
#1595=VERTEX_POINT('',#4799);
#1596=VERTEX_POINT('',#4803);
#1597=VERTEX_POINT('',#4805);
#1598=VERTEX_POINT('',#4809);
#1599=VERTEX_POINT('',#4811);
#1600=VERTEX_POINT('',#4815);
#1601=VERTEX_POINT('',#4817);
#1602=VERTEX_POINT('',#4821);
#1603=VERTEX_POINT('',#4823);
#1604=VERTEX_POINT('',#4834);
#1605=VERTEX_POINT('',#4835);
#1606=VERTEX_POINT('',#4837);
#1607=VERTEX_POINT('',#4839);
#1608=VERTEX_POINT('',#4841);
#1609=VERTEX_POINT('',#4843);
#1610=VERTEX_POINT('',#4845);
#1611=VERTEX_POINT('',#4847);
#1612=VERTEX_POINT('',#4849);
#1613=VERTEX_POINT('',#4851);
#1614=VERTEX_POINT('',#4853);
#1615=VERTEX_POINT('',#4855);
#1616=VERTEX_POINT('',#4857);
#1617=VERTEX_POINT('',#4859);
#1618=VERTEX_POINT('',#4861);
#1619=VERTEX_POINT('',#4863);
#1620=VERTEX_POINT('',#4865);
#1621=VERTEX_POINT('',#4867);
#1622=VERTEX_POINT('',#4869);
#1623=VERTEX_POINT('',#4871);
#1624=VERTEX_POINT('',#4873);
#1625=VERTEX_POINT('',#4875);
#1626=VERTEX_POINT('',#4877);
#1627=VERTEX_POINT('',#4879);
#1628=VERTEX_POINT('',#4881);
#1629=VERTEX_POINT('',#4883);
#1630=VERTEX_POINT('',#4885);
#1631=VERTEX_POINT('',#4887);
#1632=VERTEX_POINT('',#4889);
#1633=VERTEX_POINT('',#4891);
#1634=VERTEX_POINT('',#4893);
#1635=VERTEX_POINT('',#4895);
#1636=VERTEX_POINT('',#4897);
#1637=VERTEX_POINT('',#4899);
#1638=VERTEX_POINT('',#4901);
#1639=VERTEX_POINT('',#4903);
#1640=VERTEX_POINT('',#4905);
#1641=VERTEX_POINT('',#4907);
#1642=VERTEX_POINT('',#4909);
#1643=VERTEX_POINT('',#4911);
#1644=VERTEX_POINT('',#4915);
#1645=VERTEX_POINT('',#4917);
#1646=VERTEX_POINT('',#4921);
#1647=VERTEX_POINT('',#4925);
#1648=VERTEX_POINT('',#4929);
#1649=VERTEX_POINT('',#4933);
#1650=VERTEX_POINT('',#4937);
#1651=VERTEX_POINT('',#4941);
#1652=VERTEX_POINT('',#4945);
#1653=VERTEX_POINT('',#4949);
#1654=VERTEX_POINT('',#4953);
#1655=VERTEX_POINT('',#4957);
#1656=VERTEX_POINT('',#4961);
#1657=VERTEX_POINT('',#4965);
#1658=VERTEX_POINT('',#4969);
#1659=VERTEX_POINT('',#4973);
#1660=VERTEX_POINT('',#4977);
#1661=VERTEX_POINT('',#4981);
#1662=VERTEX_POINT('',#4985);
#1663=VERTEX_POINT('',#4989);
#1664=VERTEX_POINT('',#4993);
#1665=VERTEX_POINT('',#4997);
#1666=VERTEX_POINT('',#5001);
#1667=VERTEX_POINT('',#5005);
#1668=VERTEX_POINT('',#5009);
#1669=VERTEX_POINT('',#5013);
#1670=VERTEX_POINT('',#5017);
#1671=VERTEX_POINT('',#5021);
#1672=VERTEX_POINT('',#5025);
#1673=VERTEX_POINT('',#5029);
#1674=VERTEX_POINT('',#5033);
#1675=VERTEX_POINT('',#5037);
#1676=VERTEX_POINT('',#5041);
#1677=VERTEX_POINT('',#5045);
#1678=VERTEX_POINT('',#5049);
#1679=VERTEX_POINT('',#5053);
#1680=VERTEX_POINT('',#5057);
#1681=VERTEX_POINT('',#5061);
#1682=VERTEX_POINT('',#5065);
#1683=VERTEX_POINT('',#5069);
#1684=LINE('',#4160,#2140);
#1685=LINE('',#4163,#2141);
#1686=LINE('',#4165,#2142);
#1687=LINE('',#4167,#2143);
#1688=LINE('',#4169,#2144);
#1689=LINE('',#4172,#2145);
#1690=LINE('',#4173,#2146);
#1691=LINE('',#4175,#2147);
#1692=LINE('',#4178,#2148);
#1693=LINE('',#4179,#2149);
#1694=LINE('',#4181,#2150);
#1695=LINE('',#4184,#2151);
#1696=LINE('',#4185,#2152);
#1697=LINE('',#4187,#2153);
#1698=LINE('',#4190,#2154);
#1699=LINE('',#4191,#2155);
#1700=LINE('',#4193,#2156);
#1701=LINE('',#4196,#2157);
#1702=LINE('',#4197,#2158);
#1703=LINE('',#4199,#2159);
#1704=LINE('',#4202,#2160);
#1705=LINE('',#4203,#2161);
#1706=LINE('',#4205,#2162);
#1707=LINE('',#4208,#2163);
#1708=LINE('',#4209,#2164);
#1709=LINE('',#4211,#2165);
#1710=LINE('',#4214,#2166);
#1711=LINE('',#4215,#2167);
#1712=LINE('',#4217,#2168);
#1713=LINE('',#4220,#2169);
#1714=LINE('',#4221,#2170);
#1715=LINE('',#4223,#2171);
#1716=LINE('',#4226,#2172);
#1717=LINE('',#4227,#2173);
#1718=LINE('',#4229,#2174);
#1719=LINE('',#4232,#2175);
#1720=LINE('',#4233,#2176);
#1721=LINE('',#4235,#2177);
#1722=LINE('',#4238,#2178);
#1723=LINE('',#4239,#2179);
#1724=LINE('',#4241,#2180);
#1725=LINE('',#4244,#2181);
#1726=LINE('',#4245,#2182);
#1727=LINE('',#4247,#2183);
#1728=LINE('',#4250,#2184);
#1729=LINE('',#4251,#2185);
#1730=LINE('',#4253,#2186);
#1731=LINE('',#4256,#2187);
#1732=LINE('',#4257,#2188);
#1733=LINE('',#4259,#2189);
#1734=LINE('',#4262,#2190);
#1735=LINE('',#4263,#2191);
#1736=LINE('',#4265,#2192);
#1737=LINE('',#4268,#2193);
#1738=LINE('',#4269,#2194);
#1739=LINE('',#4271,#2195);
#1740=LINE('',#4274,#2196);
#1741=LINE('',#4275,#2197);
#1742=LINE('',#4277,#2198);
#1743=LINE('',#4280,#2199);
#1744=LINE('',#4281,#2200);
#1745=LINE('',#4283,#2201);
#1746=LINE('',#4286,#2202);
#1747=LINE('',#4287,#2203);
#1748=LINE('',#4289,#2204);
#1749=LINE('',#4292,#2205);
#1750=LINE('',#4293,#2206);
#1751=LINE('',#4295,#2207);
#1752=LINE('',#4298,#2208);
#1753=LINE('',#4299,#2209);
#1754=LINE('',#4301,#2210);
#1755=LINE('',#4304,#2211);
#1756=LINE('',#4305,#2212);
#1757=LINE('',#4307,#2213);
#1758=LINE('',#4310,#2214);
#1759=LINE('',#4311,#2215);
#1760=LINE('',#4313,#2216);
#1761=LINE('',#4316,#2217);
#1762=LINE('',#4317,#2218);
#1763=LINE('',#4319,#2219);
#1764=LINE('',#4322,#2220);
#1765=LINE('',#4323,#2221);
#1766=LINE('',#4325,#2222);
#1767=LINE('',#4328,#2223);
#1768=LINE('',#4329,#2224);
#1769=LINE('',#4331,#2225);
#1770=LINE('',#4334,#2226);
#1771=LINE('',#4335,#2227);
#1772=LINE('',#4337,#2228);
#1773=LINE('',#4340,#2229);
#1774=LINE('',#4341,#2230);
#1775=LINE('',#4343,#2231);
#1776=LINE('',#4346,#2232);
#1777=LINE('',#4347,#2233);
#1778=LINE('',#4349,#2234);
#1779=LINE('',#4352,#2235);
#1780=LINE('',#4353,#2236);
#1781=LINE('',#4355,#2237);
#1782=LINE('',#4358,#2238);
#1783=LINE('',#4359,#2239);
#1784=LINE('',#4361,#2240);
#1785=LINE('',#4364,#2241);
#1786=LINE('',#4365,#2242);
#1787=LINE('',#4367,#2243);
#1788=LINE('',#4370,#2244);
#1789=LINE('',#4371,#2245);
#1790=LINE('',#4373,#2246);
#1791=LINE('',#4376,#2247);
#1792=LINE('',#4377,#2248);
#1793=LINE('',#4379,#2249);
#1794=LINE('',#4382,#2250);
#1795=LINE('',#4383,#2251);
#1796=LINE('',#4385,#2252);
#1797=LINE('',#4388,#2253);
#1798=LINE('',#4389,#2254);
#1799=LINE('',#4391,#2255);
#1800=LINE('',#4394,#2256);
#1801=LINE('',#4395,#2257);
#1802=LINE('',#4397,#2258);
#1803=LINE('',#4400,#2259);
#1804=LINE('',#4401,#2260);
#1805=LINE('',#4403,#2261);
#1806=LINE('',#4406,#2262);
#1807=LINE('',#4407,#2263);
#1808=LINE('',#4409,#2264);
#1809=LINE('',#4412,#2265);
#1810=LINE('',#4413,#2266);
#1811=LINE('',#4415,#2267);
#1812=LINE('',#4418,#2268);
#1813=LINE('',#4419,#2269);
#1814=LINE('',#4421,#2270);
#1815=LINE('',#4424,#2271);
#1816=LINE('',#4425,#2272);
#1817=LINE('',#4427,#2273);
#1818=LINE('',#4430,#2274);
#1819=LINE('',#4431,#2275);
#1820=LINE('',#4433,#2276);
#1821=LINE('',#4436,#2277);
#1822=LINE('',#4437,#2278);
#1823=LINE('',#4439,#2279);
#1824=LINE('',#4442,#2280);
#1825=LINE('',#4443,#2281);
#1826=LINE('',#4445,#2282);
#1827=LINE('',#4448,#2283);
#1828=LINE('',#4449,#2284);
#1829=LINE('',#4451,#2285);
#1830=LINE('',#4454,#2286);
#1831=LINE('',#4455,#2287);
#1832=LINE('',#4457,#2288);
#1833=LINE('',#4460,#2289);
#1834=LINE('',#4461,#2290);
#1835=LINE('',#4463,#2291);
#1836=LINE('',#4466,#2292);
#1837=LINE('',#4467,#2293);
#1838=LINE('',#4469,#2294);
#1839=LINE('',#4472,#2295);
#1840=LINE('',#4473,#2296);
#1841=LINE('',#4475,#2297);
#1842=LINE('',#4478,#2298);
#1843=LINE('',#4479,#2299);
#1844=LINE('',#4481,#2300);
#1845=LINE('',#4484,#2301);
#1846=LINE('',#4485,#2302);
#1847=LINE('',#4487,#2303);
#1848=LINE('',#4490,#2304);
#1849=LINE('',#4491,#2305);
#1850=LINE('',#4493,#2306);
#1851=LINE('',#4496,#2307);
#1852=LINE('',#4498,#2308);
#1853=LINE('',#4500,#2309);
#1854=LINE('',#4502,#2310);
#1855=LINE('',#4504,#2311);
#1856=LINE('',#4506,#2312);
#1857=LINE('',#4508,#2313);
#1858=LINE('',#4510,#2314);
#1859=LINE('',#4512,#2315);
#1860=LINE('',#4514,#2316);
#1861=LINE('',#4516,#2317);
#1862=LINE('',#4518,#2318);
#1863=LINE('',#4520,#2319);
#1864=LINE('',#4522,#2320);
#1865=LINE('',#4524,#2321);
#1866=LINE('',#4526,#2322);
#1867=LINE('',#4528,#2323);
#1868=LINE('',#4530,#2324);
#1869=LINE('',#4532,#2325);
#1870=LINE('',#4534,#2326);
#1871=LINE('',#4536,#2327);
#1872=LINE('',#4538,#2328);
#1873=LINE('',#4540,#2329);
#1874=LINE('',#4542,#2330);
#1875=LINE('',#4544,#2331);
#1876=LINE('',#4546,#2332);
#1877=LINE('',#4548,#2333);
#1878=LINE('',#4550,#2334);
#1879=LINE('',#4552,#2335);
#1880=LINE('',#4554,#2336);
#1881=LINE('',#4556,#2337);
#1882=LINE('',#4558,#2338);
#1883=LINE('',#4560,#2339);
#1884=LINE('',#4562,#2340);
#1885=LINE('',#4564,#2341);
#1886=LINE('',#4566,#2342);
#1887=LINE('',#4568,#2343);
#1888=LINE('',#4570,#2344);
#1889=LINE('',#4572,#2345);
#1890=LINE('',#4574,#2346);
#1891=LINE('',#4576,#2347);
#1892=LINE('',#4578,#2348);
#1893=LINE('',#4580,#2349);
#1894=LINE('',#4582,#2350);
#1895=LINE('',#4584,#2351);
#1896=LINE('',#4586,#2352);
#1897=LINE('',#4588,#2353);
#1898=LINE('',#4590,#2354);
#1899=LINE('',#4592,#2355);
#1900=LINE('',#4594,#2356);
#1901=LINE('',#4596,#2357);
#1902=LINE('',#4598,#2358);
#1903=LINE('',#4600,#2359);
#1904=LINE('',#4602,#2360);
#1905=LINE('',#4604,#2361);
#1906=LINE('',#4606,#2362);
#1907=LINE('',#4608,#2363);
#1908=LINE('',#4610,#2364);
#1909=LINE('',#4612,#2365);
#1910=LINE('',#4614,#2366);
#1911=LINE('',#4616,#2367);
#1912=LINE('',#4618,#2368);
#1913=LINE('',#4620,#2369);
#1914=LINE('',#4622,#2370);
#1915=LINE('',#4624,#2371);
#1916=LINE('',#4626,#2372);
#1917=LINE('',#4628,#2373);
#1918=LINE('',#4630,#2374);
#1919=LINE('',#4632,#2375);
#1920=LINE('',#4634,#2376);
#1921=LINE('',#4636,#2377);
#1922=LINE('',#4638,#2378);
#1923=LINE('',#4640,#2379);
#1924=LINE('',#4642,#2380);
#1925=LINE('',#4644,#2381);
#1926=LINE('',#4646,#2382);
#1927=LINE('',#4648,#2383);
#1928=LINE('',#4650,#2384);
#1929=LINE('',#4652,#2385);
#1930=LINE('',#4654,#2386);
#1931=LINE('',#4656,#2387);
#1932=LINE('',#4658,#2388);
#1933=LINE('',#4660,#2389);
#1934=LINE('',#4662,#2390);
#1935=LINE('',#4664,#2391);
#1936=LINE('',#4666,#2392);
#1937=LINE('',#4668,#2393);
#1938=LINE('',#4670,#2394);
#1939=LINE('',#4672,#2395);
#1940=LINE('',#4674,#2396);
#1941=LINE('',#4676,#2397);
#1942=LINE('',#4678,#2398);
#1943=LINE('',#4680,#2399);
#1944=LINE('',#4682,#2400);
#1945=LINE('',#4684,#2401);
#1946=LINE('',#4686,#2402);
#1947=LINE('',#4688,#2403);
#1948=LINE('',#4690,#2404);
#1949=LINE('',#4692,#2405);
#1950=LINE('',#4694,#2406);
#1951=LINE('',#4696,#2407);
#1952=LINE('',#4698,#2408);
#1953=LINE('',#4700,#2409);
#1954=LINE('',#4702,#2410);
#1955=LINE('',#4704,#2411);
#1956=LINE('',#4706,#2412);
#1957=LINE('',#4708,#2413);
#1958=LINE('',#4710,#2414);
#1959=LINE('',#4712,#2415);
#1960=LINE('',#4714,#2416);
#1961=LINE('',#4716,#2417);
#1962=LINE('',#4718,#2418);
#1963=LINE('',#4720,#2419);
#1964=LINE('',#4722,#2420);
#1965=LINE('',#4724,#2421);
#1966=LINE('',#4726,#2422);
#1967=LINE('',#4728,#2423);
#1968=LINE('',#4730,#2424);
#1969=LINE('',#4732,#2425);
#1970=LINE('',#4734,#2426);
#1971=LINE('',#4736,#2427);
#1972=LINE('',#4738,#2428);
#1973=LINE('',#4740,#2429);
#1974=LINE('',#4742,#2430);
#1975=LINE('',#4744,#2431);
#1976=LINE('',#4746,#2432);
#1977=LINE('',#4748,#2433);
#1978=LINE('',#4750,#2434);
#1979=LINE('',#4752,#2435);
#1980=LINE('',#4754,#2436);
#1981=LINE('',#4756,#2437);
#1982=LINE('',#4758,#2438);
#1983=LINE('',#4760,#2439);
#1984=LINE('',#4762,#2440);
#1985=LINE('',#4764,#2441);
#1986=LINE('',#4766,#2442);
#1987=LINE('',#4768,#2443);
#1988=LINE('',#4770,#2444);
#1989=LINE('',#4772,#2445);
#1990=LINE('',#4774,#2446);
#1991=LINE('',#4776,#2447);
#1992=LINE('',#4778,#2448);
#1993=LINE('',#4780,#2449);
#1994=LINE('',#4782,#2450);
#1995=LINE('',#4784,#2451);
#1996=LINE('',#4786,#2452);
#1997=LINE('',#4788,#2453);
#1998=LINE('',#4790,#2454);
#1999=LINE('',#4792,#2455);
#2000=LINE('',#4794,#2456);
#2001=LINE('',#4796,#2457);
#2002=LINE('',#4798,#2458);
#2003=LINE('',#4800,#2459);
#2004=LINE('',#4802,#2460);
#2005=LINE('',#4804,#2461);
#2006=LINE('',#4806,#2462);
#2007=LINE('',#4808,#2463);
#2008=LINE('',#4810,#2464);
#2009=LINE('',#4812,#2465);
#2010=LINE('',#4814,#2466);
#2011=LINE('',#4816,#2467);
#2012=LINE('',#4818,#2468);
#2013=LINE('',#4820,#2469);
#2014=LINE('',#4822,#2470);
#2015=LINE('',#4824,#2471);
#2016=LINE('',#4826,#2472);
#2017=LINE('',#4827,#2473);
#2018=LINE('',#4829,#2474);
#2019=LINE('',#4830,#2475);
#2020=LINE('',#4833,#2476);
#2021=LINE('',#4836,#2477);
#2022=LINE('',#4838,#2478);
#2023=LINE('',#4840,#2479);
#2024=LINE('',#4842,#2480);
#2025=LINE('',#4844,#2481);
#2026=LINE('',#4846,#2482);
#2027=LINE('',#4848,#2483);
#2028=LINE('',#4850,#2484);
#2029=LINE('',#4852,#2485);
#2030=LINE('',#4854,#2486);
#2031=LINE('',#4856,#2487);
#2032=LINE('',#4858,#2488);
#2033=LINE('',#4860,#2489);
#2034=LINE('',#4862,#2490);
#2035=LINE('',#4864,#2491);
#2036=LINE('',#4866,#2492);
#2037=LINE('',#4868,#2493);
#2038=LINE('',#4870,#2494);
#2039=LINE('',#4872,#2495);
#2040=LINE('',#4874,#2496);
#2041=LINE('',#4876,#2497);
#2042=LINE('',#4878,#2498);
#2043=LINE('',#4880,#2499);
#2044=LINE('',#4882,#2500);
#2045=LINE('',#4884,#2501);
#2046=LINE('',#4886,#2502);
#2047=LINE('',#4888,#2503);
#2048=LINE('',#4890,#2504);
#2049=LINE('',#4892,#2505);
#2050=LINE('',#4894,#2506);
#2051=LINE('',#4896,#2507);
#2052=LINE('',#4898,#2508);
#2053=LINE('',#4900,#2509);
#2054=LINE('',#4902,#2510);
#2055=LINE('',#4904,#2511);
#2056=LINE('',#4906,#2512);
#2057=LINE('',#4908,#2513);
#2058=LINE('',#4910,#2514);
#2059=LINE('',#4912,#2515);
#2060=LINE('',#4914,#2516);
#2061=LINE('',#4916,#2517);
#2062=LINE('',#4918,#2518);
#2063=LINE('',#4920,#2519);
#2064=LINE('',#4922,#2520);
#2065=LINE('',#4924,#2521);
#2066=LINE('',#4926,#2522);
#2067=LINE('',#4928,#2523);
#2068=LINE('',#4930,#2524);
#2069=LINE('',#4932,#2525);
#2070=LINE('',#4934,#2526);
#2071=LINE('',#4936,#2527);
#2072=LINE('',#4938,#2528);
#2073=LINE('',#4940,#2529);
#2074=LINE('',#4942,#2530);
#2075=LINE('',#4944,#2531);
#2076=LINE('',#4946,#2532);
#2077=LINE('',#4948,#2533);
#2078=LINE('',#4950,#2534);
#2079=LINE('',#4952,#2535);
#2080=LINE('',#4954,#2536);
#2081=LINE('',#4956,#2537);
#2082=LINE('',#4958,#2538);
#2083=LINE('',#4960,#2539);
#2084=LINE('',#4962,#2540);
#2085=LINE('',#4964,#2541);
#2086=LINE('',#4966,#2542);
#2087=LINE('',#4968,#2543);
#2088=LINE('',#4970,#2544);
#2089=LINE('',#4972,#2545);
#2090=LINE('',#4974,#2546);
#2091=LINE('',#4976,#2547);
#2092=LINE('',#4978,#2548);
#2093=LINE('',#4980,#2549);
#2094=LINE('',#4982,#2550);
#2095=LINE('',#4984,#2551);
#2096=LINE('',#4986,#2552);
#2097=LINE('',#4988,#2553);
#2098=LINE('',#4990,#2554);
#2099=LINE('',#4992,#2555);
#2100=LINE('',#4994,#2556);
#2101=LINE('',#4996,#2557);
#2102=LINE('',#4998,#2558);
#2103=LINE('',#5000,#2559);
#2104=LINE('',#5002,#2560);
#2105=LINE('',#5004,#2561);
#2106=LINE('',#5006,#2562);
#2107=LINE('',#5008,#2563);
#2108=LINE('',#5010,#2564);
#2109=LINE('',#5012,#2565);
#2110=LINE('',#5014,#2566);
#2111=LINE('',#5016,#2567);
#2112=LINE('',#5018,#2568);
#2113=LINE('',#5020,#2569);
#2114=LINE('',#5022,#2570);
#2115=LINE('',#5024,#2571);
#2116=LINE('',#5026,#2572);
#2117=LINE('',#5028,#2573);
#2118=LINE('',#5030,#2574);
#2119=LINE('',#5032,#2575);
#2120=LINE('',#5034,#2576);
#2121=LINE('',#5036,#2577);
#2122=LINE('',#5038,#2578);
#2123=LINE('',#5040,#2579);
#2124=LINE('',#5042,#2580);
#2125=LINE('',#5044,#2581);
#2126=LINE('',#5046,#2582);
#2127=LINE('',#5048,#2583);
#2128=LINE('',#5050,#2584);
#2129=LINE('',#5052,#2585);
#2130=LINE('',#5054,#2586);
#2131=LINE('',#5056,#2587);
#2132=LINE('',#5058,#2588);
#2133=LINE('',#5060,#2589);
#2134=LINE('',#5062,#2590);
#2135=LINE('',#5064,#2591);
#2136=LINE('',#5066,#2592);
#2137=LINE('',#5068,#2593);
#2138=LINE('',#5070,#2594);
#2139=LINE('',#5072,#2595);
#2140=VECTOR('',#3394,1.);
#2141=VECTOR('',#3395,1.);
#2142=VECTOR('',#3396,1.);
#2143=VECTOR('',#3397,1.);
#2144=VECTOR('',#3400,1.);
#2145=VECTOR('',#3401,1.);
#2146=VECTOR('',#3402,1.);
#2147=VECTOR('',#3405,1.);
#2148=VECTOR('',#3406,1.);
#2149=VECTOR('',#3407,1.);
#2150=VECTOR('',#3410,1.);
#2151=VECTOR('',#3411,1.);
#2152=VECTOR('',#3412,1.);
#2153=VECTOR('',#3415,1.);
#2154=VECTOR('',#3416,1.);
#2155=VECTOR('',#3417,1.);
#2156=VECTOR('',#3420,1.);
#2157=VECTOR('',#3421,1.);
#2158=VECTOR('',#3422,1.);
#2159=VECTOR('',#3425,1.);
#2160=VECTOR('',#3426,1.);
#2161=VECTOR('',#3427,1.);
#2162=VECTOR('',#3430,1.);
#2163=VECTOR('',#3431,1.);
#2164=VECTOR('',#3432,1.);
#2165=VECTOR('',#3435,1.);
#2166=VECTOR('',#3436,1.);
#2167=VECTOR('',#3437,1.);
#2168=VECTOR('',#3440,1.);
#2169=VECTOR('',#3441,1.);
#2170=VECTOR('',#3442,1.);
#2171=VECTOR('',#3445,1.);
#2172=VECTOR('',#3446,1.);
#2173=VECTOR('',#3447,1.);
#2174=VECTOR('',#3450,1.);
#2175=VECTOR('',#3451,1.);
#2176=VECTOR('',#3452,1.);
#2177=VECTOR('',#3455,1.);
#2178=VECTOR('',#3456,1.);
#2179=VECTOR('',#3457,1.);
#2180=VECTOR('',#3460,1.);
#2181=VECTOR('',#3461,1.);
#2182=VECTOR('',#3462,1.);
#2183=VECTOR('',#3465,1.);
#2184=VECTOR('',#3466,1.);
#2185=VECTOR('',#3467,1.);
#2186=VECTOR('',#3470,1.);
#2187=VECTOR('',#3471,1.);
#2188=VECTOR('',#3472,1.);
#2189=VECTOR('',#3475,1.);
#2190=VECTOR('',#3476,1.);
#2191=VECTOR('',#3477,1.);
#2192=VECTOR('',#3480,1.);
#2193=VECTOR('',#3481,1.);
#2194=VECTOR('',#3482,1.);
#2195=VECTOR('',#3485,1.);
#2196=VECTOR('',#3486,1.);
#2197=VECTOR('',#3487,1.);
#2198=VECTOR('',#3490,1.);
#2199=VECTOR('',#3491,1.);
#2200=VECTOR('',#3492,1.);
#2201=VECTOR('',#3495,1.);
#2202=VECTOR('',#3496,1.);
#2203=VECTOR('',#3497,1.);
#2204=VECTOR('',#3500,1.);
#2205=VECTOR('',#3501,1.);
#2206=VECTOR('',#3502,1.);
#2207=VECTOR('',#3505,1.);
#2208=VECTOR('',#3506,1.);
#2209=VECTOR('',#3507,1.);
#2210=VECTOR('',#3510,1.);
#2211=VECTOR('',#3511,1.);
#2212=VECTOR('',#3512,1.);
#2213=VECTOR('',#3515,1.);
#2214=VECTOR('',#3516,1.);
#2215=VECTOR('',#3517,1.);
#2216=VECTOR('',#3520,1.);
#2217=VECTOR('',#3521,1.);
#2218=VECTOR('',#3522,1.);
#2219=VECTOR('',#3525,1.);
#2220=VECTOR('',#3526,1.);
#2221=VECTOR('',#3527,1.);
#2222=VECTOR('',#3530,1.);
#2223=VECTOR('',#3531,1.);
#2224=VECTOR('',#3532,1.);
#2225=VECTOR('',#3535,1.);
#2226=VECTOR('',#3536,1.);
#2227=VECTOR('',#3537,1.);
#2228=VECTOR('',#3540,1.);
#2229=VECTOR('',#3541,1.);
#2230=VECTOR('',#3542,1.);
#2231=VECTOR('',#3545,1.);
#2232=VECTOR('',#3546,1.);
#2233=VECTOR('',#3547,1.);
#2234=VECTOR('',#3550,1.);
#2235=VECTOR('',#3551,1.);
#2236=VECTOR('',#3552,1.);
#2237=VECTOR('',#3555,1.);
#2238=VECTOR('',#3556,1.);
#2239=VECTOR('',#3557,1.);
#2240=VECTOR('',#3560,1.);
#2241=VECTOR('',#3561,1.);
#2242=VECTOR('',#3562,1.);
#2243=VECTOR('',#3565,1.);
#2244=VECTOR('',#3566,1.);
#2245=VECTOR('',#3567,1.);
#2246=VECTOR('',#3570,1.);
#2247=VECTOR('',#3571,1.);
#2248=VECTOR('',#3572,1.);
#2249=VECTOR('',#3575,1.);
#2250=VECTOR('',#3576,1.);
#2251=VECTOR('',#3577,1.);
#2252=VECTOR('',#3580,1.);
#2253=VECTOR('',#3581,1.);
#2254=VECTOR('',#3582,1.);
#2255=VECTOR('',#3585,1.);
#2256=VECTOR('',#3586,1.);
#2257=VECTOR('',#3587,1.);
#2258=VECTOR('',#3590,1.);
#2259=VECTOR('',#3591,1.);
#2260=VECTOR('',#3592,1.);
#2261=VECTOR('',#3595,1.);
#2262=VECTOR('',#3596,1.);
#2263=VECTOR('',#3597,1.);
#2264=VECTOR('',#3600,1.);
#2265=VECTOR('',#3601,1.);
#2266=VECTOR('',#3602,1.);
#2267=VECTOR('',#3605,1.);
#2268=VECTOR('',#3606,1.);
#2269=VECTOR('',#3607,1.);
#2270=VECTOR('',#3610,1.);
#2271=VECTOR('',#3611,1.);
#2272=VECTOR('',#3612,1.);
#2273=VECTOR('',#3615,1.);
#2274=VECTOR('',#3616,1.);
#2275=VECTOR('',#3617,1.);
#2276=VECTOR('',#3620,1.);
#2277=VECTOR('',#3621,1.);
#2278=VECTOR('',#3622,1.);
#2279=VECTOR('',#3625,1.);
#2280=VECTOR('',#3626,1.);
#2281=VECTOR('',#3627,1.);
#2282=VECTOR('',#3630,1.);
#2283=VECTOR('',#3631,1.);
#2284=VECTOR('',#3632,1.);
#2285=VECTOR('',#3635,1.);
#2286=VECTOR('',#3636,1.);
#2287=VECTOR('',#3637,1.);
#2288=VECTOR('',#3640,1.);
#2289=VECTOR('',#3641,1.);
#2290=VECTOR('',#3642,1.);
#2291=VECTOR('',#3645,1.);
#2292=VECTOR('',#3646,1.);
#2293=VECTOR('',#3647,1.);
#2294=VECTOR('',#3650,1.);
#2295=VECTOR('',#3651,1.);
#2296=VECTOR('',#3652,1.);
#2297=VECTOR('',#3655,1.);
#2298=VECTOR('',#3656,1.);
#2299=VECTOR('',#3657,1.);
#2300=VECTOR('',#3660,1.);
#2301=VECTOR('',#3661,1.);
#2302=VECTOR('',#3662,1.);
#2303=VECTOR('',#3665,1.);
#2304=VECTOR('',#3666,1.);
#2305=VECTOR('',#3667,1.);
#2306=VECTOR('',#3670,1.);
#2307=VECTOR('',#3671,1.);
#2308=VECTOR('',#3672,1.);
#2309=VECTOR('',#3673,1.);
#2310=VECTOR('',#3676,1.);
#2311=VECTOR('',#3677,1.);
#2312=VECTOR('',#3678,1.);
#2313=VECTOR('',#3681,1.);
#2314=VECTOR('',#3682,1.);
#2315=VECTOR('',#3683,1.);
#2316=VECTOR('',#3686,1.);
#2317=VECTOR('',#3687,1.);
#2318=VECTOR('',#3688,1.);
#2319=VECTOR('',#3691,1.);
#2320=VECTOR('',#3692,1.);
#2321=VECTOR('',#3693,1.);
#2322=VECTOR('',#3696,1.);
#2323=VECTOR('',#3697,1.);
#2324=VECTOR('',#3698,1.);
#2325=VECTOR('',#3701,1.);
#2326=VECTOR('',#3702,1.);
#2327=VECTOR('',#3703,1.);
#2328=VECTOR('',#3706,1.);
#2329=VECTOR('',#3707,1.);
#2330=VECTOR('',#3708,1.);
#2331=VECTOR('',#3711,1.);
#2332=VECTOR('',#3712,1.);
#2333=VECTOR('',#3713,1.);
#2334=VECTOR('',#3716,1.);
#2335=VECTOR('',#3717,1.);
#2336=VECTOR('',#3718,1.);
#2337=VECTOR('',#3721,1.);
#2338=VECTOR('',#3722,1.);
#2339=VECTOR('',#3723,1.);
#2340=VECTOR('',#3726,1.);
#2341=VECTOR('',#3727,1.);
#2342=VECTOR('',#3728,1.);
#2343=VECTOR('',#3731,1.);
#2344=VECTOR('',#3732,1.);
#2345=VECTOR('',#3733,1.);
#2346=VECTOR('',#3736,1.);
#2347=VECTOR('',#3737,1.);
#2348=VECTOR('',#3738,1.);
#2349=VECTOR('',#3741,1.);
#2350=VECTOR('',#3742,1.);
#2351=VECTOR('',#3743,1.);
#2352=VECTOR('',#3746,1.);
#2353=VECTOR('',#3747,1.);
#2354=VECTOR('',#3748,1.);
#2355=VECTOR('',#3751,1.);
#2356=VECTOR('',#3752,1.);
#2357=VECTOR('',#3753,1.);
#2358=VECTOR('',#3756,1.);
#2359=VECTOR('',#3757,1.);
#2360=VECTOR('',#3758,1.);
#2361=VECTOR('',#3761,1.);
#2362=VECTOR('',#3762,1.);
#2363=VECTOR('',#3763,1.);
#2364=VECTOR('',#3766,1.);
#2365=VECTOR('',#3767,1.);
#2366=VECTOR('',#3768,1.);
#2367=VECTOR('',#3771,1.);
#2368=VECTOR('',#3772,1.);
#2369=VECTOR('',#3773,1.);
#2370=VECTOR('',#3776,1.);
#2371=VECTOR('',#3777,1.);
#2372=VECTOR('',#3778,1.);
#2373=VECTOR('',#3781,1.);
#2374=VECTOR('',#3782,1.);
#2375=VECTOR('',#3783,1.);
#2376=VECTOR('',#3786,1.);
#2377=VECTOR('',#3787,1.);
#2378=VECTOR('',#3788,1.);
#2379=VECTOR('',#3791,1.);
#2380=VECTOR('',#3792,1.);
#2381=VECTOR('',#3793,1.);
#2382=VECTOR('',#3796,1.);
#2383=VECTOR('',#3797,1.);
#2384=VECTOR('',#3798,1.);
#2385=VECTOR('',#3801,1.);
#2386=VECTOR('',#3802,1.);
#2387=VECTOR('',#3803,1.);
#2388=VECTOR('',#3806,1.);
#2389=VECTOR('',#3807,1.);
#2390=VECTOR('',#3808,1.);
#2391=VECTOR('',#3811,1.);
#2392=VECTOR('',#3812,1.);
#2393=VECTOR('',#3813,1.);
#2394=VECTOR('',#3816,1.);
#2395=VECTOR('',#3817,1.);
#2396=VECTOR('',#3818,1.);
#2397=VECTOR('',#3821,1.);
#2398=VECTOR('',#3822,1.);
#2399=VECTOR('',#3823,1.);
#2400=VECTOR('',#3826,1.);
#2401=VECTOR('',#3827,1.);
#2402=VECTOR('',#3828,1.);
#2403=VECTOR('',#3831,1.);
#2404=VECTOR('',#3832,1.);
#2405=VECTOR('',#3833,1.);
#2406=VECTOR('',#3836,1.);
#2407=VECTOR('',#3837,1.);
#2408=VECTOR('',#3838,1.);
#2409=VECTOR('',#3841,1.);
#2410=VECTOR('',#3842,1.);
#2411=VECTOR('',#3843,1.);
#2412=VECTOR('',#3846,1.);
#2413=VECTOR('',#3847,1.);
#2414=VECTOR('',#3848,1.);
#2415=VECTOR('',#3851,1.);
#2416=VECTOR('',#3852,1.);
#2417=VECTOR('',#3853,1.);
#2418=VECTOR('',#3856,1.);
#2419=VECTOR('',#3857,1.);
#2420=VECTOR('',#3858,1.);
#2421=VECTOR('',#3861,1.);
#2422=VECTOR('',#3862,1.);
#2423=VECTOR('',#3863,1.);
#2424=VECTOR('',#3866,1.);
#2425=VECTOR('',#3867,1.);
#2426=VECTOR('',#3868,1.);
#2427=VECTOR('',#3871,1.);
#2428=VECTOR('',#3872,1.);
#2429=VECTOR('',#3873,1.);
#2430=VECTOR('',#3876,1.);
#2431=VECTOR('',#3877,1.);
#2432=VECTOR('',#3878,1.);
#2433=VECTOR('',#3881,1.);
#2434=VECTOR('',#3882,1.);
#2435=VECTOR('',#3883,1.);
#2436=VECTOR('',#3886,1.);
#2437=VECTOR('',#3887,1.);
#2438=VECTOR('',#3888,1.);
#2439=VECTOR('',#3891,1.);
#2440=VECTOR('',#3892,1.);
#2441=VECTOR('',#3893,1.);
#2442=VECTOR('',#3896,1.);
#2443=VECTOR('',#3897,1.);
#2444=VECTOR('',#3898,1.);
#2445=VECTOR('',#3901,1.);
#2446=VECTOR('',#3902,1.);
#2447=VECTOR('',#3903,1.);
#2448=VECTOR('',#3906,1.);
#2449=VECTOR('',#3907,1.);
#2450=VECTOR('',#3908,1.);
#2451=VECTOR('',#3911,1.);
#2452=VECTOR('',#3912,1.);
#2453=VECTOR('',#3913,1.);
#2454=VECTOR('',#3916,1.);
#2455=VECTOR('',#3917,1.);
#2456=VECTOR('',#3918,1.);
#2457=VECTOR('',#3921,1.);
#2458=VECTOR('',#3922,1.);
#2459=VECTOR('',#3923,1.);
#2460=VECTOR('',#3926,1.);
#2461=VECTOR('',#3927,1.);
#2462=VECTOR('',#3928,1.);
#2463=VECTOR('',#3931,1.);
#2464=VECTOR('',#3932,1.);
#2465=VECTOR('',#3933,1.);
#2466=VECTOR('',#3936,1.);
#2467=VECTOR('',#3937,1.);
#2468=VECTOR('',#3938,1.);
#2469=VECTOR('',#3941,1.);
#2470=VECTOR('',#3942,1.);
#2471=VECTOR('',#3943,1.);
#2472=VECTOR('',#3946,1.);
#2473=VECTOR('',#3947,1.);
#2474=VECTOR('',#3950,1.);
#2475=VECTOR('',#3951,1.);
#2476=VECTOR('',#3956,1.);
#2477=VECTOR('',#3957,1.);
#2478=VECTOR('',#3958,1.);
#2479=VECTOR('',#3959,1.);
#2480=VECTOR('',#3960,1.);
#2481=VECTOR('',#3961,1.);
#2482=VECTOR('',#3962,1.);
#2483=VECTOR('',#3963,1.);
#2484=VECTOR('',#3964,1.);
#2485=VECTOR('',#3965,1.);
#2486=VECTOR('',#3966,1.);
#2487=VECTOR('',#3967,1.);
#2488=VECTOR('',#3968,1.);
#2489=VECTOR('',#3969,1.);
#2490=VECTOR('',#3970,1.);
#2491=VECTOR('',#3971,1.);
#2492=VECTOR('',#3972,1.);
#2493=VECTOR('',#3973,1.);
#2494=VECTOR('',#3974,1.);
#2495=VECTOR('',#3975,1.);
#2496=VECTOR('',#3976,1.);
#2497=VECTOR('',#3977,1.);
#2498=VECTOR('',#3978,1.);
#2499=VECTOR('',#3979,1.);
#2500=VECTOR('',#3980,1.);
#2501=VECTOR('',#3981,1.);
#2502=VECTOR('',#3982,1.);
#2503=VECTOR('',#3983,1.);
#2504=VECTOR('',#3984,1.);
#2505=VECTOR('',#3985,1.);
#2506=VECTOR('',#3986,1.);
#2507=VECTOR('',#3987,1.);
#2508=VECTOR('',#3988,1.);
#2509=VECTOR('',#3989,1.);
#2510=VECTOR('',#3990,1.);
#2511=VECTOR('',#3991,1.);
#2512=VECTOR('',#3992,1.);
#2513=VECTOR('',#3993,1.);
#2514=VECTOR('',#3994,1.);
#2515=VECTOR('',#3995,1.);
#2516=VECTOR('',#3998,1.);
#2517=VECTOR('',#3999,1.);
#2518=VECTOR('',#4000,1.);
#2519=VECTOR('',#4003,1.);
#2520=VECTOR('',#4004,1.);
#2521=VECTOR('',#4007,1.);
#2522=VECTOR('',#4008,1.);
#2523=VECTOR('',#4011,1.);
#2524=VECTOR('',#4012,1.);
#2525=VECTOR('',#4015,1.);
#2526=VECTOR('',#4016,1.);
#2527=VECTOR('',#4019,1.);
#2528=VECTOR('',#4020,1.);
#2529=VECTOR('',#4023,1.);
#2530=VECTOR('',#4024,1.);
#2531=VECTOR('',#4027,1.);
#2532=VECTOR('',#4028,1.);
#2533=VECTOR('',#4031,1.);
#2534=VECTOR('',#4032,1.);
#2535=VECTOR('',#4035,1.);
#2536=VECTOR('',#4036,1.);
#2537=VECTOR('',#4039,1.);
#2538=VECTOR('',#4040,1.);
#2539=VECTOR('',#4043,1.);
#2540=VECTOR('',#4044,1.);
#2541=VECTOR('',#4047,1.);
#2542=VECTOR('',#4048,1.);
#2543=VECTOR('',#4051,1.);
#2544=VECTOR('',#4052,1.);
#2545=VECTOR('',#4055,1.);
#2546=VECTOR('',#4056,1.);
#2547=VECTOR('',#4059,1.);
#2548=VECTOR('',#4060,1.);
#2549=VECTOR('',#4063,1.);
#2550=VECTOR('',#4064,1.);
#2551=VECTOR('',#4067,1.);
#2552=VECTOR('',#4068,1.);
#2553=VECTOR('',#4071,1.);
#2554=VECTOR('',#4072,1.);
#2555=VECTOR('',#4075,1.);
#2556=VECTOR('',#4076,1.);
#2557=VECTOR('',#4079,1.);
#2558=VECTOR('',#4080,1.);
#2559=VECTOR('',#4083,1.);
#2560=VECTOR('',#4084,1.);
#2561=VECTOR('',#4087,1.);
#2562=VECTOR('',#4088,1.);
#2563=VECTOR('',#4091,1.);
#2564=VECTOR('',#4092,1.);
#2565=VECTOR('',#4095,1.);
#2566=VECTOR('',#4096,1.);
#2567=VECTOR('',#4099,1.);
#2568=VECTOR('',#4100,1.);
#2569=VECTOR('',#4103,1.);
#2570=VECTOR('',#4104,1.);
#2571=VECTOR('',#4107,1.);
#2572=VECTOR('',#4108,1.);
#2573=VECTOR('',#4111,1.);
#2574=VECTOR('',#4112,1.);
#2575=VECTOR('',#4115,1.);
#2576=VECTOR('',#4116,1.);
#2577=VECTOR('',#4119,1.);
#2578=VECTOR('',#4120,1.);
#2579=VECTOR('',#4123,1.);
#2580=VECTOR('',#4124,1.);
#2581=VECTOR('',#4127,1.);
#2582=VECTOR('',#4128,1.);
#2583=VECTOR('',#4131,1.);
#2584=VECTOR('',#4132,1.);
#2585=VECTOR('',#4135,1.);
#2586=VECTOR('',#4136,1.);
#2587=VECTOR('',#4139,1.);
#2588=VECTOR('',#4140,1.);
#2589=VECTOR('',#4143,1.);
#2590=VECTOR('',#4144,1.);
#2591=VECTOR('',#4147,1.);
#2592=VECTOR('',#4148,1.);
#2593=VECTOR('',#4151,1.);
#2594=VECTOR('',#4152,1.);
#2595=VECTOR('',#4155,1.);
#2596=EDGE_LOOP('',(#12,#13,#14,#15));
#2597=EDGE_LOOP('',(#16,#17,#18,#19));
#2598=EDGE_LOOP('',(#20,#21,#22,#23));
#2599=EDGE_LOOP('',(#24,#25,#26,#27));
#2600=EDGE_LOOP('',(#28,#29,#30,#31));
#2601=EDGE_LOOP('',(#32,#33,#34,#35));
#2602=EDGE_LOOP('',(#36,#37,#38,#39));
#2603=EDGE_LOOP('',(#40,#41,#42,#43));
#2604=EDGE_LOOP('',(#44,#45,#46,#47));
#2605=EDGE_LOOP('',(#48,#49,#50,#51));
#2606=EDGE_LOOP('',(#52,#53,#54,#55));
#2607=EDGE_LOOP('',(#56,#57,#58,#59));
#2608=EDGE_LOOP('',(#60,#61,#62,#63));
#2609=EDGE_LOOP('',(#64,#65,#66,#67));
#2610=EDGE_LOOP('',(#68,#69,#70,#71));
#2611=EDGE_LOOP('',(#72,#73,#74,#75));
#2612=EDGE_LOOP('',(#76,#77,#78,#79));
#2613=EDGE_LOOP('',(#80,#81,#82,#83));
#2614=EDGE_LOOP('',(#84,#85,#86,#87));
#2615=EDGE_LOOP('',(#88,#89,#90,#91));
#2616=EDGE_LOOP('',(#92,#93,#94,#95));
#2617=EDGE_LOOP('',(#96,#97,#98,#99));
#2618=EDGE_LOOP('',(#100,#101,#102,#103));
#2619=EDGE_LOOP('',(#104,#105,#106,#107));
#2620=EDGE_LOOP('',(#108,#109,#110,#111));
#2621=EDGE_LOOP('',(#112,#113,#114,#115));
#2622=EDGE_LOOP('',(#116,#117,#118,#119));
#2623=EDGE_LOOP('',(#120,#121,#122,#123));
#2624=EDGE_LOOP('',(#124,#125,#126,#127));
#2625=EDGE_LOOP('',(#128,#129,#130,#131));
#2626=EDGE_LOOP('',(#132,#133,#134,#135));
#2627=EDGE_LOOP('',(#136,#137,#138,#139));
#2628=EDGE_LOOP('',(#140,#141,#142,#143));
#2629=EDGE_LOOP('',(#144,#145,#146,#147));
#2630=EDGE_LOOP('',(#148,#149,#150,#151));
#2631=EDGE_LOOP('',(#152,#153,#154,#155));
#2632=EDGE_LOOP('',(#156,#157,#158,#159));
#2633=EDGE_LOOP('',(#160,#161,#162,#163));
#2634=EDGE_LOOP('',(#164,#165,#166,#167));
#2635=EDGE_LOOP('',(#168,#169,#170,#171));
#2636=EDGE_LOOP('',(#172,#173,#174,#175));
#2637=EDGE_LOOP('',(#176,#177,#178,#179));
#2638=EDGE_LOOP('',(#180,#181,#182,#183));
#2639=EDGE_LOOP('',(#184,#185,#186,#187));
#2640=EDGE_LOOP('',(#188,#189,#190,#191));
#2641=EDGE_LOOP('',(#192,#193,#194,#195));
#2642=EDGE_LOOP('',(#196,#197,#198,#199));
#2643=EDGE_LOOP('',(#200,#201,#202,#203));
#2644=EDGE_LOOP('',(#204,#205,#206,#207));
#2645=EDGE_LOOP('',(#208,#209,#210,#211));
#2646=EDGE_LOOP('',(#212,#213,#214,#215));
#2647=EDGE_LOOP('',(#216,#217,#218,#219));
#2648=EDGE_LOOP('',(#220,#221,#222,#223));
#2649=EDGE_LOOP('',(#224,#225,#226,#227));
#2650=EDGE_LOOP('',(#228,#229,#230,#231));
#2651=EDGE_LOOP('',(#232,#233,#234,#235));
#2652=EDGE_LOOP('',(#236,#237,#238,#239));
#2653=EDGE_LOOP('',(#240,#241,#242,#243));
#2654=EDGE_LOOP('',(#244,#245,#246,#247));
#2655=EDGE_LOOP('',(#248,#249,#250,#251));
#2656=EDGE_LOOP('',(#252,#253,#254,#255));
#2657=EDGE_LOOP('',(#256,#257,#258,#259));
#2658=EDGE_LOOP('',(#260,#261,#262,#263));
#2659=EDGE_LOOP('',(#264,#265,#266,#267));
#2660=EDGE_LOOP('',(#268,#269,#270,#271));
#2661=EDGE_LOOP('',(#272,#273,#274,#275));
#2662=EDGE_LOOP('',(#276,#277,#278,#279));
#2663=EDGE_LOOP('',(#280,#281,#282,#283));
#2664=EDGE_LOOP('',(#284,#285,#286,#287));
#2665=EDGE_LOOP('',(#288,#289,#290,#291));
#2666=EDGE_LOOP('',(#292,#293,#294,#295));
#2667=EDGE_LOOP('',(#296,#297,#298,#299));
#2668=EDGE_LOOP('',(#300,#301,#302,#303));
#2669=EDGE_LOOP('',(#304,#305,#306,#307));
#2670=EDGE_LOOP('',(#308,#309,#310,#311));
#2671=EDGE_LOOP('',(#312,#313,#314,#315));
#2672=EDGE_LOOP('',(#316,#317,#318,#319));
#2673=EDGE_LOOP('',(#320,#321,#322,#323));
#2674=EDGE_LOOP('',(#324,#325,#326,#327));
#2675=EDGE_LOOP('',(#328,#329,#330,#331));
#2676=EDGE_LOOP('',(#332,#333,#334,#335));
#2677=EDGE_LOOP('',(#336,#337,#338,#339));
#2678=EDGE_LOOP('',(#340,#341,#342,#343));
#2679=EDGE_LOOP('',(#344,#345,#346,#347));
#2680=EDGE_LOOP('',(#348,#349,#350,#351));
#2681=EDGE_LOOP('',(#352,#353,#354,#355));
#2682=EDGE_LOOP('',(#356,#357,#358,#359));
#2683=EDGE_LOOP('',(#360,#361,#362,#363));
#2684=EDGE_LOOP('',(#364,#365,#366,#367));
#2685=EDGE_LOOP('',(#368,#369,#370,#371));
#2686=EDGE_LOOP('',(#372,#373,#374,#375));
#2687=EDGE_LOOP('',(#376,#377,#378,#379));
#2688=EDGE_LOOP('',(#380,#381,#382,#383));
#2689=EDGE_LOOP('',(#384,#385,#386,#387));
#2690=EDGE_LOOP('',(#388,#389,#390,#391));
#2691=EDGE_LOOP('',(#392,#393,#394,#395));
#2692=EDGE_LOOP('',(#396,#397,#398,#399));
#2693=EDGE_LOOP('',(#400,#401,#402,#403));
#2694=EDGE_LOOP('',(#404,#405,#406,#407));
#2695=EDGE_LOOP('',(#408,#409,#410,#411));
#2696=EDGE_LOOP('',(#412,#413,#414,#415));
#2697=EDGE_LOOP('',(#416,#417,#418,#419));
#2698=EDGE_LOOP('',(#420,#421,#422,#423));
#2699=EDGE_LOOP('',(#424,#425,#426,#427));
#2700=EDGE_LOOP('',(#428,#429,#430,#431));
#2701=EDGE_LOOP('',(#432,#433,#434,#435));
#2702=EDGE_LOOP('',(#436,#437,#438,#439));
#2703=EDGE_LOOP('',(#440,#441,#442,#443));
#2704=EDGE_LOOP('',(#444,#445,#446,#447));
#2705=EDGE_LOOP('',(#448,#449,#450,#451));
#2706=EDGE_LOOP('',(#452,#453,#454,#455));
#2707=EDGE_LOOP('',(#456,#457,#458,#459));
#2708=EDGE_LOOP('',(#460,#461,#462,#463,#464,#465,#466,#467,#468,#469,#470,
#471,#472,#473,#474,#475,#476,#477,#478,#479,#480,#481,#482,#483,#484,#485,
#486,#487,#488,#489,#490,#491,#492,#493,#494,#495,#496,#497,#498,#499,#500,
#501,#502,#503,#504,#505,#506,#507,#508,#509,#510,#511,#512,#513,#514,#515));
#2709=EDGE_LOOP('',(#516,#517,#518,#519,#520,#521,#522,#523,#524,#525,#526,
#527,#528,#529,#530,#531,#532,#533,#534,#535,#536,#537,#538,#539,#540,#541,
#542,#543,#544,#545,#546,#547,#548,#549,#550,#551,#552,#553,#554,#555,#556,
#557,#558,#559,#560,#561,#562,#563,#564,#565,#566,#567,#568,#569,#570,#571));
#2710=EDGE_LOOP('',(#572,#573,#574,#575,#576,#577,#578,#579,#580,#581,#582,
#583,#584,#585,#586,#587,#588,#589,#590,#591,#592,#593,#594,#595,#596,#597,
#598,#599,#600,#601,#602,#603,#604,#605,#606,#607,#608,#609,#610,#611));
#2711=EDGE_LOOP('',(#612,#613,#614,#615,#616,#617,#618,#619,#620,#621,#622,
#623,#624,#625,#626,#627,#628,#629,#630,#631,#632,#633,#634,#635,#636,#637,
#638,#639,#640,#641,#642,#643,#644,#645,#646,#647,#648,#649,#650,#651,#652,
#653,#654,#655,#656,#657,#658,#659,#660,#661,#662,#663,#664,#665,#666,#667));
#2712=EDGE_LOOP('',(#668,#669,#670,#671));
#2713=EDGE_LOOP('',(#672,#673,#674,#675));
#2714=EDGE_LOOP('',(#676,#677,#678,#679));
#2715=EDGE_LOOP('',(#680,#681,#682,#683));
#2716=EDGE_LOOP('',(#684,#685,#686,#687));
#2717=EDGE_LOOP('',(#688,#689,#690,#691));
#2718=EDGE_LOOP('',(#692,#693,#694,#695));
#2719=EDGE_LOOP('',(#696,#697,#698,#699));
#2720=EDGE_LOOP('',(#700,#701,#702,#703));
#2721=EDGE_LOOP('',(#704,#705,#706,#707));
#2722=EDGE_LOOP('',(#708,#709,#710,#711));
#2723=EDGE_LOOP('',(#712,#713,#714,#715));
#2724=EDGE_LOOP('',(#716,#717,#718,#719));
#2725=EDGE_LOOP('',(#720,#721,#722,#723));
#2726=EDGE_LOOP('',(#724,#725,#726,#727));
#2727=EDGE_LOOP('',(#728,#729,#730,#731));
#2728=EDGE_LOOP('',(#732,#733,#734,#735));
#2729=EDGE_LOOP('',(#736,#737,#738,#739));
#2730=EDGE_LOOP('',(#740,#741,#742,#743));
#2731=EDGE_LOOP('',(#744,#745,#746,#747));
#2732=EDGE_LOOP('',(#748,#749,#750,#751));
#2733=EDGE_LOOP('',(#752,#753,#754,#755));
#2734=EDGE_LOOP('',(#756,#757,#758,#759));
#2735=EDGE_LOOP('',(#760,#761,#762,#763));
#2736=EDGE_LOOP('',(#764,#765,#766,#767));
#2737=EDGE_LOOP('',(#768,#769,#770,#771));
#2738=EDGE_LOOP('',(#772,#773,#774,#775));
#2739=EDGE_LOOP('',(#776,#777,#778,#779));
#2740=EDGE_LOOP('',(#780,#781,#782,#783));
#2741=EDGE_LOOP('',(#784,#785,#786,#787));
#2742=EDGE_LOOP('',(#788,#789,#790,#791));
#2743=EDGE_LOOP('',(#792,#793,#794,#795));
#2744=EDGE_LOOP('',(#796,#797,#798,#799));
#2745=EDGE_LOOP('',(#800,#801,#802,#803));
#2746=EDGE_LOOP('',(#804,#805,#806,#807));
#2747=EDGE_LOOP('',(#808,#809,#810,#811));
#2748=EDGE_LOOP('',(#812,#813,#814,#815));
#2749=EDGE_LOOP('',(#816,#817,#818,#819));
#2750=EDGE_LOOP('',(#820,#821,#822,#823));
#2751=EDGE_LOOP('',(#824,#825,#826,#827));
#2752=EDGE_LOOP('',(#828,#829,#830,#831,#832,#833,#834,#835,#836,#837,#838,
#839,#840,#841,#842,#843,#844,#845,#846,#847,#848,#849,#850,#851,#852,#853,
#854,#855,#856,#857,#858,#859,#860,#861,#862,#863,#864,#865,#866,#867));
#2753=EDGE_LOOP('',(#868,#869,#870,#871,#872,#873,#874,#875,#876,#877,#878,
#879,#880,#881,#882,#883,#884,#885,#886,#887,#888,#889,#890,#891,#892,#893,
#894,#895,#896,#897,#898,#899,#900,#901,#902,#903,#904,#905,#906,#907,#908,
#909,#910,#911,#912,#913,#914,#915,#916,#917,#918,#919,#920,#921,#922,#923));
#2754=FACE_BOUND('',#2596,.T.);
#2755=FACE_BOUND('',#2597,.T.);
#2756=FACE_BOUND('',#2598,.T.);
#2757=FACE_BOUND('',#2599,.T.);
#2758=FACE_BOUND('',#2600,.T.);
#2759=FACE_BOUND('',#2601,.T.);
#2760=FACE_BOUND('',#2602,.T.);
#2761=FACE_BOUND('',#2603,.T.);
#2762=FACE_BOUND('',#2604,.T.);
#2763=FACE_BOUND('',#2605,.T.);
#2764=FACE_BOUND('',#2606,.T.);
#2765=FACE_BOUND('',#2607,.T.);
#2766=FACE_BOUND('',#2608,.T.);
#2767=FACE_BOUND('',#2609,.T.);
#2768=FACE_BOUND('',#2610,.T.);
#2769=FACE_BOUND('',#2611,.T.);
#2770=FACE_BOUND('',#2612,.T.);
#2771=FACE_BOUND('',#2613,.T.);
#2772=FACE_BOUND('',#2614,.T.);
#2773=FACE_BOUND('',#2615,.T.);
#2774=FACE_BOUND('',#2616,.T.);
#2775=FACE_BOUND('',#2617,.T.);
#2776=FACE_BOUND('',#2618,.T.);
#2777=FACE_BOUND('',#2619,.T.);
#2778=FACE_BOUND('',#2620,.T.);
#2779=FACE_BOUND('',#2621,.T.);
#2780=FACE_BOUND('',#2622,.T.);
#2781=FACE_BOUND('',#2623,.T.);
#2782=FACE_BOUND('',#2624,.T.);
#2783=FACE_BOUND('',#2625,.T.);
#2784=FACE_BOUND('',#2626,.T.);
#2785=FACE_BOUND('',#2627,.T.);
#2786=FACE_BOUND('',#2628,.T.);
#2787=FACE_BOUND('',#2629,.T.);
#2788=FACE_BOUND('',#2630,.T.);
#2789=FACE_BOUND('',#2631,.T.);
#2790=FACE_BOUND('',#2632,.T.);
#2791=FACE_BOUND('',#2633,.T.);
#2792=FACE_BOUND('',#2634,.T.);
#2793=FACE_BOUND('',#2635,.T.);
#2794=FACE_BOUND('',#2636,.T.);
#2795=FACE_BOUND('',#2637,.T.);
#2796=FACE_BOUND('',#2638,.T.);
#2797=FACE_BOUND('',#2639,.T.);
#2798=FACE_BOUND('',#2640,.T.);
#2799=FACE_BOUND('',#2641,.T.);
#2800=FACE_BOUND('',#2642,.T.);
#2801=FACE_BOUND('',#2643,.T.);
#2802=FACE_BOUND('',#2644,.T.);
#2803=FACE_BOUND('',#2645,.T.);
#2804=FACE_BOUND('',#2646,.T.);
#2805=FACE_BOUND('',#2647,.T.);
#2806=FACE_BOUND('',#2648,.T.);
#2807=FACE_BOUND('',#2649,.T.);
#2808=FACE_BOUND('',#2650,.T.);
#2809=FACE_BOUND('',#2651,.T.);
#2810=FACE_BOUND('',#2652,.T.);
#2811=FACE_BOUND('',#2653,.T.);
#2812=FACE_BOUND('',#2654,.T.);
#2813=FACE_BOUND('',#2655,.T.);
#2814=FACE_BOUND('',#2656,.T.);
#2815=FACE_BOUND('',#2657,.T.);
#2816=FACE_BOUND('',#2658,.T.);
#2817=FACE_BOUND('',#2659,.T.);
#2818=FACE_BOUND('',#2660,.T.);
#2819=FACE_BOUND('',#2661,.T.);
#2820=FACE_BOUND('',#2662,.T.);
#2821=FACE_BOUND('',#2663,.T.);
#2822=FACE_BOUND('',#2664,.T.);
#2823=FACE_BOUND('',#2665,.T.);
#2824=FACE_BOUND('',#2666,.T.);
#2825=FACE_BOUND('',#2667,.T.);
#2826=FACE_BOUND('',#2668,.T.);
#2827=FACE_BOUND('',#2669,.T.);
#2828=FACE_BOUND('',#2670,.T.);
#2829=FACE_BOUND('',#2671,.T.);
#2830=FACE_BOUND('',#2672,.T.);
#2831=FACE_BOUND('',#2673,.T.);
#2832=FACE_BOUND('',#2674,.T.);
#2833=FACE_BOUND('',#2675,.T.);
#2834=FACE_BOUND('',#2676,.T.);
#2835=FACE_BOUND('',#2677,.T.);
#2836=FACE_BOUND('',#2678,.T.);
#2837=FACE_BOUND('',#2679,.T.);
#2838=FACE_BOUND('',#2680,.T.);
#2839=FACE_BOUND('',#2681,.T.);
#2840=FACE_BOUND('',#2682,.T.);
#2841=FACE_BOUND('',#2683,.T.);
#2842=FACE_BOUND('',#2684,.T.);
#2843=FACE_BOUND('',#2685,.T.);
#2844=FACE_BOUND('',#2686,.T.);
#2845=FACE_BOUND('',#2687,.T.);
#2846=FACE_BOUND('',#2688,.T.);
#2847=FACE_BOUND('',#2689,.T.);
#2848=FACE_BOUND('',#2690,.T.);
#2849=FACE_BOUND('',#2691,.T.);
#2850=FACE_BOUND('',#2692,.T.);
#2851=FACE_BOUND('',#2693,.T.);
#2852=FACE_BOUND('',#2694,.T.);
#2853=FACE_BOUND('',#2695,.T.);
#2854=FACE_BOUND('',#2696,.T.);
#2855=FACE_BOUND('',#2697,.T.);
#2856=FACE_BOUND('',#2698,.T.);
#2857=FACE_BOUND('',#2699,.T.);
#2858=FACE_BOUND('',#2700,.T.);
#2859=FACE_BOUND('',#2701,.T.);
#2860=FACE_BOUND('',#2702,.T.);
#2861=FACE_BOUND('',#2703,.T.);
#2862=FACE_BOUND('',#2704,.T.);
#2863=FACE_BOUND('',#2705,.T.);
#2864=FACE_BOUND('',#2706,.T.);
#2865=FACE_BOUND('',#2707,.T.);
#2866=FACE_BOUND('',#2708,.T.);
#2867=FACE_BOUND('',#2709,.T.);
#2868=FACE_BOUND('',#2710,.T.);
#2869=FACE_BOUND('',#2711,.T.);
#2870=FACE_BOUND('',#2712,.T.);
#2871=FACE_BOUND('',#2713,.T.);
#2872=FACE_BOUND('',#2714,.T.);
#2873=FACE_BOUND('',#2715,.T.);
#2874=FACE_BOUND('',#2716,.T.);
#2875=FACE_BOUND('',#2717,.T.);
#2876=FACE_BOUND('',#2718,.T.);
#2877=FACE_BOUND('',#2719,.T.);
#2878=FACE_BOUND('',#2720,.T.);
#2879=FACE_BOUND('',#2721,.T.);
#2880=FACE_BOUND('',#2722,.T.);
#2881=FACE_BOUND('',#2723,.T.);
#2882=FACE_BOUND('',#2724,.T.);
#2883=FACE_BOUND('',#2725,.T.);
#2884=FACE_BOUND('',#2726,.T.);
#2885=FACE_BOUND('',#2727,.T.);
#2886=FACE_BOUND('',#2728,.T.);
#2887=FACE_BOUND('',#2729,.T.);
#2888=FACE_BOUND('',#2730,.T.);
#2889=FACE_BOUND('',#2731,.T.);
#2890=FACE_BOUND('',#2732,.T.);
#2891=FACE_BOUND('',#2733,.T.);
#2892=FACE_BOUND('',#2734,.T.);
#2893=FACE_BOUND('',#2735,.T.);
#2894=FACE_BOUND('',#2736,.T.);
#2895=FACE_BOUND('',#2737,.T.);
#2896=FACE_BOUND('',#2738,.T.);
#2897=FACE_BOUND('',#2739,.T.);
#2898=FACE_BOUND('',#2740,.T.);
#2899=FACE_BOUND('',#2741,.T.);
#2900=FACE_BOUND('',#2742,.T.);
#2901=FACE_BOUND('',#2743,.T.);
#2902=FACE_BOUND('',#2744,.T.);
#2903=FACE_BOUND('',#2745,.T.);
#2904=FACE_BOUND('',#2746,.T.);
#2905=FACE_BOUND('',#2747,.T.);
#2906=FACE_BOUND('',#2748,.T.);
#2907=FACE_BOUND('',#2749,.T.);
#2908=FACE_BOUND('',#2750,.T.);
#2909=FACE_BOUND('',#2751,.T.);
#2910=FACE_BOUND('',#2752,.T.);
#2911=FACE_BOUND('',#2753,.T.);
#2912=PLANE('',#3235);
#2913=PLANE('',#3236);
#2914=PLANE('',#3237);
#2915=PLANE('',#3238);
#2916=PLANE('',#3239);
#2917=PLANE('',#3240);
#2918=PLANE('',#3241);
#2919=PLANE('',#3242);
#2920=PLANE('',#3243);
#2921=PLANE('',#3244);
#2922=PLANE('',#3245);
#2923=PLANE('',#3246);
#2924=PLANE('',#3247);
#2925=PLANE('',#3248);
#2926=PLANE('',#3249);
#2927=PLANE('',#3250);
#2928=PLANE('',#3251);
#2929=PLANE('',#3252);
#2930=PLANE('',#3253);
#2931=PLANE('',#3254);
#2932=PLANE('',#3255);
#2933=PLANE('',#3256);
#2934=PLANE('',#3257);
#2935=PLANE('',#3258);
#2936=PLANE('',#3259);
#2937=PLANE('',#3260);
#2938=PLANE('',#3261);
#2939=PLANE('',#3262);
#2940=PLANE('',#3263);
#2941=PLANE('',#3264);
#2942=PLANE('',#3265);
#2943=PLANE('',#3266);
#2944=PLANE('',#3267);
#2945=PLANE('',#3268);
#2946=PLANE('',#3269);
#2947=PLANE('',#3270);
#2948=PLANE('',#3271);
#2949=PLANE('',#3272);
#2950=PLANE('',#3273);
#2951=PLANE('',#3274);
#2952=PLANE('',#3275);
#2953=PLANE('',#3276);
#2954=PLANE('',#3277);
#2955=PLANE('',#3278);
#2956=PLANE('',#3279);
#2957=PLANE('',#3280);
#2958=PLANE('',#3281);
#2959=PLANE('',#3282);
#2960=PLANE('',#3283);
#2961=PLANE('',#3284);
#2962=PLANE('',#3285);
#2963=PLANE('',#3286);
#2964=PLANE('',#3287);
#2965=PLANE('',#3288);
#2966=PLANE('',#3289);
#2967=PLANE('',#3290);
#2968=PLANE('',#3291);
#2969=PLANE('',#3292);
#2970=PLANE('',#3293);
#2971=PLANE('',#3294);
#2972=PLANE('',#3295);
#2973=PLANE('',#3296);
#2974=PLANE('',#3297);
#2975=PLANE('',#3298);
#2976=PLANE('',#3299);
#2977=PLANE('',#3300);
#2978=PLANE('',#3301);
#2979=PLANE('',#3302);
#2980=PLANE('',#3303);
#2981=PLANE('',#3304);
#2982=PLANE('',#3305);
#2983=PLANE('',#3306);
#2984=PLANE('',#3307);
#2985=PLANE('',#3308);
#2986=PLANE('',#3309);
#2987=PLANE('',#3310);
#2988=PLANE('',#3311);
#2989=PLANE('',#3312);
#2990=PLANE('',#3313);
#2991=PLANE('',#3314);
#2992=PLANE('',#3315);
#2993=PLANE('',#3316);
#2994=PLANE('',#3317);
#2995=PLANE('',#3318);
#2996=PLANE('',#3319);
#2997=PLANE('',#3320);
#2998=PLANE('',#3321);
#2999=PLANE('',#3322);
#3000=PLANE('',#3323);
#3001=PLANE('',#3324);
#3002=PLANE('',#3325);
#3003=PLANE('',#3326);
#3004=PLANE('',#3327);
#3005=PLANE('',#3328);
#3006=PLANE('',#3329);
#3007=PLANE('',#3330);
#3008=PLANE('',#3331);
#3009=PLANE('',#3332);
#3010=PLANE('',#3333);
#3011=PLANE('',#3334);
#3012=PLANE('',#3335);
#3013=PLANE('',#3336);
#3014=PLANE('',#3337);
#3015=PLANE('',#3338);
#3016=PLANE('',#3339);
#3017=PLANE('',#3340);
#3018=PLANE('',#3341);
#3019=PLANE('',#3342);
#3020=PLANE('',#3343);
#3021=PLANE('',#3344);
#3022=PLANE('',#3345);
#3023=PLANE('',#3346);
#3024=PLANE('',#3347);
#3025=PLANE('',#3348);
#3026=PLANE('',#3349);
#3027=PLANE('',#3350);
#3028=PLANE('',#3351);
#3029=PLANE('',#3352);
#3030=PLANE('',#3353);
#3031=PLANE('',#3354);
#3032=PLANE('',#3355);
#3033=PLANE('',#3356);
#3034=PLANE('',#3357);
#3035=PLANE('',#3358);
#3036=PLANE('',#3359);
#3037=PLANE('',#3360);
#3038=PLANE('',#3361);
#3039=PLANE('',#3362);
#3040=PLANE('',#3363);
#3041=PLANE('',#3364);
#3042=PLANE('',#3365);
#3043=PLANE('',#3366);
#3044=PLANE('',#3367);
#3045=PLANE('',#3368);
#3046=PLANE('',#3369);
#3047=PLANE('',#3370);
#3048=PLANE('',#3371);
#3049=PLANE('',#3372);
#3050=PLANE('',#3373);
#3051=PLANE('',#3374);
#3052=PLANE('',#3375);
#3053=PLANE('',#3376);
#3054=PLANE('',#3377);
#3055=PLANE('',#3378);
#3056=PLANE('',#3379);
#3057=PLANE('',#3380);
#3058=PLANE('',#3381);
#3059=PLANE('',#3382);
#3060=PLANE('',#3383);
#3061=PLANE('',#3384);
#3062=PLANE('',#3385);
#3063=PLANE('',#3386);
#3064=PLANE('',#3387);
#3065=PLANE('',#3388);
#3066=PLANE('',#3389);
#3067=ADVANCED_FACE('',(#2754),#2912,.T.);
#3068=ADVANCED_FACE('',(#2755),#2913,.T.);
#3069=ADVANCED_FACE('',(#2756),#2914,.T.);
#3070=ADVANCED_FACE('',(#2757),#2915,.T.);
#3071=ADVANCED_FACE('',(#2758),#2916,.T.);
#3072=ADVANCED_FACE('',(#2759),#2917,.T.);
#3073=ADVANCED_FACE('',(#2760),#2918,.T.);
#3074=ADVANCED_FACE('',(#2761),#2919,.T.);
#3075=ADVANCED_FACE('',(#2762),#2920,.T.);
#3076=ADVANCED_FACE('',(#2763),#2921,.T.);
#3077=ADVANCED_FACE('',(#2764),#2922,.T.);
#3078=ADVANCED_FACE('',(#2765),#2923,.T.);
#3079=ADVANCED_FACE('',(#2766),#2924,.T.);
#3080=ADVANCED_FACE('',(#2767),#2925,.T.);
#3081=ADVANCED_FACE('',(#2768),#2926,.T.);
#3082=ADVANCED_FACE('',(#2769),#2927,.T.);
#3083=ADVANCED_FACE('',(#2770),#2928,.T.);
#3084=ADVANCED_FACE('',(#2771),#2929,.T.);
#3085=ADVANCED_FACE('',(#2772),#2930,.T.);
#3086=ADVANCED_FACE('',(#2773),#2931,.T.);
#3087=ADVANCED_FACE('',(#2774),#2932,.T.);
#3088=ADVANCED_FACE('',(#2775),#2933,.T.);
#3089=ADVANCED_FACE('',(#2776),#2934,.T.);
#3090=ADVANCED_FACE('',(#2777),#2935,.T.);
#3091=ADVANCED_FACE('',(#2778),#2936,.T.);
#3092=ADVANCED_FACE('',(#2779),#2937,.T.);
#3093=ADVANCED_FACE('',(#2780),#2938,.T.);
#3094=ADVANCED_FACE('',(#2781),#2939,.T.);
#3095=ADVANCED_FACE('',(#2782),#2940,.T.);
#3096=ADVANCED_FACE('',(#2783),#2941,.T.);
#3097=ADVANCED_FACE('',(#2784),#2942,.T.);
#3098=ADVANCED_FACE('',(#2785),#2943,.T.);
#3099=ADVANCED_FACE('',(#2786),#2944,.T.);
#3100=ADVANCED_FACE('',(#2787),#2945,.T.);
#3101=ADVANCED_FACE('',(#2788),#2946,.T.);
#3102=ADVANCED_FACE('',(#2789),#2947,.T.);
#3103=ADVANCED_FACE('',(#2790),#2948,.T.);
#3104=ADVANCED_FACE('',(#2791),#2949,.T.);
#3105=ADVANCED_FACE('',(#2792),#2950,.T.);
#3106=ADVANCED_FACE('',(#2793),#2951,.T.);
#3107=ADVANCED_FACE('',(#2794),#2952,.T.);
#3108=ADVANCED_FACE('',(#2795),#2953,.T.);
#3109=ADVANCED_FACE('',(#2796),#2954,.T.);
#3110=ADVANCED_FACE('',(#2797),#2955,.T.);
#3111=ADVANCED_FACE('',(#2798),#2956,.T.);
#3112=ADVANCED_FACE('',(#2799),#2957,.T.);
#3113=ADVANCED_FACE('',(#2800),#2958,.T.);
#3114=ADVANCED_FACE('',(#2801),#2959,.T.);
#3115=ADVANCED_FACE('',(#2802),#2960,.T.);
#3116=ADVANCED_FACE('',(#2803),#2961,.T.);
#3117=ADVANCED_FACE('',(#2804),#2962,.T.);
#3118=ADVANCED_FACE('',(#2805),#2963,.T.);
#3119=ADVANCED_FACE('',(#2806),#2964,.T.);
#3120=ADVANCED_FACE('',(#2807),#2965,.T.);
#3121=ADVANCED_FACE('',(#2808),#2966,.T.);
#3122=ADVANCED_FACE('',(#2809),#2967,.F.);
#3123=ADVANCED_FACE('',(#2810),#2968,.F.);
#3124=ADVANCED_FACE('',(#2811),#2969,.F.);
#3125=ADVANCED_FACE('',(#2812),#2970,.F.);
#3126=ADVANCED_FACE('',(#2813),#2971,.F.);
#3127=ADVANCED_FACE('',(#2814),#2972,.F.);
#3128=ADVANCED_FACE('',(#2815),#2973,.F.);
#3129=ADVANCED_FACE('',(#2816),#2974,.F.);
#3130=ADVANCED_FACE('',(#2817),#2975,.F.);
#3131=ADVANCED_FACE('',(#2818),#2976,.F.);
#3132=ADVANCED_FACE('',(#2819),#2977,.F.);
#3133=ADVANCED_FACE('',(#2820),#2978,.F.);
#3134=ADVANCED_FACE('',(#2821),#2979,.F.);
#3135=ADVANCED_FACE('',(#2822),#2980,.F.);
#3136=ADVANCED_FACE('',(#2823),#2981,.F.);
#3137=ADVANCED_FACE('',(#2824),#2982,.F.);
#3138=ADVANCED_FACE('',(#2825),#2983,.F.);
#3139=ADVANCED_FACE('',(#2826),#2984,.F.);
#3140=ADVANCED_FACE('',(#2827),#2985,.F.);
#3141=ADVANCED_FACE('',(#2828),#2986,.F.);
#3142=ADVANCED_FACE('',(#2829),#2987,.F.);
#3143=ADVANCED_FACE('',(#2830),#2988,.F.);
#3144=ADVANCED_FACE('',(#2831),#2989,.F.);
#3145=ADVANCED_FACE('',(#2832),#2990,.F.);
#3146=ADVANCED_FACE('',(#2833),#2991,.F.);
#3147=ADVANCED_FACE('',(#2834),#2992,.F.);
#3148=ADVANCED_FACE('',(#2835),#2993,.F.);
#3149=ADVANCED_FACE('',(#2836),#2994,.F.);
#3150=ADVANCED_FACE('',(#2837),#2995,.F.);
#3151=ADVANCED_FACE('',(#2838),#2996,.F.);
#3152=ADVANCED_FACE('',(#2839),#2997,.F.);
#3153=ADVANCED_FACE('',(#2840),#2998,.F.);
#3154=ADVANCED_FACE('',(#2841),#2999,.F.);
#3155=ADVANCED_FACE('',(#2842),#3000,.F.);
#3156=ADVANCED_FACE('',(#2843),#3001,.F.);
#3157=ADVANCED_FACE('',(#2844),#3002,.F.);
#3158=ADVANCED_FACE('',(#2845),#3003,.F.);
#3159=ADVANCED_FACE('',(#2846),#3004,.F.);
#3160=ADVANCED_FACE('',(#2847),#3005,.F.);
#3161=ADVANCED_FACE('',(#2848),#3006,.F.);
#3162=ADVANCED_FACE('',(#2849),#3007,.F.);
#3163=ADVANCED_FACE('',(#2850),#3008,.F.);
#3164=ADVANCED_FACE('',(#2851),#3009,.F.);
#3165=ADVANCED_FACE('',(#2852),#3010,.F.);
#3166=ADVANCED_FACE('',(#2853),#3011,.F.);
#3167=ADVANCED_FACE('',(#2854),#3012,.F.);
#3168=ADVANCED_FACE('',(#2855),#3013,.F.);
#3169=ADVANCED_FACE('',(#2856),#3014,.F.);
#3170=ADVANCED_FACE('',(#2857),#3015,.F.);
#3171=ADVANCED_FACE('',(#2858),#3016,.F.);
#3172=ADVANCED_FACE('',(#2859),#3017,.F.);
#3173=ADVANCED_FACE('',(#2860),#3018,.F.);
#3174=ADVANCED_FACE('',(#2861),#3019,.F.);
#3175=ADVANCED_FACE('',(#2862),#3020,.F.);
#3176=ADVANCED_FACE('',(#2863),#3021,.F.);
#3177=ADVANCED_FACE('',(#2864),#3022,.F.);
#3178=ADVANCED_FACE('',(#2865),#3023,.T.);
#3179=ADVANCED_FACE('',(#2866,#2867),#3024,.F.);
#3180=ADVANCED_FACE('',(#2868,#2869),#3025,.F.);
#3181=ADVANCED_FACE('',(#2870),#3026,.T.);
#3182=ADVANCED_FACE('',(#2871),#3027,.T.);
#3183=ADVANCED_FACE('',(#2872),#3028,.T.);
#3184=ADVANCED_FACE('',(#2873),#3029,.T.);
#3185=ADVANCED_FACE('',(#2874),#3030,.T.);
#3186=ADVANCED_FACE('',(#2875),#3031,.T.);
#3187=ADVANCED_FACE('',(#2876),#3032,.T.);
#3188=ADVANCED_FACE('',(#2877),#3033,.T.);
#3189=ADVANCED_FACE('',(#2878),#3034,.T.);
#3190=ADVANCED_FACE('',(#2879),#3035,.T.);
#3191=ADVANCED_FACE('',(#2880),#3036,.T.);
#3192=ADVANCED_FACE('',(#2881),#3037,.T.);
#3193=ADVANCED_FACE('',(#2882),#3038,.T.);
#3194=ADVANCED_FACE('',(#2883),#3039,.T.);
#3195=ADVANCED_FACE('',(#2884),#3040,.T.);
#3196=ADVANCED_FACE('',(#2885),#3041,.T.);
#3197=ADVANCED_FACE('',(#2886),#3042,.T.);
#3198=ADVANCED_FACE('',(#2887),#3043,.T.);
#3199=ADVANCED_FACE('',(#2888),#3044,.T.);
#3200=ADVANCED_FACE('',(#2889),#3045,.T.);
#3201=ADVANCED_FACE('',(#2890),#3046,.T.);
#3202=ADVANCED_FACE('',(#2891),#3047,.T.);
#3203=ADVANCED_FACE('',(#2892),#3048,.T.);
#3204=ADVANCED_FACE('',(#2893),#3049,.T.);
#3205=ADVANCED_FACE('',(#2894),#3050,.T.);
#3206=ADVANCED_FACE('',(#2895),#3051,.T.);
#3207=ADVANCED_FACE('',(#2896),#3052,.T.);
#3208=ADVANCED_FACE('',(#2897),#3053,.T.);
#3209=ADVANCED_FACE('',(#2898),#3054,.T.);
#3210=ADVANCED_FACE('',(#2899),#3055,.T.);
#3211=ADVANCED_FACE('',(#2900),#3056,.T.);
#3212=ADVANCED_FACE('',(#2901),#3057,.T.);
#3213=ADVANCED_FACE('',(#2902),#3058,.T.);
#3214=ADVANCED_FACE('',(#2903),#3059,.T.);
#3215=ADVANCED_FACE('',(#2904),#3060,.T.);
#3216=ADVANCED_FACE('',(#2905),#3061,.T.);
#3217=ADVANCED_FACE('',(#2906),#3062,.T.);
#3218=ADVANCED_FACE('',(#2907),#3063,.T.);
#3219=ADVANCED_FACE('',(#2908),#3064,.T.);
#3220=ADVANCED_FACE('',(#2909),#3065,.T.);
#3221=ADVANCED_FACE('',(#2910,#2911),#3066,.T.);
#3222=CLOSED_SHELL('',(#3067,#3068,#3069,#3070,#3071,#3072,#3073,#3074,
#3075,#3076,#3077,#3078,#3079,#3080,#3081,#3082,#3083,#3084,#3085,#3086,
#3087,#3088,#3089,#3090,#3091,#3092,#3093,#3094,#3095,#3096,#3097,#3098,
#3099,#3100,#3101,#3102,#3103,#3104,#3105,#3106,#3107,#3108,#3109,#3110,
#3111,#3112,#3113,#3114,#3115,#3116,#3117,#3118,#3119,#3120,#3121,#3122,
#3123,#3124,#3125,#3126,#3127,#3128,#3129,#3130,#3131,#3132,#3133,#3134,
#3135,#3136,#3137,#3138,#3139,#3140,#3141,#3142,#3143,#3144,#3145,#3146,
#3147,#3148,#3149,#3150,#3151,#3152,#3153,#3154,#3155,#3156,#3157,#3158,
#3159,#3160,#3161,#3162,#3163,#3164,#3165,#3166,#3167,#3168,#3169,#3170,
#3171,#3172,#3173,#3174,#3175,#3176,#3177,#3178,#3179,#3180,#3181,#3182,
#3183,#3184,#3185,#3186,#3187,#3188,#3189,#3190,#3191,#3192,#3193,#3194,
#3195,#3196,#3197,#3198,#3199,#3200,#3201,#3202,#3203,#3204,#3205,#3206,
#3207,#3208,#3209,#3210,#3211,#3212,#3213,#3214,#3215,#3216,#3217,#3218,
#3219,#3220,#3221));
#3223=STYLED_ITEM('',(#3224),#3231);
#3224=PRESENTATION_STYLE_ASSIGNMENT((#3225));
#3225=SURFACE_STYLE_USAGE(.BOTH.,#3226);
#3226=SURFACE_SIDE_STYLE('',(#3227));
#3227=SURFACE_STYLE_FILL_AREA(#3228);
#3228=FILL_AREA_STYLE('',(#3229));
#3229=FILL_AREA_STYLE_COLOUR('',#3230);
#3230=COLOUR_RGB('',0.615686274509804,0.811764705882353,0.929411764705882);
#3231=MANIFOLD_SOLID_BREP('Part 1',#3222);
#3232=SHAPE_DEFINITION_REPRESENTATION(#5080,#3233);
#3233=SHAPE_REPRESENTATION('Part 1',(#3234),#5075);
#3234=AXIS2_PLACEMENT_3D('',#4158,#3390,#3391);
#3235=AXIS2_PLACEMENT_3D('',#4159,#3392,#3393);
#3236=AXIS2_PLACEMENT_3D('',#4168,#3398,#3399);
#3237=AXIS2_PLACEMENT_3D('',#4174,#3403,#3404);
#3238=AXIS2_PLACEMENT_3D('',#4180,#3408,#3409);
#3239=AXIS2_PLACEMENT_3D('',#4186,#3413,#3414);
#3240=AXIS2_PLACEMENT_3D('',#4192,#3418,#3419);
#3241=AXIS2_PLACEMENT_3D('',#4198,#3423,#3424);
#3242=AXIS2_PLACEMENT_3D('',#4204,#3428,#3429);
#3243=AXIS2_PLACEMENT_3D('',#4210,#3433,#3434);
#3244=AXIS2_PLACEMENT_3D('',#4216,#3438,#3439);
#3245=AXIS2_PLACEMENT_3D('',#4222,#3443,#3444);
#3246=AXIS2_PLACEMENT_3D('',#4228,#3448,#3449);
#3247=AXIS2_PLACEMENT_3D('',#4234,#3453,#3454);
#3248=AXIS2_PLACEMENT_3D('',#4240,#3458,#3459);
#3249=AXIS2_PLACEMENT_3D('',#4246,#3463,#3464);
#3250=AXIS2_PLACEMENT_3D('',#4252,#3468,#3469);
#3251=AXIS2_PLACEMENT_3D('',#4258,#3473,#3474);
#3252=AXIS2_PLACEMENT_3D('',#4264,#3478,#3479);
#3253=AXIS2_PLACEMENT_3D('',#4270,#3483,#3484);
#3254=AXIS2_PLACEMENT_3D('',#4276,#3488,#3489);
#3255=AXIS2_PLACEMENT_3D('',#4282,#3493,#3494);
#3256=AXIS2_PLACEMENT_3D('',#4288,#3498,#3499);
#3257=AXIS2_PLACEMENT_3D('',#4294,#3503,#3504);
#3258=AXIS2_PLACEMENT_3D('',#4300,#3508,#3509);
#3259=AXIS2_PLACEMENT_3D('',#4306,#3513,#3514);
#3260=AXIS2_PLACEMENT_3D('',#4312,#3518,#3519);
#3261=AXIS2_PLACEMENT_3D('',#4318,#3523,#3524);
#3262=AXIS2_PLACEMENT_3D('',#4324,#3528,#3529);
#3263=AXIS2_PLACEMENT_3D('',#4330,#3533,#3534);
#3264=AXIS2_PLACEMENT_3D('',#4336,#3538,#3539);
#3265=AXIS2_PLACEMENT_3D('',#4342,#3543,#3544);
#3266=AXIS2_PLACEMENT_3D('',#4348,#3548,#3549);
#3267=AXIS2_PLACEMENT_3D('',#4354,#3553,#3554);
#3268=AXIS2_PLACEMENT_3D('',#4360,#3558,#3559);
#3269=AXIS2_PLACEMENT_3D('',#4366,#3563,#3564);
#3270=AXIS2_PLACEMENT_3D('',#4372,#3568,#3569);
#3271=AXIS2_PLACEMENT_3D('',#4378,#3573,#3574);
#3272=AXIS2_PLACEMENT_3D('',#4384,#3578,#3579);
#3273=AXIS2_PLACEMENT_3D('',#4390,#3583,#3584);
#3274=AXIS2_PLACEMENT_3D('',#4396,#3588,#3589);
#3275=AXIS2_PLACEMENT_3D('',#4402,#3593,#3594);
#3276=AXIS2_PLACEMENT_3D('',#4408,#3598,#3599);
#3277=AXIS2_PLACEMENT_3D('',#4414,#3603,#3604);
#3278=AXIS2_PLACEMENT_3D('',#4420,#3608,#3609);
#3279=AXIS2_PLACEMENT_3D('',#4426,#3613,#3614);
#3280=AXIS2_PLACEMENT_3D('',#4432,#3618,#3619);
#3281=AXIS2_PLACEMENT_3D('',#4438,#3623,#3624);
#3282=AXIS2_PLACEMENT_3D('',#4444,#3628,#3629);
#3283=AXIS2_PLACEMENT_3D('',#4450,#3633,#3634);
#3284=AXIS2_PLACEMENT_3D('',#4456,#3638,#3639);
#3285=AXIS2_PLACEMENT_3D('',#4462,#3643,#3644);
#3286=AXIS2_PLACEMENT_3D('',#4468,#3648,#3649);
#3287=AXIS2_PLACEMENT_3D('',#4474,#3653,#3654);
#3288=AXIS2_PLACEMENT_3D('',#4480,#3658,#3659);
#3289=AXIS2_PLACEMENT_3D('',#4486,#3663,#3664);
#3290=AXIS2_PLACEMENT_3D('',#4492,#3668,#3669);
#3291=AXIS2_PLACEMENT_3D('',#4501,#3674,#3675);
#3292=AXIS2_PLACEMENT_3D('',#4507,#3679,#3680);
#3293=AXIS2_PLACEMENT_3D('',#4513,#3684,#3685);
#3294=AXIS2_PLACEMENT_3D('',#4519,#3689,#3690);
#3295=AXIS2_PLACEMENT_3D('',#4525,#3694,#3695);
#3296=AXIS2_PLACEMENT_3D('',#4531,#3699,#3700);
#3297=AXIS2_PLACEMENT_3D('',#4537,#3704,#3705);
#3298=AXIS2_PLACEMENT_3D('',#4543,#3709,#3710);
#3299=AXIS2_PLACEMENT_3D('',#4549,#3714,#3715);
#3300=AXIS2_PLACEMENT_3D('',#4555,#3719,#3720);
#3301=AXIS2_PLACEMENT_3D('',#4561,#3724,#3725);
#3302=AXIS2_PLACEMENT_3D('',#4567,#3729,#3730);
#3303=AXIS2_PLACEMENT_3D('',#4573,#3734,#3735);
#3304=AXIS2_PLACEMENT_3D('',#4579,#3739,#3740);
#3305=AXIS2_PLACEMENT_3D('',#4585,#3744,#3745);
#3306=AXIS2_PLACEMENT_3D('',#4591,#3749,#3750);
#3307=AXIS2_PLACEMENT_3D('',#4597,#3754,#3755);
#3308=AXIS2_PLACEMENT_3D('',#4603,#3759,#3760);
#3309=AXIS2_PLACEMENT_3D('',#4609,#3764,#3765);
#3310=AXIS2_PLACEMENT_3D('',#4615,#3769,#3770);
#3311=AXIS2_PLACEMENT_3D('',#4621,#3774,#3775);
#3312=AXIS2_PLACEMENT_3D('',#4627,#3779,#3780);
#3313=AXIS2_PLACEMENT_3D('',#4633,#3784,#3785);
#3314=AXIS2_PLACEMENT_3D('',#4639,#3789,#3790);
#3315=AXIS2_PLACEMENT_3D('',#4645,#3794,#3795);
#3316=AXIS2_PLACEMENT_3D('',#4651,#3799,#3800);
#3317=AXIS2_PLACEMENT_3D('',#4657,#3804,#3805);
#3318=AXIS2_PLACEMENT_3D('',#4663,#3809,#3810);
#3319=AXIS2_PLACEMENT_3D('',#4669,#3814,#3815);
#3320=AXIS2_PLACEMENT_3D('',#4675,#3819,#3820);
#3321=AXIS2_PLACEMENT_3D('',#4681,#3824,#3825);
#3322=AXIS2_PLACEMENT_3D('',#4687,#3829,#3830);
#3323=AXIS2_PLACEMENT_3D('',#4693,#3834,#3835);
#3324=AXIS2_PLACEMENT_3D('',#4699,#3839,#3840);
#3325=AXIS2_PLACEMENT_3D('',#4705,#3844,#3845);
#3326=AXIS2_PLACEMENT_3D('',#4711,#3849,#3850);
#3327=AXIS2_PLACEMENT_3D('',#4717,#3854,#3855);
#3328=AXIS2_PLACEMENT_3D('',#4723,#3859,#3860);
#3329=AXIS2_PLACEMENT_3D('',#4729,#3864,#3865);
#3330=AXIS2_PLACEMENT_3D('',#4735,#3869,#3870);
#3331=AXIS2_PLACEMENT_3D('',#4741,#3874,#3875);
#3332=AXIS2_PLACEMENT_3D('',#4747,#3879,#3880);
#3333=AXIS2_PLACEMENT_3D('',#4753,#3884,#3885);
#3334=AXIS2_PLACEMENT_3D('',#4759,#3889,#3890);
#3335=AXIS2_PLACEMENT_3D('',#4765,#3894,#3895);
#3336=AXIS2_PLACEMENT_3D('',#4771,#3899,#3900);
#3337=AXIS2_PLACEMENT_3D('',#4777,#3904,#3905);
#3338=AXIS2_PLACEMENT_3D('',#4783,#3909,#3910);
#3339=AXIS2_PLACEMENT_3D('',#4789,#3914,#3915);
#3340=AXIS2_PLACEMENT_3D('',#4795,#3919,#3920);
#3341=AXIS2_PLACEMENT_3D('',#4801,#3924,#3925);
#3342=AXIS2_PLACEMENT_3D('',#4807,#3929,#3930);
#3343=AXIS2_PLACEMENT_3D('',#4813,#3934,#3935);
#3344=AXIS2_PLACEMENT_3D('',#4819,#3939,#3940);
#3345=AXIS2_PLACEMENT_3D('',#4825,#3944,#3945);
#3346=AXIS2_PLACEMENT_3D('',#4828,#3948,#3949);
#3347=AXIS2_PLACEMENT_3D('',#4831,#3952,#3953);
#3348=AXIS2_PLACEMENT_3D('',#4832,#3954,#3955);
#3349=AXIS2_PLACEMENT_3D('',#4913,#3996,#3997);
#3350=AXIS2_PLACEMENT_3D('',#4919,#4001,#4002);
#3351=AXIS2_PLACEMENT_3D('',#4923,#4005,#4006);
#3352=AXIS2_PLACEMENT_3D('',#4927,#4009,#4010);
#3353=AXIS2_PLACEMENT_3D('',#4931,#4013,#4014);
#3354=AXIS2_PLACEMENT_3D('',#4935,#4017,#4018);
#3355=AXIS2_PLACEMENT_3D('',#4939,#4021,#4022);
#3356=AXIS2_PLACEMENT_3D('',#4943,#4025,#4026);
#3357=AXIS2_PLACEMENT_3D('',#4947,#4029,#4030);
#3358=AXIS2_PLACEMENT_3D('',#4951,#4033,#4034);
#3359=AXIS2_PLACEMENT_3D('',#4955,#4037,#4038);
#3360=AXIS2_PLACEMENT_3D('',#4959,#4041,#4042);
#3361=AXIS2_PLACEMENT_3D('',#4963,#4045,#4046);
#3362=AXIS2_PLACEMENT_3D('',#4967,#4049,#4050);
#3363=AXIS2_PLACEMENT_3D('',#4971,#4053,#4054);
#3364=AXIS2_PLACEMENT_3D('',#4975,#4057,#4058);
#3365=AXIS2_PLACEMENT_3D('',#4979,#4061,#4062);
#3366=AXIS2_PLACEMENT_3D('',#4983,#4065,#4066);
#3367=AXIS2_PLACEMENT_3D('',#4987,#4069,#4070);
#3368=AXIS2_PLACEMENT_3D('',#4991,#4073,#4074);
#3369=AXIS2_PLACEMENT_3D('',#4995,#4077,#4078);
#3370=AXIS2_PLACEMENT_3D('',#4999,#4081,#4082);
#3371=AXIS2_PLACEMENT_3D('',#5003,#4085,#4086);
#3372=AXIS2_PLACEMENT_3D('',#5007,#4089,#4090);
#3373=AXIS2_PLACEMENT_3D('',#5011,#4093,#4094);
#3374=AXIS2_PLACEMENT_3D('',#5015,#4097,#4098);
#3375=AXIS2_PLACEMENT_3D('',#5019,#4101,#4102);
#3376=AXIS2_PLACEMENT_3D('',#5023,#4105,#4106);
#3377=AXIS2_PLACEMENT_3D('',#5027,#4109,#4110);
#3378=AXIS2_PLACEMENT_3D('',#5031,#4113,#4114);
#3379=AXIS2_PLACEMENT_3D('',#5035,#4117,#4118);
#3380=AXIS2_PLACEMENT_3D('',#5039,#4121,#4122);
#3381=AXIS2_PLACEMENT_3D('',#5043,#4125,#4126);
#3382=AXIS2_PLACEMENT_3D('',#5047,#4129,#4130);
#3383=AXIS2_PLACEMENT_3D('',#5051,#4133,#4134);
#3384=AXIS2_PLACEMENT_3D('',#5055,#4137,#4138);
#3385=AXIS2_PLACEMENT_3D('',#5059,#4141,#4142);
#3386=AXIS2_PLACEMENT_3D('',#5063,#4145,#4146);
#3387=AXIS2_PLACEMENT_3D('',#5067,#4149,#4150);
#3388=AXIS2_PLACEMENT_3D('',#5071,#4153,#4154);
#3389=AXIS2_PLACEMENT_3D('',#5073,#4156,#4157);
#3390=DIRECTION('',(0.,0.,1.));
#3391=DIRECTION('',(1.,0.,0.));
#3392=DIRECTION('',(0.020793930393769,-0.999783782854463,0.));
#3393=DIRECTION('',(0.999783782854463,0.020793930393769,0.));
#3394=DIRECTION('',(0.,0.,-1.));
#3395=DIRECTION('',(0.999783782854463,0.020793930393769,0.));
#3396=DIRECTION('',(0.,0.,-1.));
#3397=DIRECTION('',(0.999783782854463,0.020793930393769,0.));
#3398=DIRECTION('',(-1.,0.,0.));
#3399=DIRECTION('',(0.,0.,1.));
#3400=DIRECTION('',(0.,0.,-1.));
#3401=DIRECTION('',(0.,1.,0.));
#3402=DIRECTION('',(0.,1.,0.));
#3403=DIRECTION('',(0.,-1.,0.));
#3404=DIRECTION('',(0.,0.,-1.));
#3405=DIRECTION('',(0.,0.,-1.));
#3406=DIRECTION('',(-1.,0.,0.));
#3407=DIRECTION('',(-1.,0.,0.));
#3408=DIRECTION('',(-1.,0.,0.));
#3409=DIRECTION('',(0.,0.,1.));
#3410=DIRECTION('',(0.,0.,-1.));
#3411=DIRECTION('',(0.,1.,0.));
#3412=DIRECTION('',(0.,1.,0.));
#3413=DIRECTION('',(0.,1.,0.));
#3414=DIRECTION('',(0.,0.,1.));
#3415=DIRECTION('',(0.,0.,-1.));
#3416=DIRECTION('',(1.,0.,0.));
#3417=DIRECTION('',(1.,0.,0.));
#3418=DIRECTION('',(-1.,0.,0.));
#3419=DIRECTION('',(0.,0.,1.));
#3420=DIRECTION('',(0.,0.,-1.));
#3421=DIRECTION('',(0.,1.,0.));
#3422=DIRECTION('',(0.,1.,0.));
#3423=DIRECTION('',(0.,1.,0.));
#3424=DIRECTION('',(0.,0.,1.));
#3425=DIRECTION('',(0.,0.,-1.));
#3426=DIRECTION('',(1.,0.,0.));
#3427=DIRECTION('',(1.,0.,0.));
#3428=DIRECTION('',(-1.,0.,0.));
#3429=DIRECTION('',(0.,0.,1.));
#3430=DIRECTION('',(0.,0.,-1.));
#3431=DIRECTION('',(0.,1.,0.));
#3432=DIRECTION('',(0.,1.,0.));
#3433=DIRECTION('',(1.22464679914735E-16,-1.,0.));
#3434=DIRECTION('',(1.,1.22464679914735E-16,0.));
#3435=DIRECTION('',(0.,0.,-1.));
#3436=DIRECTION('',(-1.,-1.22464679914735E-16,0.));
#3437=DIRECTION('',(-1.,-1.22464679914735E-16,0.));
#3438=DIRECTION('',(1.,0.,0.));
#3439=DIRECTION('',(0.,0.,-1.));
#3440=DIRECTION('',(0.,0.,-1.));
#3441=DIRECTION('',(0.,-1.,0.));
#3442=DIRECTION('',(0.,-1.,0.));
#3443=DIRECTION('',(0.,-1.,0.));
#3444=DIRECTION('',(0.,0.,-1.));
#3445=DIRECTION('',(0.,0.,-1.));
#3446=DIRECTION('',(-1.,0.,0.));
#3447=DIRECTION('',(-1.,0.,0.));
#3448=DIRECTION('',(1.,0.,0.));
#3449=DIRECTION('',(0.,0.,-1.));
#3450=DIRECTION('',(0.,0.,-1.));
#3451=DIRECTION('',(0.,-1.,0.));
#3452=DIRECTION('',(0.,-1.,0.));
#3453=DIRECTION('',(0.,-1.,0.));
#3454=DIRECTION('',(0.,0.,-1.));
#3455=DIRECTION('',(0.,0.,-1.));
#3456=DIRECTION('',(-1.,0.,0.));
#3457=DIRECTION('',(-1.,0.,0.));
#3458=DIRECTION('',(-1.,0.,0.));
#3459=DIRECTION('',(0.,0.,1.));
#3460=DIRECTION('',(0.,0.,-1.));
#3461=DIRECTION('',(0.,1.,0.));
#3462=DIRECTION('',(0.,1.,0.));
#3463=DIRECTION('',(0.,-1.,0.));
#3464=DIRECTION('',(0.,0.,-1.));
#3465=DIRECTION('',(0.,0.,-1.));
#3466=DIRECTION('',(-1.,0.,0.));
#3467=DIRECTION('',(-1.,0.,0.));
#3468=DIRECTION('',(-1.,0.,0.));
#3469=DIRECTION('',(0.,0.,1.));
#3470=DIRECTION('',(0.,0.,-1.));
#3471=DIRECTION('',(0.,1.,0.));
#3472=DIRECTION('',(0.,1.,0.));
#3473=DIRECTION('',(0.,-1.,0.));
#3474=DIRECTION('',(0.,0.,-1.));
#3475=DIRECTION('',(0.,0.,-1.));
#3476=DIRECTION('',(-1.,0.,0.));
#3477=DIRECTION('',(-1.,0.,0.));
#3478=DIRECTION('',(-1.,0.,0.));
#3479=DIRECTION('',(0.,0.,1.));
#3480=DIRECTION('',(0.,0.,-1.));
#3481=DIRECTION('',(0.,1.,0.));
#3482=DIRECTION('',(0.,1.,0.));
#3483=DIRECTION('',(0.0292119465027712,-0.999573240028723,0.));
#3484=DIRECTION('',(0.999573240028723,0.0292119465027712,0.));
#3485=DIRECTION('',(0.,0.,-1.));
#3486=DIRECTION('',(-0.999573240028723,-0.0292119465027712,0.));
#3487=DIRECTION('',(-0.999573240028723,-0.0292119465027712,0.));
#3488=DIRECTION('',(-1.,0.,0.));
#3489=DIRECTION('',(0.,0.,1.));
#3490=DIRECTION('',(0.,0.,-1.));
#3491=DIRECTION('',(0.,1.,0.));
#3492=DIRECTION('',(0.,1.,0.));
#3493=DIRECTION('',(0.,-1.,0.));
#3494=DIRECTION('',(0.,0.,-1.));
#3495=DIRECTION('',(0.,0.,-1.));
#3496=DIRECTION('',(-1.,0.,0.));
#3497=DIRECTION('',(-1.,0.,0.));
#3498=DIRECTION('',(-1.,0.,0.));
#3499=DIRECTION('',(0.,0.,1.));
#3500=DIRECTION('',(0.,0.,-1.));
#3501=DIRECTION('',(0.,1.,0.));
#3502=DIRECTION('',(0.,1.,0.));
#3503=DIRECTION('',(0.,-1.,0.));
#3504=DIRECTION('',(0.,0.,-1.));
#3505=DIRECTION('',(0.,0.,-1.));
#3506=DIRECTION('',(-1.,0.,0.));
#3507=DIRECTION('',(-1.,0.,0.));
#3508=DIRECTION('',(-1.,0.,0.));
#3509=DIRECTION('',(0.,0.,1.));
#3510=DIRECTION('',(0.,0.,-1.));
#3511=DIRECTION('',(0.,1.,0.));
#3512=DIRECTION('',(0.,1.,0.));
#3513=DIRECTION('',(0.,-1.,0.));
#3514=DIRECTION('',(0.,0.,-1.));
#3515=DIRECTION('',(0.,0.,-1.));
#3516=DIRECTION('',(-1.,0.,0.));
#3517=DIRECTION('',(-1.,0.,0.));
#3518=DIRECTION('',(-1.,0.,0.));
#3519=DIRECTION('',(0.,0.,1.));
#3520=DIRECTION('',(0.,0.,-1.));
#3521=DIRECTION('',(0.,1.,0.));
#3522=DIRECTION('',(0.,1.,0.));
#3523=DIRECTION('',(0.,-1.,0.));
#3524=DIRECTION('',(0.,0.,-1.));
#3525=DIRECTION('',(0.,0.,-1.));
#3526=DIRECTION('',(-1.,0.,0.));
#3527=DIRECTION('',(-1.,0.,0.));
#3528=DIRECTION('',(1.,0.,0.));
#3529=DIRECTION('',(0.,0.,-1.));
#3530=DIRECTION('',(0.,0.,-1.));
#3531=DIRECTION('',(0.,1.,0.));
#3532=DIRECTION('',(0.,1.,0.));
#3533=DIRECTION('',(-1.83697019872103E-16,1.,0.));
#3534=DIRECTION('',(-1.,-1.83697019872103E-16,0.));
#3535=DIRECTION('',(0.,0.,-1.));
#3536=DIRECTION('',(1.,1.83697019872103E-16,0.));
#3537=DIRECTION('',(1.,1.83697019872103E-16,0.));
#3538=DIRECTION('',(1.,0.,0.));
#3539=DIRECTION('',(0.,0.,-1.));
#3540=DIRECTION('',(0.,0.,-1.));
#3541=DIRECTION('',(0.,-1.,0.));
#3542=DIRECTION('',(0.,-1.,0.));
#3543=DIRECTION('',(0.,1.,0.));
#3544=DIRECTION('',(0.,0.,1.));
#3545=DIRECTION('',(0.,0.,-1.));
#3546=DIRECTION('',(1.,0.,0.));
#3547=DIRECTION('',(1.,0.,0.));
#3548=DIRECTION('',(1.,0.,0.));
#3549=DIRECTION('',(0.,0.,-1.));
#3550=DIRECTION('',(0.,0.,-1.));
#3551=DIRECTION('',(0.,-1.,0.));
#3552=DIRECTION('',(0.,-1.,0.));
#3553=DIRECTION('',(0.,1.,0.));
#3554=DIRECTION('',(0.,0.,1.));
#3555=DIRECTION('',(0.,0.,-1.));
#3556=DIRECTION('',(1.,0.,0.));
#3557=DIRECTION('',(1.,0.,0.));
#3558=DIRECTION('',(1.,0.,0.));
#3559=DIRECTION('',(0.,0.,-1.));
#3560=DIRECTION('',(0.,0.,-1.));
#3561=DIRECTION('',(0.,-1.,0.));
#3562=DIRECTION('',(0.,-1.,0.));
#3563=DIRECTION('',(0.,1.,0.));
#3564=DIRECTION('',(0.,0.,1.));
#3565=DIRECTION('',(0.,0.,-1.));
#3566=DIRECTION('',(1.,0.,0.));
#3567=DIRECTION('',(1.,0.,0.));
#3568=DIRECTION('',(1.,0.,0.));
#3569=DIRECTION('',(0.,0.,-1.));
#3570=DIRECTION('',(0.,0.,-1.));
#3571=DIRECTION('',(0.,-1.,0.));
#3572=DIRECTION('',(0.,-1.,0.));
#3573=DIRECTION('',(0.,1.,0.));
#3574=DIRECTION('',(0.,0.,1.));
#3575=DIRECTION('',(0.,0.,-1.));
#3576=DIRECTION('',(1.,0.,0.));
#3577=DIRECTION('',(1.,0.,0.));
#3578=DIRECTION('',(1.,0.,0.));
#3579=DIRECTION('',(0.,0.,-1.));
#3580=DIRECTION('',(0.,0.,-1.));
#3581=DIRECTION('',(0.,-1.,0.));
#3582=DIRECTION('',(0.,-1.,0.));
#3583=DIRECTION('',(0.,1.,0.));
#3584=DIRECTION('',(0.,0.,1.));
#3585=DIRECTION('',(0.,0.,-1.));
#3586=DIRECTION('',(1.,0.,0.));
#3587=DIRECTION('',(1.,0.,0.));
#3588=DIRECTION('',(1.,0.,0.));
#3589=DIRECTION('',(0.,0.,-1.));
#3590=DIRECTION('',(0.,0.,-1.));
#3591=DIRECTION('',(0.,-1.,0.));
#3592=DIRECTION('',(0.,-1.,0.));
#3593=DIRECTION('',(0.,1.,0.));
#3594=DIRECTION('',(0.,0.,1.));
#3595=DIRECTION('',(0.,0.,-1.));
#3596=DIRECTION('',(1.,0.,0.));
#3597=DIRECTION('',(1.,0.,0.));
#3598=DIRECTION('',(1.,0.,0.));
#3599=DIRECTION('',(0.,0.,-1.));
#3600=DIRECTION('',(0.,0.,-1.));
#3601=DIRECTION('',(0.,-1.,0.));
#3602=DIRECTION('',(0.,-1.,0.));
#3603=DIRECTION('',(0.,-1.,0.));
#3604=DIRECTION('',(0.,0.,-1.));
#3605=DIRECTION('',(0.,0.,-1.));
#3606=DIRECTION('',(-1.,0.,0.));
#3607=DIRECTION('',(-1.,0.,0.));
#3608=DIRECTION('',(1.,0.,0.));
#3609=DIRECTION('',(0.,0.,-1.));
#3610=DIRECTION('',(0.,0.,-1.));
#3611=DIRECTION('',(0.,-1.,0.));
#3612=DIRECTION('',(0.,-1.,0.));
#3613=DIRECTION('',(0.,-1.,0.));
#3614=DIRECTION('',(0.,0.,-1.));
#3615=DIRECTION('',(0.,0.,-1.));
#3616=DIRECTION('',(-1.,0.,0.));
#3617=DIRECTION('',(-1.,0.,0.));
#3618=DIRECTION('',(1.,0.,0.));
#3619=DIRECTION('',(0.,0.,-1.));
#3620=DIRECTION('',(0.,0.,-1.));
#3621=DIRECTION('',(0.,-1.,0.));
#3622=DIRECTION('',(0.,-1.,0.));
#3623=DIRECTION('',(0.,1.,0.));
#3624=DIRECTION('',(0.,0.,1.));
#3625=DIRECTION('',(0.,0.,-1.));
#3626=DIRECTION('',(1.,0.,0.));
#3627=DIRECTION('',(1.,0.,0.));
#3628=DIRECTION('',(-1.,0.,0.));
#3629=DIRECTION('',(0.,0.,1.));
#3630=DIRECTION('',(0.,0.,-1.));
#3631=DIRECTION('',(0.,1.,0.));
#3632=DIRECTION('',(0.,1.,0.));
#3633=DIRECTION('',(0.,1.,0.));
#3634=DIRECTION('',(0.,0.,1.));
#3635=DIRECTION('',(0.,0.,-1.));
#3636=DIRECTION('',(1.,0.,0.));
#3637=DIRECTION('',(1.,0.,0.));
#3638=DIRECTION('',(-1.,0.,0.));
#3639=DIRECTION('',(0.,0.,1.));
#3640=DIRECTION('',(0.,0.,-1.));
#3641=DIRECTION('',(0.,1.,0.));
#3642=DIRECTION('',(0.,1.,0.));
#3643=DIRECTION('',(0.,1.,0.));
#3644=DIRECTION('',(0.,0.,1.));
#3645=DIRECTION('',(0.,0.,-1.));
#3646=DIRECTION('',(1.,0.,0.));
#3647=DIRECTION('',(1.,0.,0.));
#3648=DIRECTION('',(1.,0.,0.));
#3649=DIRECTION('',(0.,0.,-1.));
#3650=DIRECTION('',(0.,0.,-1.));
#3651=DIRECTION('',(0.,-1.,0.));
#3652=DIRECTION('',(0.,-1.,0.));
#3653=DIRECTION('',(0.,1.,0.));
#3654=DIRECTION('',(0.,0.,1.));
#3655=DIRECTION('',(0.,0.,-1.));
#3656=DIRECTION('',(1.,0.,0.));
#3657=DIRECTION('',(1.,0.,0.));
#3658=DIRECTION('',(1.,0.,0.));
#3659=DIRECTION('',(0.,0.,-1.));
#3660=DIRECTION('',(0.,0.,-1.));
#3661=DIRECTION('',(0.,-1.,0.));
#3662=DIRECTION('',(0.,-1.,0.));
#3663=DIRECTION('',(-3.06161699786838E-16,1.,0.));
#3664=DIRECTION('',(-1.,-3.06161699786838E-16,0.));
#3665=DIRECTION('',(0.,0.,-1.));
#3666=DIRECTION('',(1.,3.06161699786838E-16,0.));
#3667=DIRECTION('',(1.,3.06161699786838E-16,0.));
#3668=DIRECTION('',(0.020793930393769,-0.999783782854463,0.));
#3669=DIRECTION('',(0.999783782854463,0.020793930393769,0.));
#3670=DIRECTION('',(0.999783782854463,0.020793930393769,0.));
#3671=DIRECTION('',(0.,0.,-1.));
#3672=DIRECTION('',(0.999783782854463,0.020793930393769,0.));
#3673=DIRECTION('',(0.,0.,-1.));
#3674=DIRECTION('',(-1.,-1.22464679914735E-16,0.));
#3675=DIRECTION('',(1.22464679914735E-16,-1.,0.));
#3676=DIRECTION('',(1.22464679914735E-16,-1.,0.));
#3677=DIRECTION('',(1.22464679914735E-16,-1.,0.));
#3678=DIRECTION('',(0.,0.,-1.));
#3679=DIRECTION('',(-3.06161699786838E-16,1.,0.));
#3680=DIRECTION('',(-1.,-3.06161699786838E-16,0.));
#3681=DIRECTION('',(1.,3.06161699786838E-16,0.));
#3682=DIRECTION('',(1.,3.06161699786838E-16,0.));
#3683=DIRECTION('',(0.,0.,-1.));
#3684=DIRECTION('',(1.,0.,0.));
#3685=DIRECTION('',(0.,0.,-1.));
#3686=DIRECTION('',(0.,-1.,0.));
#3687=DIRECTION('',(0.,-1.,0.));
#3688=DIRECTION('',(0.,0.,-1.));
#3689=DIRECTION('',(0.,1.,0.));
#3690=DIRECTION('',(0.,0.,1.));
#3691=DIRECTION('',(1.,0.,0.));
#3692=DIRECTION('',(1.,0.,0.));
#3693=DIRECTION('',(0.,0.,-1.));
#3694=DIRECTION('',(1.,0.,0.));
#3695=DIRECTION('',(0.,0.,-1.));
#3696=DIRECTION('',(0.,-1.,0.));
#3697=DIRECTION('',(0.,-1.,0.));
#3698=DIRECTION('',(0.,0.,-1.));
#3699=DIRECTION('',(0.,1.,0.));
#3700=DIRECTION('',(0.,0.,1.));
#3701=DIRECTION('',(1.,0.,0.));
#3702=DIRECTION('',(1.,0.,0.));
#3703=DIRECTION('',(0.,0.,-1.));
#3704=DIRECTION('',(-1.,0.,0.));
#3705=DIRECTION('',(0.,0.,1.));
#3706=DIRECTION('',(0.,1.,0.));
#3707=DIRECTION('',(0.,1.,0.));
#3708=DIRECTION('',(0.,0.,-1.));
#3709=DIRECTION('',(0.,1.,0.));
#3710=DIRECTION('',(0.,0.,1.));
#3711=DIRECTION('',(1.,0.,0.));
#3712=DIRECTION('',(1.,0.,0.));
#3713=DIRECTION('',(0.,0.,-1.));
#3714=DIRECTION('',(-1.,0.,0.));
#3715=DIRECTION('',(0.,0.,1.));
#3716=DIRECTION('',(0.,1.,0.));
#3717=DIRECTION('',(0.,1.,0.));
#3718=DIRECTION('',(0.,0.,-1.));
#3719=DIRECTION('',(0.,1.,0.));
#3720=DIRECTION('',(0.,0.,1.));
#3721=DIRECTION('',(1.,0.,0.));
#3722=DIRECTION('',(1.,0.,0.));
#3723=DIRECTION('',(0.,0.,-1.));
#3724=DIRECTION('',(1.,0.,0.));
#3725=DIRECTION('',(0.,0.,-1.));
#3726=DIRECTION('',(0.,-1.,0.));
#3727=DIRECTION('',(0.,-1.,0.));
#3728=DIRECTION('',(0.,0.,-1.));
#3729=DIRECTION('',(0.,-1.,0.));
#3730=DIRECTION('',(0.,0.,-1.));
#3731=DIRECTION('',(-1.,0.,0.));
#3732=DIRECTION('',(-1.,0.,0.));
#3733=DIRECTION('',(0.,0.,-1.));
#3734=DIRECTION('',(1.,0.,0.));
#3735=DIRECTION('',(0.,0.,-1.));
#3736=DIRECTION('',(0.,-1.,0.));
#3737=DIRECTION('',(0.,-1.,0.));
#3738=DIRECTION('',(0.,0.,-1.));
#3739=DIRECTION('',(0.,-1.,0.));
#3740=DIRECTION('',(0.,0.,-1.));
#3741=DIRECTION('',(-1.,0.,0.));
#3742=DIRECTION('',(-1.,0.,0.));
#3743=DIRECTION('',(0.,0.,-1.));
#3744=DIRECTION('',(1.,0.,0.));
#3745=DIRECTION('',(0.,0.,-1.));
#3746=DIRECTION('',(0.,-1.,0.));
#3747=DIRECTION('',(0.,-1.,0.));
#3748=DIRECTION('',(0.,0.,-1.));
#3749=DIRECTION('',(0.,1.,0.));
#3750=DIRECTION('',(0.,0.,1.));
#3751=DIRECTION('',(1.,0.,0.));
#3752=DIRECTION('',(1.,0.,0.));
#3753=DIRECTION('',(0.,0.,-1.));
#3754=DIRECTION('',(1.,0.,0.));
#3755=DIRECTION('',(0.,0.,-1.));
#3756=DIRECTION('',(0.,-1.,0.));
#3757=DIRECTION('',(0.,-1.,0.));
#3758=DIRECTION('',(0.,0.,-1.));
#3759=DIRECTION('',(0.,1.,0.));
#3760=DIRECTION('',(0.,0.,1.));
#3761=DIRECTION('',(1.,0.,0.));
#3762=DIRECTION('',(1.,0.,0.));
#3763=DIRECTION('',(0.,0.,-1.));
#3764=DIRECTION('',(1.,0.,0.));
#3765=DIRECTION('',(0.,0.,-1.));
#3766=DIRECTION('',(0.,-1.,0.));
#3767=DIRECTION('',(0.,-1.,0.));
#3768=DIRECTION('',(0.,0.,-1.));
#3769=DIRECTION('',(0.,1.,0.));
#3770=DIRECTION('',(0.,0.,1.));
#3771=DIRECTION('',(1.,0.,0.));
#3772=DIRECTION('',(1.,0.,0.));
#3773=DIRECTION('',(0.,0.,-1.));
#3774=DIRECTION('',(1.,0.,0.));
#3775=DIRECTION('',(0.,0.,-1.));
#3776=DIRECTION('',(0.,-1.,0.));
#3777=DIRECTION('',(0.,-1.,0.));
#3778=DIRECTION('',(0.,0.,-1.));
#3779=DIRECTION('',(0.,1.,0.));
#3780=DIRECTION('',(0.,0.,1.));
#3781=DIRECTION('',(1.,0.,0.));
#3782=DIRECTION('',(1.,0.,0.));
#3783=DIRECTION('',(0.,0.,-1.));
#3784=DIRECTION('',(1.,0.,0.));
#3785=DIRECTION('',(0.,0.,-1.));
#3786=DIRECTION('',(0.,-1.,0.));
#3787=DIRECTION('',(0.,-1.,0.));
#3788=DIRECTION('',(0.,0.,-1.));
#3789=DIRECTION('',(0.,1.,0.));
#3790=DIRECTION('',(0.,0.,1.));
#3791=DIRECTION('',(1.,0.,0.));
#3792=DIRECTION('',(1.,0.,0.));
#3793=DIRECTION('',(0.,0.,-1.));
#3794=DIRECTION('',(1.,0.,0.));
#3795=DIRECTION('',(0.,0.,-1.));
#3796=DIRECTION('',(0.,-1.,0.));
#3797=DIRECTION('',(0.,-1.,0.));
#3798=DIRECTION('',(0.,0.,-1.));
#3799=DIRECTION('',(0.,1.,0.));
#3800=DIRECTION('',(0.,0.,1.));
#3801=DIRECTION('',(1.,0.,0.));
#3802=DIRECTION('',(1.,0.,0.));
#3803=DIRECTION('',(0.,0.,-1.));
#3804=DIRECTION('',(1.,0.,0.));
#3805=DIRECTION('',(0.,0.,-1.));
#3806=DIRECTION('',(0.,-1.,0.));
#3807=DIRECTION('',(0.,-1.,0.));
#3808=DIRECTION('',(0.,0.,-1.));
#3809=DIRECTION('',(-1.83697019872103E-16,1.,0.));
#3810=DIRECTION('',(-1.,-1.83697019872103E-16,0.));
#3811=DIRECTION('',(1.,1.83697019872103E-16,0.));
#3812=DIRECTION('',(1.,1.83697019872103E-16,0.));
#3813=DIRECTION('',(0.,0.,-1.));
#3814=DIRECTION('',(1.,0.,0.));
#3815=DIRECTION('',(0.,0.,-1.));
#3816=DIRECTION('',(0.,1.,0.));
#3817=DIRECTION('',(0.,1.,0.));
#3818=DIRECTION('',(0.,0.,-1.));
#3819=DIRECTION('',(0.,-1.,0.));
#3820=DIRECTION('',(0.,0.,-1.));
#3821=DIRECTION('',(-1.,0.,0.));
#3822=DIRECTION('',(-1.,0.,0.));
#3823=DIRECTION('',(0.,0.,-1.));
#3824=DIRECTION('',(-1.,0.,0.));
#3825=DIRECTION('',(0.,0.,1.));
#3826=DIRECTION('',(0.,1.,0.));
#3827=DIRECTION('',(0.,1.,0.));
#3828=DIRECTION('',(0.,0.,-1.));
#3829=DIRECTION('',(0.,-1.,0.));
#3830=DIRECTION('',(0.,0.,-1.));
#3831=DIRECTION('',(-1.,0.,0.));
#3832=DIRECTION('',(-1.,0.,0.));
#3833=DIRECTION('',(0.,0.,-1.));
#3834=DIRECTION('',(-1.,0.,0.));
#3835=DIRECTION('',(0.,0.,1.));
#3836=DIRECTION('',(0.,1.,0.));
#3837=DIRECTION('',(0.,1.,0.));
#3838=DIRECTION('',(0.,0.,-1.));
#3839=DIRECTION('',(0.,-1.,0.));
#3840=DIRECTION('',(0.,0.,-1.));
#3841=DIRECTION('',(-1.,0.,0.));
#3842=DIRECTION('',(-1.,0.,0.));
#3843=DIRECTION('',(0.,0.,-1.));
#3844=DIRECTION('',(-1.,0.,0.));
#3845=DIRECTION('',(0.,0.,1.));
#3846=DIRECTION('',(0.,1.,0.));
#3847=DIRECTION('',(0.,1.,0.));
#3848=DIRECTION('',(0.,0.,-1.));
#3849=DIRECTION('',(0.,-1.,0.));
#3850=DIRECTION('',(0.,0.,-1.));
#3851=DIRECTION('',(-1.,0.,0.));
#3852=DIRECTION('',(-1.,0.,0.));
#3853=DIRECTION('',(0.,0.,-1.));
#3854=DIRECTION('',(-1.,0.,0.));
#3855=DIRECTION('',(0.,0.,1.));
#3856=DIRECTION('',(0.,1.,0.));
#3857=DIRECTION('',(0.,1.,0.));
#3858=DIRECTION('',(0.,0.,-1.));
#3859=DIRECTION('',(0.0292119465027712,-0.999573240028723,0.));
#3860=DIRECTION('',(0.999573240028723,0.0292119465027712,0.));
#3861=DIRECTION('',(-0.999573240028723,-0.0292119465027712,0.));
#3862=DIRECTION('',(-0.999573240028723,-0.0292119465027712,0.));
#3863=DIRECTION('',(0.,0.,-1.));
#3864=DIRECTION('',(-1.,0.,0.));
#3865=DIRECTION('',(0.,0.,1.));
#3866=DIRECTION('',(0.,1.,0.));
#3867=DIRECTION('',(0.,1.,0.));
#3868=DIRECTION('',(0.,0.,-1.));
#3869=DIRECTION('',(0.,-1.,0.));
#3870=DIRECTION('',(0.,0.,-1.));
#3871=DIRECTION('',(-1.,0.,0.));
#3872=DIRECTION('',(-1.,0.,0.));
#3873=DIRECTION('',(0.,0.,-1.));
#3874=DIRECTION('',(-1.,0.,0.));
#3875=DIRECTION('',(0.,0.,1.));
#3876=DIRECTION('',(0.,1.,0.));
#3877=DIRECTION('',(0.,1.,0.));
#3878=DIRECTION('',(0.,0.,-1.));
#3879=DIRECTION('',(0.,-1.,0.));
#3880=DIRECTION('',(0.,0.,-1.));
#3881=DIRECTION('',(-1.,0.,0.));
#3882=DIRECTION('',(-1.,0.,0.));
#3883=DIRECTION('',(0.,0.,-1.));
#3884=DIRECTION('',(-1.,0.,0.));
#3885=DIRECTION('',(0.,0.,1.));
#3886=DIRECTION('',(0.,1.,0.));
#3887=DIRECTION('',(0.,1.,0.));
#3888=DIRECTION('',(0.,0.,-1.));
#3889=DIRECTION('',(0.,-1.,0.));
#3890=DIRECTION('',(0.,0.,-1.));
#3891=DIRECTION('',(-1.,0.,0.));
#3892=DIRECTION('',(-1.,0.,0.));
#3893=DIRECTION('',(0.,0.,-1.));
#3894=DIRECTION('',(1.,0.,0.));
#3895=DIRECTION('',(0.,0.,-1.));
#3896=DIRECTION('',(0.,-1.,0.));
#3897=DIRECTION('',(0.,-1.,0.));
#3898=DIRECTION('',(0.,0.,-1.));
#3899=DIRECTION('',(0.,-1.,0.));
#3900=DIRECTION('',(0.,0.,-1.));
#3901=DIRECTION('',(-1.,0.,0.));
#3902=DIRECTION('',(-1.,0.,0.));
#3903=DIRECTION('',(0.,0.,-1.));
#3904=DIRECTION('',(1.,0.,0.));
#3905=DIRECTION('',(0.,0.,-1.));
#3906=DIRECTION('',(0.,-1.,0.));
#3907=DIRECTION('',(0.,-1.,0.));
#3908=DIRECTION('',(0.,0.,-1.));
#3909=DIRECTION('',(1.22464679914735E-16,-1.,0.));
#3910=DIRECTION('',(1.,1.22464679914735E-16,0.));
#3911=DIRECTION('',(-1.,-1.22464679914735E-16,0.));
#3912=DIRECTION('',(-1.,-1.22464679914735E-16,0.));
#3913=DIRECTION('',(0.,0.,-1.));
#3914=DIRECTION('',(-1.,0.,0.));
#3915=DIRECTION('',(0.,0.,1.));
#3916=DIRECTION('',(0.,1.,0.));
#3917=DIRECTION('',(0.,1.,0.));
#3918=DIRECTION('',(0.,0.,-1.));
#3919=DIRECTION('',(0.,1.,0.));
#3920=DIRECTION('',(0.,0.,1.));
#3921=DIRECTION('',(1.,0.,0.));
#3922=DIRECTION('',(1.,0.,0.));
#3923=DIRECTION('',(0.,0.,-1.));
#3924=DIRECTION('',(-1.,0.,0.));
#3925=DIRECTION('',(0.,0.,1.));
#3926=DIRECTION('',(0.,1.,0.));
#3927=DIRECTION('',(0.,1.,0.));
#3928=DIRECTION('',(0.,0.,-1.));
#3929=DIRECTION('',(0.,1.,0.));
#3930=DIRECTION('',(0.,0.,1.));
#3931=DIRECTION('',(1.,0.,0.));
#3932=DIRECTION('',(1.,0.,0.));
#3933=DIRECTION('',(0.,0.,-1.));
#3934=DIRECTION('',(-1.,0.,0.));
#3935=DIRECTION('',(0.,0.,1.));
#3936=DIRECTION('',(0.,1.,0.));
#3937=DIRECTION('',(0.,1.,0.));
#3938=DIRECTION('',(0.,0.,-1.));
#3939=DIRECTION('',(0.,-1.,0.));
#3940=DIRECTION('',(0.,0.,-1.));
#3941=DIRECTION('',(-1.,0.,0.));
#3942=DIRECTION('',(-1.,0.,0.));
#3943=DIRECTION('',(0.,0.,-1.));
#3944=DIRECTION('',(-1.,0.,0.));
#3945=DIRECTION('',(0.,0.,1.));
#3946=DIRECTION('',(0.,1.,0.));
#3947=DIRECTION('',(0.,1.,0.));
#3948=DIRECTION('',(-1.,-1.22464679914735E-16,0.));
#3949=DIRECTION('',(1.22464679914735E-16,-1.,0.));
#3950=DIRECTION('',(1.22464679914735E-16,-1.,0.));
#3951=DIRECTION('',(1.22464679914735E-16,-1.,0.));
#3952=DIRECTION('',(0.,0.,-1.));
#3953=DIRECTION('',(-1.,0.,0.));
#3954=DIRECTION('',(0.,0.,-1.));
#3955=DIRECTION('',(-1.,0.,0.));
#3956=DIRECTION('',(0.999783782854463,0.020793930393769,0.));
#3957=DIRECTION('',(0.,1.,0.));
#3958=DIRECTION('',(1.,0.,0.));
#3959=DIRECTION('',(0.,1.,0.));
#3960=DIRECTION('',(-1.,-1.22464679914735E-16,0.));
#3961=DIRECTION('',(0.,-1.,0.));
#3962=DIRECTION('',(-1.,0.,0.));
#3963=DIRECTION('',(0.,1.,0.));
#3964=DIRECTION('',(-1.,0.,0.));
#3965=DIRECTION('',(0.,1.,0.));
#3966=DIRECTION('',(-0.999573240028723,-0.0292119465027712,0.));
#3967=DIRECTION('',(0.,1.,0.));
#3968=DIRECTION('',(-1.,0.,0.));
#3969=DIRECTION('',(0.,1.,0.));
#3970=DIRECTION('',(-1.,0.,0.));
#3971=DIRECTION('',(0.,1.,0.));
#3972=DIRECTION('',(-1.,0.,0.));
#3973=DIRECTION('',(0.,1.,0.));
#3974=DIRECTION('',(-1.,0.,0.));
#3975=DIRECTION('',(0.,1.,0.));
#3976=DIRECTION('',(1.,1.83697019872103E-16,0.));
#3977=DIRECTION('',(0.,-1.,0.));
#3978=DIRECTION('',(1.,0.,0.));
#3979=DIRECTION('',(0.,-1.,0.));
#3980=DIRECTION('',(1.,0.,0.));
#3981=DIRECTION('',(0.,-1.,0.));
#3982=DIRECTION('',(1.,0.,0.));
#3983=DIRECTION('',(0.,-1.,0.));
#3984=DIRECTION('',(1.,0.,0.));
#3985=DIRECTION('',(0.,-1.,0.));
#3986=DIRECTION('',(1.,0.,0.));
#3987=DIRECTION('',(0.,-1.,0.));
#3988=DIRECTION('',(-1.,0.,0.));
#3989=DIRECTION('',(0.,-1.,0.));
#3990=DIRECTION('',(1.,0.,0.));
#3991=DIRECTION('',(0.,1.,0.));
#3992=DIRECTION('',(1.,0.,0.));
#3993=DIRECTION('',(0.,-1.,0.));
#3994=DIRECTION('',(1.,3.06161699786838E-16,0.));
#3995=DIRECTION('',(1.22464679914735E-16,-1.,0.));
#3996=DIRECTION('',(-0.020793930393769,0.999783782854463,0.));
#3997=DIRECTION('',(-0.999783782854463,-0.020793930393769,0.));
#3998=DIRECTION('',(0.,0.,1.));
#3999=DIRECTION('',(0.999783782854463,0.020793930393769,0.));
#4000=DIRECTION('',(0.,0.,1.));
#4001=DIRECTION('',(1.,1.22464679914735E-16,0.));
#4002=DIRECTION('',(-1.22464679914735E-16,1.,0.));
#4003=DIRECTION('',(0.,0.,1.));
#4004=DIRECTION('',(1.22464679914735E-16,-1.,0.));
#4005=DIRECTION('',(3.06161699786838E-16,-1.,0.));
#4006=DIRECTION('',(1.,3.06161699786838E-16,0.));
#4007=DIRECTION('',(0.,0.,1.));
#4008=DIRECTION('',(1.,3.06161699786838E-16,0.));
#4009=DIRECTION('',(-1.,0.,0.));
#4010=DIRECTION('',(0.,0.,1.));
#4011=DIRECTION('',(0.,0.,1.));
#4012=DIRECTION('',(0.,-1.,0.));
#4013=DIRECTION('',(0.,-1.,0.));
#4014=DIRECTION('',(0.,0.,-1.));
#4015=DIRECTION('',(0.,0.,1.));
#4016=DIRECTION('',(1.,0.,0.));
#4017=DIRECTION('',(1.,0.,0.));
#4018=DIRECTION('',(0.,0.,-1.));
#4019=DIRECTION('',(0.,0.,1.));
#4020=DIRECTION('',(0.,1.,0.));
#4021=DIRECTION('',(0.,-1.,0.));
#4022=DIRECTION('',(0.,0.,-1.));
#4023=DIRECTION('',(0.,0.,1.));
#4024=DIRECTION('',(1.,0.,0.));
#4025=DIRECTION('',(-1.,0.,0.));
#4026=DIRECTION('',(0.,0.,1.));
#4027=DIRECTION('',(0.,0.,1.));
#4028=DIRECTION('',(0.,-1.,0.));
#4029=DIRECTION('',(0.,1.,0.));
#4030=DIRECTION('',(0.,0.,1.));
#4031=DIRECTION('',(0.,0.,1.));
#4032=DIRECTION('',(-1.,0.,0.));
#4033=DIRECTION('',(-1.,0.,0.));
#4034=DIRECTION('',(0.,0.,1.));
#4035=DIRECTION('',(0.,0.,1.));
#4036=DIRECTION('',(0.,-1.,0.));
#4037=DIRECTION('',(0.,-1.,0.));
#4038=DIRECTION('',(0.,0.,-1.));
#4039=DIRECTION('',(0.,0.,1.));
#4040=DIRECTION('',(1.,0.,0.));
#4041=DIRECTION('',(-1.,0.,0.));
#4042=DIRECTION('',(0.,0.,1.));
#4043=DIRECTION('',(0.,0.,1.));
#4044=DIRECTION('',(0.,-1.,0.));
#4045=DIRECTION('',(0.,-1.,0.));
#4046=DIRECTION('',(0.,0.,-1.));
#4047=DIRECTION('',(0.,0.,1.));
#4048=DIRECTION('',(1.,0.,0.));
#4049=DIRECTION('',(-1.,0.,0.));
#4050=DIRECTION('',(0.,0.,1.));
#4051=DIRECTION('',(0.,0.,1.));
#4052=DIRECTION('',(0.,-1.,0.));
#4053=DIRECTION('',(0.,-1.,0.));
#4054=DIRECTION('',(0.,0.,-1.));
#4055=DIRECTION('',(0.,0.,1.));
#4056=DIRECTION('',(1.,0.,0.));
#4057=DIRECTION('',(-1.,0.,0.));
#4058=DIRECTION('',(0.,0.,1.));
#4059=DIRECTION('',(0.,0.,1.));
#4060=DIRECTION('',(0.,-1.,0.));
#4061=DIRECTION('',(0.,-1.,0.));
#4062=DIRECTION('',(0.,0.,-1.));
#4063=DIRECTION('',(0.,0.,1.));
#4064=DIRECTION('',(1.,0.,0.));
#4065=DIRECTION('',(-1.,0.,0.));
#4066=DIRECTION('',(0.,0.,1.));
#4067=DIRECTION('',(0.,0.,1.));
#4068=DIRECTION('',(0.,-1.,0.));
#4069=DIRECTION('',(0.,-1.,0.));
#4070=DIRECTION('',(0.,0.,-1.));
#4071=DIRECTION('',(0.,0.,1.));
#4072=DIRECTION('',(1.,0.,0.));
#4073=DIRECTION('',(-1.,0.,0.));
#4074=DIRECTION('',(0.,0.,1.));
#4075=DIRECTION('',(0.,0.,1.));
#4076=DIRECTION('',(0.,-1.,0.));
#4077=DIRECTION('',(1.83697019872103E-16,-1.,0.));
#4078=DIRECTION('',(1.,1.83697019872103E-16,0.));
#4079=DIRECTION('',(0.,0.,1.));
#4080=DIRECTION('',(1.,1.83697019872103E-16,0.));
#4081=DIRECTION('',(-1.,0.,0.));
#4082=DIRECTION('',(0.,0.,1.));
#4083=DIRECTION('',(0.,0.,1.));
#4084=DIRECTION('',(0.,1.,0.));
#4085=DIRECTION('',(0.,1.,0.));
#4086=DIRECTION('',(0.,0.,1.));
#4087=DIRECTION('',(0.,0.,1.));
#4088=DIRECTION('',(-1.,0.,0.));
#4089=DIRECTION('',(1.,0.,0.));
#4090=DIRECTION('',(0.,0.,-1.));
#4091=DIRECTION('',(0.,0.,1.));
#4092=DIRECTION('',(0.,1.,0.));
#4093=DIRECTION('',(0.,1.,0.));
#4094=DIRECTION('',(0.,0.,1.));
#4095=DIRECTION('',(0.,0.,1.));
#4096=DIRECTION('',(-1.,0.,0.));
#4097=DIRECTION('',(1.,0.,0.));
#4098=DIRECTION('',(0.,0.,-1.));
#4099=DIRECTION('',(0.,0.,1.));
#4100=DIRECTION('',(0.,1.,0.));
#4101=DIRECTION('',(0.,1.,0.));
#4102=DIRECTION('',(0.,0.,1.));
#4103=DIRECTION('',(0.,0.,1.));
#4104=DIRECTION('',(-1.,0.,0.));
#4105=DIRECTION('',(1.,0.,0.));
#4106=DIRECTION('',(0.,0.,-1.));
#4107=DIRECTION('',(0.,0.,1.));
#4108=DIRECTION('',(0.,1.,0.));
#4109=DIRECTION('',(0.,1.,0.));
#4110=DIRECTION('',(0.,0.,1.));
#4111=DIRECTION('',(0.,0.,1.));
#4112=DIRECTION('',(-1.,0.,0.));
#4113=DIRECTION('',(1.,0.,0.));
#4114=DIRECTION('',(0.,0.,-1.));
#4115=DIRECTION('',(0.,0.,1.));
#4116=DIRECTION('',(0.,1.,0.));
#4117=DIRECTION('',(-0.0292119465027712,0.999573240028723,0.));
#4118=DIRECTION('',(-0.999573240028723,-0.0292119465027712,0.));
#4119=DIRECTION('',(0.,0.,1.));
#4120=DIRECTION('',(-0.999573240028723,-0.0292119465027712,0.));
#4121=DIRECTION('',(1.,0.,0.));
#4122=DIRECTION('',(0.,0.,-1.));
#4123=DIRECTION('',(0.,0.,1.));
#4124=DIRECTION('',(0.,1.,0.));
#4125=DIRECTION('',(0.,1.,0.));
#4126=DIRECTION('',(0.,0.,1.));
#4127=DIRECTION('',(0.,0.,1.));
#4128=DIRECTION('',(-1.,0.,0.));
#4129=DIRECTION('',(1.,0.,0.));
#4130=DIRECTION('',(0.,0.,-1.));
#4131=DIRECTION('',(0.,0.,1.));
#4132=DIRECTION('',(0.,1.,0.));
#4133=DIRECTION('',(0.,1.,0.));
#4134=DIRECTION('',(0.,0.,1.));
#4135=DIRECTION('',(0.,0.,1.));
#4136=DIRECTION('',(-1.,0.,0.));
#4137=DIRECTION('',(-1.,0.,0.));
#4138=DIRECTION('',(0.,0.,1.));
#4139=DIRECTION('',(0.,0.,1.));
#4140=DIRECTION('',(0.,-1.,0.));
#4141=DIRECTION('',(-1.22464679914735E-16,1.,0.));
#4142=DIRECTION('',(-1.,-1.22464679914735E-16,0.));
#4143=DIRECTION('',(0.,0.,1.));
#4144=DIRECTION('',(-1.,-1.22464679914735E-16,0.));
#4145=DIRECTION('',(1.,0.,0.));
#4146=DIRECTION('',(0.,0.,-1.));
#4147=DIRECTION('',(0.,0.,1.));
#4148=DIRECTION('',(0.,1.,0.));
#4149=DIRECTION('',(0.,-1.,0.));
#4150=DIRECTION('',(0.,0.,-1.));
#4151=DIRECTION('',(0.,0.,1.));
#4152=DIRECTION('',(1.,0.,0.));
#4153=DIRECTION('',(1.,0.,0.));
#4154=DIRECTION('',(0.,0.,-1.));
#4155=DIRECTION('',(0.,1.,0.));
#4156=DIRECTION('',(0.,0.,-1.));
#4157=DIRECTION('',(-1.,0.,0.));
#4158=CARTESIAN_POINT('',(0.,0.,0.));
#4159=CARTESIAN_POINT('',(0.0601513175109221,-0.0302871927939224,0.0127));
#4160=CARTESIAN_POINT('',(0.0535920187830925,-0.0304236158921137,0.0127));
#4161=CARTESIAN_POINT('',(0.0535920187830925,-0.0304236158921137,0.0127));
#4162=CARTESIAN_POINT('',(0.0535920187830925,-0.0304236158921137,-0.002));
#4163=CARTESIAN_POINT('',(0.0601513175109221,-0.0302871927939224,-0.002));
#4164=CARTESIAN_POINT('',(0.0657161816226904,-0.0301714523718678,-0.002));
#4165=CARTESIAN_POINT('',(0.0657161816226904,-0.0301714523718678,0.0127));
#4166=CARTESIAN_POINT('',(0.0657161816226904,-0.0301714523718678,0.0127));
#4167=CARTESIAN_POINT('',(0.0601513175109221,-0.0302871927939224,0.0127));
#4168=CARTESIAN_POINT('',(0.0535920187830925,-0.0273622405134672,0.0127));
#4169=CARTESIAN_POINT('',(0.0535920187830925,-0.0243008651348206,0.0127));
#4170=CARTESIAN_POINT('',(0.0535920187830925,-0.0243008651348206,0.0127));
#4171=CARTESIAN_POINT('',(0.0535920187830925,-0.0243008651348206,-0.002));
#4172=CARTESIAN_POINT('',(0.0535920187830925,-0.0273622405134672,-0.002));
#4173=CARTESIAN_POINT('',(0.0535920187830925,-0.0273622405134672,0.0127));
#4174=CARTESIAN_POINT('',(0.0505168549716473,-0.0243008651348206,0.0127));
#4175=CARTESIAN_POINT('',(0.047441691160202,-0.0243008651348206,0.0127));
#4176=CARTESIAN_POINT('',(0.047441691160202,-0.0243008651348206,0.0127));
#4177=CARTESIAN_POINT('',(0.047441691160202,-0.0243008651348206,-0.002));
#4178=CARTESIAN_POINT('',(0.0505168549716473,-0.0243008651348206,-0.002));
#4179=CARTESIAN_POINT('',(0.0505168549716473,-0.0243008651348206,0.0127));
#4180=CARTESIAN_POINT('',(0.047441691160202,-0.02136725515531,0.0127));
#4181=CARTESIAN_POINT('',(0.047441691160202,-0.0184336451757993,0.0127));
#4182=CARTESIAN_POINT('',(0.047441691160202,-0.0184336451757993,0.0127));
#4183=CARTESIAN_POINT('',(0.047441691160202,-0.0184336451757993,-0.002));
#4184=CARTESIAN_POINT('',(0.047441691160202,-0.02136725515531,-0.002));
#4185=CARTESIAN_POINT('',(0.047441691160202,-0.02136725515531,0.0127));
#4186=CARTESIAN_POINT('',(0.0505168549716473,-0.0184336451757993,0.0127));
#4187=CARTESIAN_POINT('',(0.0535920187830925,-0.0184336451757993,0.0127));
#4188=CARTESIAN_POINT('',(0.0535920187830925,-0.0184336451757993,0.0127));
#4189=CARTESIAN_POINT('',(0.0535920187830925,-0.0184336451757993,-0.002));
#4190=CARTESIAN_POINT('',(0.0505168549716473,-0.0184336451757993,-0.002));
#4191=CARTESIAN_POINT('',(0.0505168549716473,-0.0184336451757993,0.0127));
#4192=CARTESIAN_POINT('',(0.0535920187830925,-0.0123712454148152,0.0127));
#4193=CARTESIAN_POINT('',(0.0535920187830925,-0.00630884565383111,0.0127));
#4194=CARTESIAN_POINT('',(0.0535920187830925,-0.00630884565383111,0.0127));
#4195=CARTESIAN_POINT('',(0.0535920187830925,-0.00630884565383111,-0.002));
#4196=CARTESIAN_POINT('',(0.0535920187830925,-0.0123712454148152,-0.002));
#4197=CARTESIAN_POINT('',(0.0535920187830925,-0.0123712454148152,0.0127));
#4198=CARTESIAN_POINT('',(0.0565995927900076,-0.00630884565383111,0.0127));
#4199=CARTESIAN_POINT('',(0.0596071667969227,-0.00630884565383111,0.0127));
#4200=CARTESIAN_POINT('',(0.0596071667969227,-0.00630884565383111,0.0127));
#4201=CARTESIAN_POINT('',(0.0596071667969227,-0.00630884565383111,-0.002));
#4202=CARTESIAN_POINT('',(0.0565995927900076,-0.00630884565383111,-0.002));
#4203=CARTESIAN_POINT('',(0.0565995927900076,-0.00630884565383111,0.0127));
#4204=CARTESIAN_POINT('',(0.0596071667969227,-0.000127431435734554,0.0127));
#4205=CARTESIAN_POINT('',(0.0596071667969227,0.0053538806443756,0.0127));
#4206=CARTESIAN_POINT('',(0.0596071667969227,0.0053538806443756,0.0127));
#4207=CARTESIAN_POINT('',(0.0596071667969227,0.0053538806443756,-0.002));
#4208=CARTESIAN_POINT('',(0.0596071667969227,-0.000127431435734554,-0.002));
#4209=CARTESIAN_POINT('',(0.0596071667969227,-0.000127431435734554,0.0127));
#4210=CARTESIAN_POINT('',(0.0536025315523148,0.00535388064437559,0.0127));
#4211=CARTESIAN_POINT('',(0.0475978963077068,0.00535388064437559,0.0127));
#4212=CARTESIAN_POINT('',(0.0475978963077068,0.00535388064437559,0.0127));
#4213=CARTESIAN_POINT('',(0.0475978963077068,0.00535388064437559,-0.002));
#4214=CARTESIAN_POINT('',(0.0536025315523148,0.00535388064437559,-0.002));
#4215=CARTESIAN_POINT('',(0.0536025315523148,0.00535388064437559,0.0127));
#4216=CARTESIAN_POINT('',(0.0475978963077068,0.00288841481197536,0.0127));
#4217=CARTESIAN_POINT('',(0.0475978963077068,-0.00027715315841128,0.0127));
#4218=CARTESIAN_POINT('',(0.0475978963077068,-0.00027715315841128,0.0127));
#4219=CARTESIAN_POINT('',(0.0475978963077068,-0.00027715315841128,-0.002));
#4220=CARTESIAN_POINT('',(0.0475978963077068,0.00288841481197536,-0.002));
#4221=CARTESIAN_POINT('',(0.0475978963077068,0.00288841481197536,0.0127));
#4222=CARTESIAN_POINT('',(0.0444994196295738,-0.00027715315841128,0.0127));
#4223=CARTESIAN_POINT('',(0.0414009429514408,-0.00027715315841128,0.0127));
#4224=CARTESIAN_POINT('',(0.0414009429514408,-0.00027715315841128,0.0127));
#4225=CARTESIAN_POINT('',(0.0414009429514408,-0.00027715315841128,-0.002));
#4226=CARTESIAN_POINT('',(0.0444994196295738,-0.00027715315841128,-0.002));
#4227=CARTESIAN_POINT('',(0.0444994196295738,-0.00027715315841128,0.0127));
#4228=CARTESIAN_POINT('',(0.0414009429514408,-0.00331438697416049,0.0127));
#4229=CARTESIAN_POINT('',(0.0414009429514408,-0.00635162078990971,0.0127));
#4230=CARTESIAN_POINT('',(0.0414009429514408,-0.00635162078990971,0.0127));
#4231=CARTESIAN_POINT('',(0.0414009429514408,-0.00635162078990971,-0.002));
#4232=CARTESIAN_POINT('',(0.0414009429514408,-0.00331438697416049,-0.002));
#4233=CARTESIAN_POINT('',(0.0414009429514408,-0.00331438697416049,0.0127));
#4234=CARTESIAN_POINT('',(0.0383452046662569,-0.00635162078990971,0.0127));
#4235=CARTESIAN_POINT('',(0.035289466381073,-0.00635162078990971,0.0127));
#4236=CARTESIAN_POINT('',(0.035289466381073,-0.00635162078990971,0.0127));
#4237=CARTESIAN_POINT('',(0.035289466381073,-0.00635162078990971,-0.002));
#4238=CARTESIAN_POINT('',(0.0383452046662569,-0.00635162078990971,-0.002));
#4239=CARTESIAN_POINT('',(0.0383452046662569,-0.00635162078990971,0.0127));
#4240=CARTESIAN_POINT('',(0.035289466381073,-0.00328230289292737,0.0127));
#4241=CARTESIAN_POINT('',(0.035289466381073,-0.000212984995945027,0.0127));
#4242=CARTESIAN_POINT('',(0.035289466381073,-0.000212984995945027,0.0127));
#4243=CARTESIAN_POINT('',(0.035289466381073,-0.000212984995945027,-0.002));
#4244=CARTESIAN_POINT('',(0.035289466381073,-0.00328230289292737,-0.002));
#4245=CARTESIAN_POINT('',(0.035289466381073,-0.00328230289292737,0.0127));
#4246=CARTESIAN_POINT('',(0.0324794678017497,-0.000212984995945027,0.0127));
#4247=CARTESIAN_POINT('',(0.0296694692224264,-0.000212984995945027,0.0127));
#4248=CARTESIAN_POINT('',(0.0296694692224264,-0.000212984995945027,0.0127));
#4249=CARTESIAN_POINT('',(0.0296694692224264,-0.000212984995945027,-0.002));
#4250=CARTESIAN_POINT('',(0.0324794678017497,-0.000212984995945027,-0.002));
#4251=CARTESIAN_POINT('',(0.0324794678017497,-0.000212984995945027,0.0127));
#4252=CARTESIAN_POINT('',(0.0296694692224264,0.00286702756445161,0.0127));
#4253=CARTESIAN_POINT('',(0.0296694692224264,0.00594704012484825,0.0127));
#4254=CARTESIAN_POINT('',(0.0296694692224264,0.00594704012484825,0.0127));
#4255=CARTESIAN_POINT('',(0.0296694692224264,0.00594704012484825,-0.002));
#4256=CARTESIAN_POINT('',(0.0296694692224264,0.00286702756445161,-0.002));
#4257=CARTESIAN_POINT('',(0.0296694692224264,0.00286702756445161,0.0127));
#4258=CARTESIAN_POINT('',(0.0264107258990407,0.00594704012484825,0.0127));
#4259=CARTESIAN_POINT('',(0.023151982575655,0.00594704012484825,0.0127));
#4260=CARTESIAN_POINT('',(0.023151982575655,0.00594704012484825,0.0127));
#4261=CARTESIAN_POINT('',(0.023151982575655,0.00594704012484825,-0.002));
#4262=CARTESIAN_POINT('',(0.0264107258990407,0.00594704012484825,-0.002));
#4263=CARTESIAN_POINT('',(0.0264107258990407,0.00594704012484825,0.0127));
#4264=CARTESIAN_POINT('',(0.023151982575655,0.00895219036994048,0.0127));
#4265=CARTESIAN_POINT('',(0.023151982575655,0.0119573406150327,0.0127));
#4266=CARTESIAN_POINT('',(0.023151982575655,0.0119573406150327,0.0127));
#4267=CARTESIAN_POINT('',(0.023151982575655,0.0119573406150327,-0.002));
#4268=CARTESIAN_POINT('',(0.023151982575655,0.00895219036994048,-0.002));
#4269=CARTESIAN_POINT('',(0.023151982575655,0.00895219036994048,0.0127));
#4270=CARTESIAN_POINT('',(0.0202244566753507,0.0118717853734951,0.0127));
#4271=CARTESIAN_POINT('',(0.0172969307750463,0.0117862301319575,0.0127));
#4272=CARTESIAN_POINT('',(0.0172969307750463,0.0117862301319575,0.0127));
#4273=CARTESIAN_POINT('',(0.0172969307750463,0.0117862301319575,-0.002));
#4274=CARTESIAN_POINT('',(0.0202244566753507,0.0118717853734951,-0.002));
#4275=CARTESIAN_POINT('',(0.0202244566753507,0.0118717853734951,0.0127));
#4276=CARTESIAN_POINT('',(0.0172969307750463,0.0149624929917472,0.0127));
#4277=CARTESIAN_POINT('',(0.0172969307750463,0.0181387558515368,0.0127));
#4278=CARTESIAN_POINT('',(0.0172969307750463,0.0181387558515368,0.0127));
#4279=CARTESIAN_POINT('',(0.0172969307750463,0.0181387558515368,-0.002));
#4280=CARTESIAN_POINT('',(0.0172969307750463,0.0149624929917472,-0.002));
#4281=CARTESIAN_POINT('',(0.0172969307750463,0.0149624929917472,0.0127));
#4282=CARTESIAN_POINT('',(0.0142198228277266,0.0181387558515368,0.0127));
#4283=CARTESIAN_POINT('',(0.0111427148804069,0.0181387558515368,0.0127));
#4284=CARTESIAN_POINT('',(0.0111427148804069,0.0181387558515368,0.0127));
#4285=CARTESIAN_POINT('',(0.0111427148804069,0.0181387558515368,-0.002));
#4286=CARTESIAN_POINT('',(0.0142198228277266,0.0181387558515368,-0.002));
#4287=CARTESIAN_POINT('',(0.0142198228277266,0.0181387558515368,0.0127));
#4288=CARTESIAN_POINT('',(0.0111427148804069,0.0211118239970857,0.0127));
#4289=CARTESIAN_POINT('',(0.0111427148804069,0.0240848921426345,0.0127));
#4290=CARTESIAN_POINT('',(0.0111427148804069,0.0240848921426345,0.0127));
#4291=CARTESIAN_POINT('',(0.0111427148804069,0.0240848921426345,-0.002));
#4292=CARTESIAN_POINT('',(0.0111427148804069,0.0211118239970857,-0.002));
#4293=CARTESIAN_POINT('',(0.0111427148804069,0.0211118239970857,0.0127));
#4294=CARTESIAN_POINT('',(0.00809766165912151,0.0240848921426345,0.0127));
#4295=CARTESIAN_POINT('',(0.00505260843783617,0.0240848921426345,0.0127));
#4296=CARTESIAN_POINT('',(0.00505260843783617,0.0240848921426345,0.0127));
#4297=CARTESIAN_POINT('',(0.00505260843783617,0.0240848921426345,-0.002));
#4298=CARTESIAN_POINT('',(0.00809766165912151,0.0240848921426345,-0.002));
#4299=CARTESIAN_POINT('',(0.00809766165912151,0.0240848921426345,0.0127));
#4300=CARTESIAN_POINT('',(0.00505260843783617,0.0269830941951059,0.0127));
#4301=CARTESIAN_POINT('',(0.00505260843783617,0.0298812962475772,0.0127));
#4302=CARTESIAN_POINT('',(0.00505260843783617,0.0298812962475772,0.0127));
#4303=CARTESIAN_POINT('',(0.00505260843783617,0.0298812962475772,-0.002));
#4304=CARTESIAN_POINT('',(0.00505260843783617,0.0269830941951059,-0.002));
#4305=CARTESIAN_POINT('',(0.00505260843783617,0.0269830941951059,0.0127));
#4306=CARTESIAN_POINT('',(0.00201823870884254,0.0298812962475772,0.0127));
#4307=CARTESIAN_POINT('',(-0.00101613102015108,0.0298812962475772,0.0127));
#4308=CARTESIAN_POINT('',(-0.00101613102015108,0.0298812962475772,0.0127));
#4309=CARTESIAN_POINT('',(-0.00101613102015108,0.0298812962475772,-0.002));
#4310=CARTESIAN_POINT('',(0.00201823870884254,0.0298812962475772,-0.002));
#4311=CARTESIAN_POINT('',(0.00201823870884254,0.0298812962475772,0.0127));
#4312=CARTESIAN_POINT('',(-0.00101613102015108,0.0329826969950074,0.0127));
#4313=CARTESIAN_POINT('',(-0.00101613102015108,0.0360840977424376,0.0127));
#4314=CARTESIAN_POINT('',(-0.00101613102015108,0.0360840977424376,0.0127));
#4315=CARTESIAN_POINT('',(-0.00101613102015108,0.0360840977424376,-0.002));
#4316=CARTESIAN_POINT('',(-0.00101613102015108,0.0329826969950074,-0.002));
#4317=CARTESIAN_POINT('',(-0.00101613102015108,0.0329826969950074,0.0127));
#4318=CARTESIAN_POINT('',(-0.0100169008086056,0.0360840977424376,0.0127));
#4319=CARTESIAN_POINT('',(-0.0190176705970602,0.0360840977424376,0.0127));
#4320=CARTESIAN_POINT('',(-0.0190176705970602,0.0360840977424376,0.0127));
#4321=CARTESIAN_POINT('',(-0.0190176705970602,0.0360840977424376,-0.002));
#4322=CARTESIAN_POINT('',(-0.0100169008086056,0.0360840977424376,-0.002));
#4323=CARTESIAN_POINT('',(-0.0100169008086056,0.0360840977424376,0.0127));
#4324=CARTESIAN_POINT('',(-0.0190176705970602,0.0269652947694441,0.0127));
#4325=CARTESIAN_POINT('',(-0.0190176705970602,0.0178464917964504,0.0127));
#4326=CARTESIAN_POINT('',(-0.0190176705970602,0.0178464917964504,0.0127));
#4327=CARTESIAN_POINT('',(-0.0190176705970602,0.0178464917964504,-0.002));
#4328=CARTESIAN_POINT('',(-0.0190176705970602,0.0269652947694441,-0.002));
#4329=CARTESIAN_POINT('',(-0.0190176705970602,0.0269652947694441,0.0127));
#4330=CARTESIAN_POINT('',(-0.0161822782829404,0.0178464917964504,0.0127));
#4331=CARTESIAN_POINT('',(-0.0132481101900339,0.0178464917964504,0.0127));
#4332=CARTESIAN_POINT('',(-0.0132481101900339,0.0178464917964504,0.0127));
#4333=CARTESIAN_POINT('',(-0.0132481101900339,0.0178464917964504,-0.002));
#4334=CARTESIAN_POINT('',(-0.0161822782829404,0.0178464917964504,-0.002));
#4335=CARTESIAN_POINT('',(-0.0161822782829404,0.0178464917964504,0.0127));
#4336=CARTESIAN_POINT('',(-0.0132481101900339,0.0147916530258954,0.0127));
#4337=CARTESIAN_POINT('',(-0.0132481101900339,0.0118574844673276,0.0127));
#4338=CARTESIAN_POINT('',(-0.0132481101900339,0.0118574844673276,0.0127));
#4339=CARTESIAN_POINT('',(-0.0132481101900339,0.0118574844673276,-0.002));
#4340=CARTESIAN_POINT('',(-0.0132481101900339,0.0147916530258954,-0.002));
#4341=CARTESIAN_POINT('',(-0.0132481101900339,0.0147916530258954,0.0127));
#4342=CARTESIAN_POINT('',(-0.0101350294426084,0.0118574844673276,0.0127));
#4343=CARTESIAN_POINT('',(-0.0070219486951828,0.0118574844673276,0.0127));
#4344=CARTESIAN_POINT('',(-0.0070219486951828,0.0118574844673276,0.0127));
#4345=CARTESIAN_POINT('',(-0.0070219486951828,0.0118574844673276,-0.002));
#4346=CARTESIAN_POINT('',(-0.0101350294426084,0.0118574844673276,-0.002));
#4347=CARTESIAN_POINT('',(-0.0101350294426084,0.0118574844673276,0.0127));
#4348=CARTESIAN_POINT('',(-0.0070219486951828,0.00871756626293063,0.0127));
#4349=CARTESIAN_POINT('',(-0.0070219486951828,0.00557764805853367,0.0127));
#4350=CARTESIAN_POINT('',(-0.0070219486951828,0.00557764805853367,0.0127));
#4351=CARTESIAN_POINT('',(-0.0070219486951828,0.00557764805853367,-0.002));
#4352=CARTESIAN_POINT('',(-0.0070219486951828,0.00871756626293063,-0.002));
#4353=CARTESIAN_POINT('',(-0.0070219486951828,0.00871756626293063,0.0127));
#4354=CARTESIAN_POINT('',(-0.00389992169220932,0.00557764805853367,0.0127));
#4355=CARTESIAN_POINT('',(-0.000777894689235836,0.00557764805853367,0.0127));
#4356=CARTESIAN_POINT('',(-0.000777894689235836,0.00557764805853367,0.0127));
#4357=CARTESIAN_POINT('',(-0.000777894689235836,0.00557764805853367,-0.002));
#4358=CARTESIAN_POINT('',(-0.00389992169220932,0.00557764805853367,-0.002));
#4359=CARTESIAN_POINT('',(-0.00389992169220932,0.00557764805853367,0.0127));
#4360=CARTESIAN_POINT('',(-0.000777894689235836,0.00269715354079381,0.0127));
#4361=CARTESIAN_POINT('',(-0.000777894689235836,-0.000183340976946056,0.0127));
#4362=CARTESIAN_POINT('',(-0.000777894689235836,-0.000183340976946056,0.0127));
#4363=CARTESIAN_POINT('',(-0.000777894689235836,-0.000183340976946056,-0.002));
#4364=CARTESIAN_POINT('',(-0.000777894689235836,0.00269715354079381,-0.002));
#4365=CARTESIAN_POINT('',(-0.000777894689235836,0.00269715354079381,0.0127));
#4366=CARTESIAN_POINT('',(0.00211154573480598,-0.000183340976946056,0.0127));
#4367=CARTESIAN_POINT('',(0.00500098615884781,-0.000183340976946056,0.0127));
#4368=CARTESIAN_POINT('',(0.00500098615884781,-0.000183340976946056,0.0127));
#4369=CARTESIAN_POINT('',(0.00500098615884781,-0.000183340976946056,-0.002));
#4370=CARTESIAN_POINT('',(0.00211154573480598,-0.000183340976946056,-0.002));
#4371=CARTESIAN_POINT('',(0.00211154573480598,-0.000183340976946056,0.0127));
#4372=CARTESIAN_POINT('',(0.00500098615884781,-0.00331497377860154,0.0127));
#4373=CARTESIAN_POINT('',(0.00500098615884781,-0.00644660658025704,0.0127));
#4374=CARTESIAN_POINT('',(0.00500098615884781,-0.00644660658025704,0.0127));
#4375=CARTESIAN_POINT('',(0.00500098615884781,-0.00644660658025704,-0.002));
#4376=CARTESIAN_POINT('',(0.00500098615884781,-0.00331497377860154,-0.002));
#4377=CARTESIAN_POINT('',(0.00500098615884781,-0.00331497377860154,0.0127));
#4378=CARTESIAN_POINT('',(0.00804821122437716,-0.00644660658025704,0.0127));
#4379=CARTESIAN_POINT('',(0.0110954362899065,-0.00644660658025704,0.0127));
#4380=CARTESIAN_POINT('',(0.0110954362899065,-0.00644660658025704,0.0127));
#4381=CARTESIAN_POINT('',(0.0110954362899065,-0.00644660658025704,-0.002));
#4382=CARTESIAN_POINT('',(0.00804821122437716,-0.00644660658025704,-0.002));
#4383=CARTESIAN_POINT('',(0.00804821122437716,-0.00644660658025704,0.0127));
#4384=CARTESIAN_POINT('',(0.0110954362899065,-0.00943101320824397,0.0127));
#4385=CARTESIAN_POINT('',(0.0110954362899065,-0.0124154198362309,0.0127));
#4386=CARTESIAN_POINT('',(0.0110954362899065,-0.0124154198362309,0.0127));
#4387=CARTESIAN_POINT('',(0.0110954362899065,-0.0124154198362309,-0.002));
#4388=CARTESIAN_POINT('',(0.0110954362899065,-0.00943101320824397,-0.002));
#4389=CARTESIAN_POINT('',(0.0110954362899065,-0.00943101320824397,0.0127));
#4390=CARTESIAN_POINT('',(0.0141277797520161,-0.0124154198362309,0.0127));
#4391=CARTESIAN_POINT('',(0.0171601232141257,-0.0124154198362309,0.0127));
#4392=CARTESIAN_POINT('',(0.0171601232141257,-0.0124154198362309,0.0127));
#4393=CARTESIAN_POINT('',(0.0171601232141257,-0.0124154198362309,-0.002));
#4394=CARTESIAN_POINT('',(0.0141277797520161,-0.0124154198362309,-0.002));
#4395=CARTESIAN_POINT('',(0.0141277797520161,-0.0124154198362309,0.0127));
#4396=CARTESIAN_POINT('',(0.0171601232141257,-0.0155141239472191,0.0127));
#4397=CARTESIAN_POINT('',(0.0171601232141257,-0.0186128280582074,0.0127));
#4398=CARTESIAN_POINT('',(0.0171601232141257,-0.0186128280582074,0.0127));
#4399=CARTESIAN_POINT('',(0.0171601232141257,-0.0186128280582074,-0.002));
#4400=CARTESIAN_POINT('',(0.0171601232141257,-0.0155141239472191,-0.002));
#4401=CARTESIAN_POINT('',(0.0171601232141257,-0.0155141239472191,0.0127));
#4402=CARTESIAN_POINT('',(0.0202051540836692,-0.0186128280582074,0.0127));
#4403=CARTESIAN_POINT('',(0.0232501849532127,-0.0186128280582074,0.0127));
#4404=CARTESIAN_POINT('',(0.0232501849532127,-0.0186128280582074,0.0127));
#4405=CARTESIAN_POINT('',(0.0232501849532127,-0.0186128280582074,-0.002));
#4406=CARTESIAN_POINT('',(0.0202051540836692,-0.0186128280582074,-0.002));
#4407=CARTESIAN_POINT('',(0.0202051540836692,-0.0186128280582074,0.0127));
#4408=CARTESIAN_POINT('',(0.0232501849532127,-0.0215591375317535,0.0127));
#4409=CARTESIAN_POINT('',(0.0232501849532127,-0.0245054470052997,0.0127));
#4410=CARTESIAN_POINT('',(0.0232501849532127,-0.0245054470052997,0.0127));
#4411=CARTESIAN_POINT('',(0.0232501849532127,-0.0245054470052997,-0.002));
#4412=CARTESIAN_POINT('',(0.0232501849532127,-0.0215591375317535,-0.002));
#4413=CARTESIAN_POINT('',(0.0232501849532127,-0.0215591375317535,0.0127));
#4414=CARTESIAN_POINT('',(0.0202305288985371,-0.0245054470052997,0.0127));
#4415=CARTESIAN_POINT('',(0.0172108728438616,-0.0245054470052997,0.0127));
#4416=CARTESIAN_POINT('',(0.0172108728438616,-0.0245054470052997,0.0127));
#4417=CARTESIAN_POINT('',(0.0172108728438616,-0.0245054470052997,-0.002));
#4418=CARTESIAN_POINT('',(0.0202305288985371,-0.0245054470052997,-0.002));
#4419=CARTESIAN_POINT('',(0.0202305288985371,-0.0245054470052997,0.0127));
#4420=CARTESIAN_POINT('',(0.0172108728438616,-0.027388257921803,0.0127));
#4421=CARTESIAN_POINT('',(0.0172108728438616,-0.0302710688383063,0.0127));
#4422=CARTESIAN_POINT('',(0.0172108728438616,-0.0302710688383063,0.0127));
#4423=CARTESIAN_POINT('',(0.0172108728438616,-0.0302710688383063,-0.002));
#4424=CARTESIAN_POINT('',(0.0172108728438616,-0.027388257921803,-0.002));
#4425=CARTESIAN_POINT('',(0.0172108728438616,-0.027388257921803,0.0127));
#4426=CARTESIAN_POINT('',(0.014153154566884,-0.0302710688383063,0.0127));
#4427=CARTESIAN_POINT('',(0.0110954362899065,-0.0302710688383063,0.0127));
#4428=CARTESIAN_POINT('',(0.0110954362899065,-0.0302710688383063,0.0127));
#4429=CARTESIAN_POINT('',(0.0110954362899065,-0.0302710688383063,-0.002));
#4430=CARTESIAN_POINT('',(0.014153154566884,-0.0302710688383063,-0.002));
#4431=CARTESIAN_POINT('',(0.014153154566884,-0.0302710688383063,0.0127));
#4432=CARTESIAN_POINT('',(0.0110954362899065,-0.0364732021857017,0.0127));
#4433=CARTESIAN_POINT('',(0.0110954362899065,-0.0426753355330972,0.0127));
#4434=CARTESIAN_POINT('',(0.0110954362899065,-0.0426753355330972,0.0127));
#4435=CARTESIAN_POINT('',(0.0110954362899065,-0.0426753355330972,-0.002));
#4436=CARTESIAN_POINT('',(0.0110954362899065,-0.0364732021857017,-0.002));
#4437=CARTESIAN_POINT('',(0.0110954362899065,-0.0364732021857017,0.0127));
#4438=CARTESIAN_POINT('',(0.0171728106215596,-0.0426753355330972,0.0127));
#4439=CARTESIAN_POINT('',(0.0232501849532127,-0.0426753355330972,0.0127));
#4440=CARTESIAN_POINT('',(0.0232501849532127,-0.0426753355330972,0.0127));
#4441=CARTESIAN_POINT('',(0.0232501849532127,-0.0426753355330972,-0.002));
#4442=CARTESIAN_POINT('',(0.0171728106215596,-0.0426753355330972,-0.002));
#4443=CARTESIAN_POINT('',(0.0171728106215596,-0.0426753355330972,0.0127));
#4444=CARTESIAN_POINT('',(0.0232501849532127,-0.0396274069700593,0.0127));
#4445=CARTESIAN_POINT('',(0.0232501849532127,-0.0365794784070213,0.0127));
#4446=CARTESIAN_POINT('',(0.0232501849532127,-0.0365794784070213,0.0127));
#4447=CARTESIAN_POINT('',(0.0232501849532127,-0.0365794784070213,-0.002));
#4448=CARTESIAN_POINT('',(0.0232501849532127,-0.0396274069700593,-0.002));
#4449=CARTESIAN_POINT('',(0.0232501849532127,-0.0396274069700593,0.0127));
#4450=CARTESIAN_POINT('',(0.0291703026741743,-0.0365794784070213,0.0127));
#4451=CARTESIAN_POINT('',(0.0350904203951359,-0.0365794784070213,0.0127));
#4452=CARTESIAN_POINT('',(0.0350904203951359,-0.0365794784070213,0.0127));
#4453=CARTESIAN_POINT('',(0.0350904203951359,-0.0365794784070213,-0.002));
#4454=CARTESIAN_POINT('',(0.0291703026741743,-0.0365794784070213,-0.002));
#4455=CARTESIAN_POINT('',(0.0291703026741743,-0.0365794784070213,0.0127));
#4456=CARTESIAN_POINT('',(0.0350904203951359,-0.0335769484433855,0.0127));
#4457=CARTESIAN_POINT('',(0.0350904203951359,-0.0305744184797497,0.0127));
#4458=CARTESIAN_POINT('',(0.0350904203951359,-0.0305744184797497,0.0127));
#4459=CARTESIAN_POINT('',(0.0350904203951359,-0.0305744184797497,-0.002));
#4460=CARTESIAN_POINT('',(0.0350904203951359,-0.0335769484433855,-0.002));
#4461=CARTESIAN_POINT('',(0.0350904203951359,-0.0335769484433855,0.0127));
#4462=CARTESIAN_POINT('',(0.0382694397121668,-0.0305744184797497,0.0127));
#4463=CARTESIAN_POINT('',(0.0414484590291977,-0.0305744184797497,0.0127));
#4464=CARTESIAN_POINT('',(0.0414484590291977,-0.0305744184797497,0.0127));
#4465=CARTESIAN_POINT('',(0.0414484590291977,-0.0305744184797497,-0.002));
#4466=CARTESIAN_POINT('',(0.0382694397121668,-0.0305744184797497,-0.002));
#4467=CARTESIAN_POINT('',(0.0382694397121668,-0.0305744184797497,0.0127));
#4468=CARTESIAN_POINT('',(0.0414484590291977,-0.0335769484433855,0.0127));
#4469=CARTESIAN_POINT('',(0.0414484590291977,-0.0365794784070213,0.0127));
#4470=CARTESIAN_POINT('',(0.0414484590291977,-0.0365794784070213,0.0127));
#4471=CARTESIAN_POINT('',(0.0414484590291977,-0.0365794784070213,-0.002));
#4472=CARTESIAN_POINT('',(0.0414484590291977,-0.0335769484433855,-0.002));
#4473=CARTESIAN_POINT('',(0.0414484590291977,-0.0335769484433855,0.0127));
#4474=CARTESIAN_POINT('',(0.0445370804518462,-0.0365794784070213,0.0127));
#4475=CARTESIAN_POINT('',(0.0472496563237915,-0.0365794784070213,0.0127));
#4476=CARTESIAN_POINT('',(0.0472496563237915,-0.0365794784070213,0.0127));
#4477=CARTESIAN_POINT('',(0.0472496563237915,-0.0365794784070213,-0.002));
#4478=CARTESIAN_POINT('',(0.0445370804518462,-0.0365794784070213,-0.002));
#4479=CARTESIAN_POINT('',(0.0445370804518462,-0.0365794784070213,0.0127));
#4480=CARTESIAN_POINT('',(0.0472496563237915,-0.0431400474370306,0.0127));
#4481=CARTESIAN_POINT('',(0.0472496563237915,-0.0490857620139297,0.0127));
#4482=CARTESIAN_POINT('',(0.0472496563237915,-0.0490857620139297,0.0127));
#4483=CARTESIAN_POINT('',(0.0472496563237915,-0.0490857620139297,-0.002));
#4484=CARTESIAN_POINT('',(0.0472496563237915,-0.0431400474370306,-0.002));
#4485=CARTESIAN_POINT('',(0.0472496563237915,-0.0431400474370306,0.0127));
#4486=CARTESIAN_POINT('',(0.0569801362812716,-0.0490857620139297,0.0127));
#4487=CARTESIAN_POINT('',(0.0657161816226904,-0.0490857620139297,0.0127));
#4488=CARTESIAN_POINT('',(0.0657161816226904,-0.0490857620139297,0.0127));
#4489=CARTESIAN_POINT('',(0.0657161816226904,-0.0490857620139297,-0.002));
#4490=CARTESIAN_POINT('',(0.0569801362812716,-0.0490857620139297,-0.002));
#4491=CARTESIAN_POINT('',(0.0569801362812716,-0.0490857620139297,0.0127));
#4492=CARTESIAN_POINT('',(0.0601097296501346,-0.0282876252282135,0.0127));
#4493=CARTESIAN_POINT('',(0.0601097296501346,-0.0282876252282135,0.));
#4494=CARTESIAN_POINT('',(0.0677161816226904,-0.0281294229893161,0.));
#4495=CARTESIAN_POINT('',(0.0555920187830925,-0.028381586509562,0.));
#4496=CARTESIAN_POINT('',(0.0555920187830925,-0.028381586509562,0.0127));
#4497=CARTESIAN_POINT('',(0.0555920187830925,-0.028381586509562,0.0127));
#4498=CARTESIAN_POINT('',(0.0601097296501346,-0.0282876252282135,0.0127));
#4499=CARTESIAN_POINT('',(0.0677161816226904,-0.0281294229893161,0.0127));
#4500=CARTESIAN_POINT('',(0.0677161816226904,-0.0281294229893161,0.0127));
#4501=CARTESIAN_POINT('',(0.0677161816226904,-0.0399256930813855,0.0127));
#4502=CARTESIAN_POINT('',(0.0677161816226904,-0.0399256930813855,0.));
#4503=CARTESIAN_POINT('',(0.0677161816226904,-0.0510857620139297,0.));
#4504=CARTESIAN_POINT('',(0.0677161816226904,-0.0399256930813855,0.0127));
#4505=CARTESIAN_POINT('',(0.0677161816226904,-0.0510857620139297,0.0127));
#4506=CARTESIAN_POINT('',(0.0677161816226904,-0.0510857620139297,0.0127));
#4507=CARTESIAN_POINT('',(0.0569801362812716,-0.0510857620139297,0.0127));
#4508=CARTESIAN_POINT('',(0.0569801362812716,-0.0510857620139297,0.));
#4509=CARTESIAN_POINT('',(0.0452496563237915,-0.0510857620139297,0.));
#4510=CARTESIAN_POINT('',(0.0569801362812716,-0.0510857620139297,0.0127));
#4511=CARTESIAN_POINT('',(0.0452496563237915,-0.0510857620139297,0.0127));
#4512=CARTESIAN_POINT('',(0.0452496563237915,-0.0510857620139297,0.0127));
#4513=CARTESIAN_POINT('',(0.0452496563237915,-0.0431400474370306,0.0127));
#4514=CARTESIAN_POINT('',(0.0452496563237915,-0.0431400474370306,0.));
#4515=CARTESIAN_POINT('',(0.0452496563237915,-0.0385794784070213,0.));
#4516=CARTESIAN_POINT('',(0.0452496563237915,-0.0431400474370306,0.0127));
#4517=CARTESIAN_POINT('',(0.0452496563237915,-0.0385794784070213,0.0127));
#4518=CARTESIAN_POINT('',(0.0452496563237915,-0.0385794784070213,0.0127));
#4519=CARTESIAN_POINT('',(0.0445370804518462,-0.0385794784070213,0.0127));
#4520=CARTESIAN_POINT('',(0.0445370804518462,-0.0385794784070213,0.));
#4521=CARTESIAN_POINT('',(0.0394484590291977,-0.0385794784070213,0.));
#4522=CARTESIAN_POINT('',(0.0445370804518462,-0.0385794784070213,0.0127));
#4523=CARTESIAN_POINT('',(0.0394484590291977,-0.0385794784070213,0.0127));
#4524=CARTESIAN_POINT('',(0.0394484590291977,-0.0385794784070213,0.0127));
#4525=CARTESIAN_POINT('',(0.0394484590291977,-0.0335769484433855,0.0127));
#4526=CARTESIAN_POINT('',(0.0394484590291977,-0.0335769484433855,0.));
#4527=CARTESIAN_POINT('',(0.0394484590291977,-0.0325744184797497,0.));
#4528=CARTESIAN_POINT('',(0.0394484590291977,-0.0335769484433855,0.0127));
#4529=CARTESIAN_POINT('',(0.0394484590291977,-0.0325744184797497,0.0127));
#4530=CARTESIAN_POINT('',(0.0394484590291977,-0.0325744184797497,0.0127));
#4531=CARTESIAN_POINT('',(0.0382694397121668,-0.0325744184797497,0.0127));
#4532=CARTESIAN_POINT('',(0.0382694397121668,-0.0325744184797497,0.));
#4533=CARTESIAN_POINT('',(0.0370904203951359,-0.0325744184797497,0.));
#4534=CARTESIAN_POINT('',(0.0382694397121668,-0.0325744184797497,0.0127));
#4535=CARTESIAN_POINT('',(0.0370904203951359,-0.0325744184797497,0.0127));
#4536=CARTESIAN_POINT('',(0.0370904203951359,-0.0325744184797497,0.0127));
#4537=CARTESIAN_POINT('',(0.0370904203951359,-0.0335769484433855,0.0127));
#4538=CARTESIAN_POINT('',(0.0370904203951359,-0.0335769484433855,0.));
#4539=CARTESIAN_POINT('',(0.0370904203951359,-0.0385794784070213,0.));
#4540=CARTESIAN_POINT('',(0.0370904203951359,-0.0335769484433855,0.0127));
#4541=CARTESIAN_POINT('',(0.0370904203951359,-0.0385794784070213,0.0127));
#4542=CARTESIAN_POINT('',(0.0370904203951359,-0.0385794784070213,0.0127));
#4543=CARTESIAN_POINT('',(0.0291703026741743,-0.0385794784070213,0.0127));
#4544=CARTESIAN_POINT('',(0.0291703026741743,-0.0385794784070213,0.));
#4545=CARTESIAN_POINT('',(0.0252501849532128,-0.0385794784070213,0.));
#4546=CARTESIAN_POINT('',(0.0291703026741743,-0.0385794784070213,0.0127));
#4547=CARTESIAN_POINT('',(0.0252501849532128,-0.0385794784070213,0.0127));
#4548=CARTESIAN_POINT('',(0.0252501849532128,-0.0385794784070213,0.0127));
#4549=CARTESIAN_POINT('',(0.0252501849532128,-0.0396274069700593,0.0127));
#4550=CARTESIAN_POINT('',(0.0252501849532128,-0.0396274069700593,0.));
#4551=CARTESIAN_POINT('',(0.0252501849532128,-0.0446753355330972,0.));
#4552=CARTESIAN_POINT('',(0.0252501849532128,-0.0396274069700593,0.0127));
#4553=CARTESIAN_POINT('',(0.0252501849532128,-0.0446753355330972,0.0127));
#4554=CARTESIAN_POINT('',(0.0252501849532128,-0.0446753355330972,0.0127));
#4555=CARTESIAN_POINT('',(0.0171728106215596,-0.0446753355330972,0.0127));
#4556=CARTESIAN_POINT('',(0.0171728106215596,-0.0446753355330972,0.));
#4557=CARTESIAN_POINT('',(0.0090954362899065,-0.0446753355330972,0.));
#4558=CARTESIAN_POINT('',(0.0171728106215596,-0.0446753355330972,0.0127));
#4559=CARTESIAN_POINT('',(0.0090954362899065,-0.0446753355330972,0.0127));
#4560=CARTESIAN_POINT('',(0.0090954362899065,-0.0446753355330972,0.0127));
#4561=CARTESIAN_POINT('',(0.0090954362899065,-0.0364732021857017,0.0127));
#4562=CARTESIAN_POINT('',(0.0090954362899065,-0.0364732021857017,0.));
#4563=CARTESIAN_POINT('',(0.0090954362899065,-0.0282710688383063,0.));
#4564=CARTESIAN_POINT('',(0.0090954362899065,-0.0364732021857017,0.0127));
#4565=CARTESIAN_POINT('',(0.0090954362899065,-0.0282710688383063,0.0127));
#4566=CARTESIAN_POINT('',(0.0090954362899065,-0.0282710688383063,0.0127));
#4567=CARTESIAN_POINT('',(0.014153154566884,-0.0282710688383063,0.0127));
#4568=CARTESIAN_POINT('',(0.014153154566884,-0.0282710688383063,0.));
#4569=CARTESIAN_POINT('',(0.0152108728438616,-0.0282710688383063,0.));
#4570=CARTESIAN_POINT('',(0.014153154566884,-0.0282710688383063,0.0127));
#4571=CARTESIAN_POINT('',(0.0152108728438616,-0.0282710688383063,0.0127));
#4572=CARTESIAN_POINT('',(0.0152108728438616,-0.0282710688383063,0.0127));
#4573=CARTESIAN_POINT('',(0.0152108728438616,-0.027388257921803,0.0127));
#4574=CARTESIAN_POINT('',(0.0152108728438616,-0.027388257921803,0.));
#4575=CARTESIAN_POINT('',(0.0152108728438616,-0.0225054470052997,0.));
#4576=CARTESIAN_POINT('',(0.0152108728438616,-0.027388257921803,0.0127));
#4577=CARTESIAN_POINT('',(0.0152108728438616,-0.0225054470052997,0.0127));
#4578=CARTESIAN_POINT('',(0.0152108728438616,-0.0225054470052997,0.0127));
#4579=CARTESIAN_POINT('',(0.0202305288985371,-0.0225054470052997,0.0127));
#4580=CARTESIAN_POINT('',(0.0202305288985371,-0.0225054470052997,0.));
#4581=CARTESIAN_POINT('',(0.0212501849532128,-0.0225054470052997,0.));
#4582=CARTESIAN_POINT('',(0.0202305288985371,-0.0225054470052997,0.0127));
#4583=CARTESIAN_POINT('',(0.0212501849532128,-0.0225054470052997,0.0127));
#4584=CARTESIAN_POINT('',(0.0212501849532128,-0.0225054470052997,0.0127));
#4585=CARTESIAN_POINT('',(0.0212501849532128,-0.0215591375317535,0.0127));
#4586=CARTESIAN_POINT('',(0.0212501849532128,-0.0215591375317535,0.));
#4587=CARTESIAN_POINT('',(0.0212501849532128,-0.0206128280582074,0.));
#4588=CARTESIAN_POINT('',(0.0212501849532128,-0.0215591375317535,0.0127));
#4589=CARTESIAN_POINT('',(0.0212501849532128,-0.0206128280582074,0.0127));
#4590=CARTESIAN_POINT('',(0.0212501849532128,-0.0206128280582074,0.0127));
#4591=CARTESIAN_POINT('',(0.0202051540836692,-0.0206128280582074,0.0127));
#4592=CARTESIAN_POINT('',(0.0202051540836692,-0.0206128280582074,0.));
#4593=CARTESIAN_POINT('',(0.0151601232141256,-0.0206128280582074,0.));
#4594=CARTESIAN_POINT('',(0.0202051540836692,-0.0206128280582074,0.0127));
#4595=CARTESIAN_POINT('',(0.0151601232141256,-0.0206128280582074,0.0127));
#4596=CARTESIAN_POINT('',(0.0151601232141256,-0.0206128280582074,0.0127));
#4597=CARTESIAN_POINT('',(0.0151601232141256,-0.0155141239472191,0.0127));
#4598=CARTESIAN_POINT('',(0.0151601232141256,-0.0155141239472191,0.));
#4599=CARTESIAN_POINT('',(0.0151601232141256,-0.0144154198362309,0.));
#4600=CARTESIAN_POINT('',(0.0151601232141256,-0.0155141239472191,0.0127));
#4601=CARTESIAN_POINT('',(0.0151601232141256,-0.0144154198362309,0.0127));
#4602=CARTESIAN_POINT('',(0.0151601232141256,-0.0144154198362309,0.0127));
#4603=CARTESIAN_POINT('',(0.0141277797520161,-0.0144154198362309,0.0127));
#4604=CARTESIAN_POINT('',(0.0141277797520161,-0.0144154198362309,0.));
#4605=CARTESIAN_POINT('',(0.0090954362899065,-0.0144154198362309,0.));
#4606=CARTESIAN_POINT('',(0.0141277797520161,-0.0144154198362309,0.0127));
#4607=CARTESIAN_POINT('',(0.0090954362899065,-0.0144154198362309,0.0127));
#4608=CARTESIAN_POINT('',(0.0090954362899065,-0.0144154198362309,0.0127));
#4609=CARTESIAN_POINT('',(0.0090954362899065,-0.00943101320824397,0.0127));
#4610=CARTESIAN_POINT('',(0.0090954362899065,-0.00943101320824397,0.));
#4611=CARTESIAN_POINT('',(0.0090954362899065,-0.00844660658025704,0.));
#4612=CARTESIAN_POINT('',(0.0090954362899065,-0.00943101320824397,0.0127));
#4613=CARTESIAN_POINT('',(0.0090954362899065,-0.00844660658025704,0.0127));
#4614=CARTESIAN_POINT('',(0.0090954362899065,-0.00844660658025704,0.0127));
#4615=CARTESIAN_POINT('',(0.00804821122437716,-0.00844660658025704,0.0127));
#4616=CARTESIAN_POINT('',(0.00804821122437716,-0.00844660658025704,0.));
#4617=CARTESIAN_POINT('',(0.00300098615884781,-0.00844660658025704,0.));
#4618=CARTESIAN_POINT('',(0.00804821122437716,-0.00844660658025704,0.0127));
#4619=CARTESIAN_POINT('',(0.00300098615884781,-0.00844660658025704,0.0127));
#4620=CARTESIAN_POINT('',(0.00300098615884781,-0.00844660658025704,0.0127));
#4621=CARTESIAN_POINT('',(0.00300098615884781,-0.00331497377860154,0.0127));
#4622=CARTESIAN_POINT('',(0.00300098615884781,-0.00331497377860154,0.));
#4623=CARTESIAN_POINT('',(0.00300098615884781,-0.00218334097694605,0.));
#4624=CARTESIAN_POINT('',(0.00300098615884781,-0.00331497377860154,0.0127));
#4625=CARTESIAN_POINT('',(0.00300098615884781,-0.00218334097694605,0.0127));
#4626=CARTESIAN_POINT('',(0.00300098615884781,-0.00218334097694605,0.0127));
#4627=CARTESIAN_POINT('',(0.00211154573480598,-0.00218334097694605,0.0127));
#4628=CARTESIAN_POINT('',(0.00211154573480598,-0.00218334097694605,0.));
#4629=CARTESIAN_POINT('',(-0.00277789468923584,-0.00218334097694605,0.));
#4630=CARTESIAN_POINT('',(0.00211154573480598,-0.00218334097694605,0.0127));
#4631=CARTESIAN_POINT('',(-0.00277789468923584,-0.00218334097694605,0.0127));
#4632=CARTESIAN_POINT('',(-0.00277789468923584,-0.00218334097694605,0.0127));
#4633=CARTESIAN_POINT('',(-0.00277789468923584,0.00269715354079381,0.0127));
#4634=CARTESIAN_POINT('',(-0.00277789468923584,0.00269715354079381,0.));
#4635=CARTESIAN_POINT('',(-0.00277789468923584,0.00357764805853367,0.));
#4636=CARTESIAN_POINT('',(-0.00277789468923584,0.00269715354079381,0.0127));
#4637=CARTESIAN_POINT('',(-0.00277789468923584,0.00357764805853367,0.0127));
#4638=CARTESIAN_POINT('',(-0.00277789468923584,0.00357764805853367,0.0127));
#4639=CARTESIAN_POINT('',(-0.00389992169220932,0.00357764805853367,0.0127));
#4640=CARTESIAN_POINT('',(-0.00389992169220932,0.00357764805853367,0.));
#4641=CARTESIAN_POINT('',(-0.0090219486951828,0.00357764805853367,0.));
#4642=CARTESIAN_POINT('',(-0.00389992169220932,0.00357764805853367,0.0127));
#4643=CARTESIAN_POINT('',(-0.0090219486951828,0.00357764805853367,0.0127));
#4644=CARTESIAN_POINT('',(-0.0090219486951828,0.00357764805853367,0.0127));
#4645=CARTESIAN_POINT('',(-0.0090219486951828,0.00871756626293063,0.0127));
#4646=CARTESIAN_POINT('',(-0.0090219486951828,0.00871756626293063,0.));
#4647=CARTESIAN_POINT('',(-0.0090219486951828,0.00985748446732759,0.));
#4648=CARTESIAN_POINT('',(-0.0090219486951828,0.00871756626293063,0.0127));
#4649=CARTESIAN_POINT('',(-0.0090219486951828,0.00985748446732759,0.0127));
#4650=CARTESIAN_POINT('',(-0.0090219486951828,0.00985748446732759,0.0127));
#4651=CARTESIAN_POINT('',(-0.0101350294426084,0.00985748446732759,0.0127));
#4652=CARTESIAN_POINT('',(-0.0101350294426084,0.00985748446732759,0.));
#4653=CARTESIAN_POINT('',(-0.0152481101900339,0.00985748446732759,0.));
#4654=CARTESIAN_POINT('',(-0.0101350294426084,0.00985748446732759,0.0127));
#4655=CARTESIAN_POINT('',(-0.0152481101900339,0.00985748446732759,0.0127));
#4656=CARTESIAN_POINT('',(-0.0152481101900339,0.00985748446732759,0.0127));
#4657=CARTESIAN_POINT('',(-0.0152481101900339,0.0147916530258954,0.0127));
#4658=CARTESIAN_POINT('',(-0.0152481101900339,0.0147916530258954,0.));
#4659=CARTESIAN_POINT('',(-0.0152481101900339,0.0158464917964505,0.));
#4660=CARTESIAN_POINT('',(-0.0152481101900339,0.0147916530258954,0.0127));
#4661=CARTESIAN_POINT('',(-0.0152481101900339,0.0158464917964505,0.0127));
#4662=CARTESIAN_POINT('',(-0.0152481101900339,0.0158464917964505,0.0127));
#4663=CARTESIAN_POINT('',(-0.0161822782829404,0.0158464917964505,0.0127));
#4664=CARTESIAN_POINT('',(-0.0161822782829404,0.0158464917964505,0.));
#4665=CARTESIAN_POINT('',(-0.0210176705970602,0.0158464917964505,0.));
#4666=CARTESIAN_POINT('',(-0.0161822782829404,0.0158464917964505,0.0127));
#4667=CARTESIAN_POINT('',(-0.0210176705970602,0.0158464917964505,0.0127));
#4668=CARTESIAN_POINT('',(-0.0210176705970602,0.0158464917964505,0.0127));
#4669=CARTESIAN_POINT('',(-0.0210176705970602,0.0269652947694441,0.0127));
#4670=CARTESIAN_POINT('',(-0.0210176705970602,0.0269652947694441,0.));
#4671=CARTESIAN_POINT('',(-0.0210176705970602,0.0380840977424376,0.));
#4672=CARTESIAN_POINT('',(-0.0210176705970602,0.0269652947694441,0.0127));
#4673=CARTESIAN_POINT('',(-0.0210176705970602,0.0380840977424376,0.0127));
#4674=CARTESIAN_POINT('',(-0.0210176705970602,0.0380840977424376,0.0127));
#4675=CARTESIAN_POINT('',(-0.0100169008086056,0.0380840977424376,0.0127));
#4676=CARTESIAN_POINT('',(-0.0100169008086056,0.0380840977424376,0.));
#4677=CARTESIAN_POINT('',(0.000983868979848921,0.0380840977424376,0.));
#4678=CARTESIAN_POINT('',(-0.0100169008086056,0.0380840977424376,0.0127));
#4679=CARTESIAN_POINT('',(0.000983868979848921,0.0380840977424376,0.0127));
#4680=CARTESIAN_POINT('',(0.000983868979848921,0.0380840977424376,0.0127));
#4681=CARTESIAN_POINT('',(0.000983868979848921,0.0329826969950074,0.0127));
#4682=CARTESIAN_POINT('',(0.000983868979848921,0.0329826969950074,0.));
#4683=CARTESIAN_POINT('',(0.000983868979848921,0.0318812962475771,0.));
#4684=CARTESIAN_POINT('',(0.000983868979848921,0.0329826969950074,0.0127));
#4685=CARTESIAN_POINT('',(0.000983868979848921,0.0318812962475771,0.0127));
#4686=CARTESIAN_POINT('',(0.000983868979848921,0.0318812962475771,0.0127));
#4687=CARTESIAN_POINT('',(0.00201823870884254,0.0318812962475771,0.0127));
#4688=CARTESIAN_POINT('',(0.00201823870884254,0.0318812962475771,0.));
#4689=CARTESIAN_POINT('',(0.00705260843783617,0.0318812962475771,0.));
#4690=CARTESIAN_POINT('',(0.00201823870884254,0.0318812962475771,0.0127));
#4691=CARTESIAN_POINT('',(0.00705260843783617,0.0318812962475771,0.0127));
#4692=CARTESIAN_POINT('',(0.00705260843783617,0.0318812962475771,0.0127));
#4693=CARTESIAN_POINT('',(0.00705260843783617,0.0269830941951059,0.0127));
#4694=CARTESIAN_POINT('',(0.00705260843783617,0.0269830941951059,0.));
#4695=CARTESIAN_POINT('',(0.00705260843783617,0.0260848921426345,0.));
#4696=CARTESIAN_POINT('',(0.00705260843783617,0.0269830941951059,0.0127));
#4697=CARTESIAN_POINT('',(0.00705260843783617,0.0260848921426345,0.0127));
#4698=CARTESIAN_POINT('',(0.00705260843783617,0.0260848921426345,0.0127));
#4699=CARTESIAN_POINT('',(0.00809766165912151,0.0260848921426345,0.0127));
#4700=CARTESIAN_POINT('',(0.00809766165912151,0.0260848921426345,0.));
#4701=CARTESIAN_POINT('',(0.0131427148804069,0.0260848921426345,0.));
#4702=CARTESIAN_POINT('',(0.00809766165912151,0.0260848921426345,0.0127));
#4703=CARTESIAN_POINT('',(0.0131427148804069,0.0260848921426345,0.0127));
#4704=CARTESIAN_POINT('',(0.0131427148804069,0.0260848921426345,0.0127));
#4705=CARTESIAN_POINT('',(0.0131427148804069,0.0211118239970857,0.0127));
#4706=CARTESIAN_POINT('',(0.0131427148804069,0.0211118239970857,0.));
#4707=CARTESIAN_POINT('',(0.0131427148804069,0.0201387558515368,0.));
#4708=CARTESIAN_POINT('',(0.0131427148804069,0.0211118239970857,0.0127));
#4709=CARTESIAN_POINT('',(0.0131427148804069,0.0201387558515368,0.0127));
#4710=CARTESIAN_POINT('',(0.0131427148804069,0.0201387558515368,0.0127));
#4711=CARTESIAN_POINT('',(0.0142198228277266,0.0201387558515368,0.0127));
#4712=CARTESIAN_POINT('',(0.0142198228277266,0.0201387558515368,0.));
#4713=CARTESIAN_POINT('',(0.0192969307750464,0.0201387558515368,0.));
#4714=CARTESIAN_POINT('',(0.0142198228277266,0.0201387558515368,0.0127));
#4715=CARTESIAN_POINT('',(0.0192969307750464,0.0201387558515368,0.0127));
#4716=CARTESIAN_POINT('',(0.0192969307750464,0.0201387558515368,0.0127));
#4717=CARTESIAN_POINT('',(0.0192969307750464,0.0149624929917472,0.0127));
#4718=CARTESIAN_POINT('',(0.0192969307750464,0.0149624929917472,0.));
#4719=CARTESIAN_POINT('',(0.0192969307750464,0.0138455328529331,0.));
#4720=CARTESIAN_POINT('',(0.0192969307750464,0.0149624929917472,0.0127));
#4721=CARTESIAN_POINT('',(0.0192969307750464,0.0138455328529331,0.0127));
#4722=CARTESIAN_POINT('',(0.0192969307750464,0.0138455328529331,0.0127));
#4723=CARTESIAN_POINT('',(0.0201660327823451,0.0138709318535526,0.0127));
#4724=CARTESIAN_POINT('',(0.0201660327823451,0.0138709318535526,0.));
#4725=CARTESIAN_POINT('',(0.025151982575655,0.0140166433360083,0.));
#4726=CARTESIAN_POINT('',(0.0201660327823451,0.0138709318535526,0.0127));
#4727=CARTESIAN_POINT('',(0.025151982575655,0.0140166433360083,0.0127));
#4728=CARTESIAN_POINT('',(0.025151982575655,0.0140166433360083,0.0127));
#4729=CARTESIAN_POINT('',(0.025151982575655,0.00895219036994048,0.0127));
#4730=CARTESIAN_POINT('',(0.025151982575655,0.00895219036994048,0.));
#4731=CARTESIAN_POINT('',(0.025151982575655,0.00794704012484825,0.));
#4732=CARTESIAN_POINT('',(0.025151982575655,0.00895219036994048,0.0127));
#4733=CARTESIAN_POINT('',(0.025151982575655,0.00794704012484825,0.0127));
#4734=CARTESIAN_POINT('',(0.025151982575655,0.00794704012484825,0.0127));
#4735=CARTESIAN_POINT('',(0.0264107258990407,0.00794704012484825,0.0127));
#4736=CARTESIAN_POINT('',(0.0264107258990407,0.00794704012484825,0.));
#4737=CARTESIAN_POINT('',(0.0316694692224264,0.00794704012484825,0.));
#4738=CARTESIAN_POINT('',(0.0264107258990407,0.00794704012484825,0.0127));
#4739=CARTESIAN_POINT('',(0.0316694692224264,0.00794704012484825,0.0127));
#4740=CARTESIAN_POINT('',(0.0316694692224264,0.00794704012484825,0.0127));
#4741=CARTESIAN_POINT('',(0.0316694692224264,0.00286702756445161,0.0127));
#4742=CARTESIAN_POINT('',(0.0316694692224264,0.00286702756445161,0.));
#4743=CARTESIAN_POINT('',(0.0316694692224264,0.00178701500405497,0.));
#4744=CARTESIAN_POINT('',(0.0316694692224264,0.00286702756445161,0.0127));
#4745=CARTESIAN_POINT('',(0.0316694692224264,0.00178701500405497,0.0127));
#4746=CARTESIAN_POINT('',(0.0316694692224264,0.00178701500405497,0.0127));
#4747=CARTESIAN_POINT('',(0.0324794678017497,0.00178701500405497,0.0127));
#4748=CARTESIAN_POINT('',(0.0324794678017497,0.00178701500405497,0.));
#4749=CARTESIAN_POINT('',(0.037289466381073,0.00178701500405497,0.));
#4750=CARTESIAN_POINT('',(0.0324794678017497,0.00178701500405497,0.0127));
#4751=CARTESIAN_POINT('',(0.037289466381073,0.00178701500405497,0.0127));
#4752=CARTESIAN_POINT('',(0.037289466381073,0.00178701500405497,0.0127));
#4753=CARTESIAN_POINT('',(0.037289466381073,-0.00328230289292737,0.0127));
#4754=CARTESIAN_POINT('',(0.037289466381073,-0.00328230289292737,0.));
#4755=CARTESIAN_POINT('',(0.037289466381073,-0.00435162078990971,0.));
#4756=CARTESIAN_POINT('',(0.037289466381073,-0.00328230289292737,0.0127));
#4757=CARTESIAN_POINT('',(0.037289466381073,-0.00435162078990971,0.0127));
#4758=CARTESIAN_POINT('',(0.037289466381073,-0.00435162078990971,0.0127));
#4759=CARTESIAN_POINT('',(0.0383452046662569,-0.00435162078990971,0.0127));
#4760=CARTESIAN_POINT('',(0.0383452046662569,-0.00435162078990971,0.));
#4761=CARTESIAN_POINT('',(0.0394009429514408,-0.00435162078990971,0.));
#4762=CARTESIAN_POINT('',(0.0383452046662569,-0.00435162078990971,0.0127));
#4763=CARTESIAN_POINT('',(0.0394009429514408,-0.00435162078990971,0.0127));
#4764=CARTESIAN_POINT('',(0.0394009429514408,-0.00435162078990971,0.0127));
#4765=CARTESIAN_POINT('',(0.0394009429514408,-0.00331438697416049,0.0127));
#4766=CARTESIAN_POINT('',(0.0394009429514408,-0.00331438697416049,0.));
#4767=CARTESIAN_POINT('',(0.0394009429514408,0.00172284684158872,0.));
#4768=CARTESIAN_POINT('',(0.0394009429514408,-0.00331438697416049,0.0127));
#4769=CARTESIAN_POINT('',(0.0394009429514408,0.00172284684158872,0.0127));
#4770=CARTESIAN_POINT('',(0.0394009429514408,0.00172284684158872,0.0127));
#4771=CARTESIAN_POINT('',(0.0444994196295738,0.00172284684158872,0.0127));
#4772=CARTESIAN_POINT('',(0.0444994196295738,0.00172284684158872,0.));
#4773=CARTESIAN_POINT('',(0.0455978963077068,0.00172284684158872,0.));
#4774=CARTESIAN_POINT('',(0.0444994196295738,0.00172284684158872,0.0127));
#4775=CARTESIAN_POINT('',(0.0455978963077068,0.00172284684158872,0.0127));
#4776=CARTESIAN_POINT('',(0.0455978963077068,0.00172284684158872,0.0127));
#4777=CARTESIAN_POINT('',(0.0455978963077068,0.00288841481197536,0.0127));
#4778=CARTESIAN_POINT('',(0.0455978963077068,0.00288841481197536,0.));
#4779=CARTESIAN_POINT('',(0.0455978963077068,0.00735388064437559,0.));
#4780=CARTESIAN_POINT('',(0.0455978963077068,0.00288841481197536,0.0127));
#4781=CARTESIAN_POINT('',(0.0455978963077068,0.00735388064437559,0.0127));
#4782=CARTESIAN_POINT('',(0.0455978963077068,0.00735388064437559,0.0127));
#4783=CARTESIAN_POINT('',(0.0536025315523148,0.00735388064437559,0.0127));
#4784=CARTESIAN_POINT('',(0.0536025315523148,0.00735388064437559,0.));
#4785=CARTESIAN_POINT('',(0.0616071667969227,0.0073538806443756,0.));
#4786=CARTESIAN_POINT('',(0.0536025315523148,0.00735388064437559,0.0127));
#4787=CARTESIAN_POINT('',(0.0616071667969227,0.0073538806443756,0.0127));
#4788=CARTESIAN_POINT('',(0.0616071667969227,0.0073538806443756,0.0127));
#4789=CARTESIAN_POINT('',(0.0616071667969227,-0.000127431435734554,0.0127));
#4790=CARTESIAN_POINT('',(0.0616071667969227,-0.000127431435734554,0.));
#4791=CARTESIAN_POINT('',(0.0616071667969227,-0.00830884565383111,0.));
#4792=CARTESIAN_POINT('',(0.0616071667969227,-0.000127431435734554,0.0127));
#4793=CARTESIAN_POINT('',(0.0616071667969227,-0.00830884565383111,0.0127));
#4794=CARTESIAN_POINT('',(0.0616071667969227,-0.00830884565383111,0.0127));
#4795=CARTESIAN_POINT('',(0.0565995927900076,-0.00830884565383111,0.0127));
#4796=CARTESIAN_POINT('',(0.0565995927900076,-0.00830884565383111,0.));
#4797=CARTESIAN_POINT('',(0.0555920187830925,-0.00830884565383111,0.));
#4798=CARTESIAN_POINT('',(0.0565995927900076,-0.00830884565383111,0.0127));
#4799=CARTESIAN_POINT('',(0.0555920187830925,-0.00830884565383111,0.0127));
#4800=CARTESIAN_POINT('',(0.0555920187830925,-0.00830884565383111,0.0127));
#4801=CARTESIAN_POINT('',(0.0555920187830925,-0.0123712454148152,0.0127));
#4802=CARTESIAN_POINT('',(0.0555920187830925,-0.0123712454148152,0.));
#4803=CARTESIAN_POINT('',(0.0555920187830925,-0.0204336451757993,0.));
#4804=CARTESIAN_POINT('',(0.0555920187830925,-0.0123712454148152,0.0127));
#4805=CARTESIAN_POINT('',(0.0555920187830925,-0.0204336451757993,0.0127));
#4806=CARTESIAN_POINT('',(0.0555920187830925,-0.0204336451757993,0.0127));
#4807=CARTESIAN_POINT('',(0.0505168549716473,-0.0204336451757993,0.0127));
#4808=CARTESIAN_POINT('',(0.0505168549716473,-0.0204336451757993,0.));
#4809=CARTESIAN_POINT('',(0.049441691160202,-0.0204336451757993,0.));
#4810=CARTESIAN_POINT('',(0.0505168549716473,-0.0204336451757993,0.0127));
#4811=CARTESIAN_POINT('',(0.049441691160202,-0.0204336451757993,0.0127));
#4812=CARTESIAN_POINT('',(0.049441691160202,-0.0204336451757993,0.0127));
#4813=CARTESIAN_POINT('',(0.049441691160202,-0.02136725515531,0.0127));
#4814=CARTESIAN_POINT('',(0.049441691160202,-0.02136725515531,0.));
#4815=CARTESIAN_POINT('',(0.049441691160202,-0.0223008651348206,0.));
#4816=CARTESIAN_POINT('',(0.049441691160202,-0.02136725515531,0.0127));
#4817=CARTESIAN_POINT('',(0.049441691160202,-0.0223008651348206,0.0127));
#4818=CARTESIAN_POINT('',(0.049441691160202,-0.0223008651348206,0.0127));
#4819=CARTESIAN_POINT('',(0.0505168549716473,-0.0223008651348206,0.0127));
#4820=CARTESIAN_POINT('',(0.0505168549716473,-0.0223008651348206,0.));
#4821=CARTESIAN_POINT('',(0.0555920187830925,-0.0223008651348206,0.));
#4822=CARTESIAN_POINT('',(0.0505168549716473,-0.0223008651348206,0.0127));
#4823=CARTESIAN_POINT('',(0.0555920187830925,-0.0223008651348206,0.0127));
#4824=CARTESIAN_POINT('',(0.0555920187830925,-0.0223008651348206,0.0127));
#4825=CARTESIAN_POINT('',(0.0555920187830925,-0.0273622405134672,0.0127));
#4826=CARTESIAN_POINT('',(0.0555920187830925,-0.0273622405134672,0.));
#4827=CARTESIAN_POINT('',(0.0555920187830925,-0.0273622405134672,0.0127));
#4828=CARTESIAN_POINT('',(0.0657161816226904,-0.0399256930813855,0.0127));
#4829=CARTESIAN_POINT('',(0.0657161816226904,-0.0399256930813855,-0.002));
#4830=CARTESIAN_POINT('',(0.0657161816226904,-0.0399256930813855,0.0127));
#4831=CARTESIAN_POINT('',(0.,0.,0.0127));
#4832=CARTESIAN_POINT('',(0.,0.,0.));
#4833=CARTESIAN_POINT('',(0.0600057599981657,-0.0232887063139412,0.));
#4834=CARTESIAN_POINT('',(0.0727161816226904,-0.0230243495329367,0.));
#4835=CARTESIAN_POINT('',(0.0605920187830925,-0.0232765130531826,0.));
#4836=CARTESIAN_POINT('',(0.0605920187830925,-0.0123712454148152,0.));
#4837=CARTESIAN_POINT('',(0.0605920187830925,-0.0133088456538311,0.));
#4838=CARTESIAN_POINT('',(0.0565995927900076,-0.0133088456538311,0.));
#4839=CARTESIAN_POINT('',(0.0666071667969227,-0.0133088456538311,0.));
#4840=CARTESIAN_POINT('',(0.0666071667969227,-0.000127431435734554,0.));
#4841=CARTESIAN_POINT('',(0.0666071667969227,0.0123538806443756,0.));
#4842=CARTESIAN_POINT('',(0.0536025315523148,0.0123538806443756,0.));
#4843=CARTESIAN_POINT('',(0.0405978963077068,0.0123538806443756,0.));
#4844=CARTESIAN_POINT('',(0.0405978963077068,0.00288841481197536,0.));
#4845=CARTESIAN_POINT('',(0.0405978963077068,0.00678701500405497,0.));
#4846=CARTESIAN_POINT('',(0.0324794678017497,0.00678701500405497,0.));
#4847=CARTESIAN_POINT('',(0.0366694692224264,0.00678701500405497,0.));
#4848=CARTESIAN_POINT('',(0.0366694692224264,0.00286702756445161,0.));
#4849=CARTESIAN_POINT('',(0.0366694692224264,0.0129470401248482,0.));
#4850=CARTESIAN_POINT('',(0.0264107258990407,0.0129470401248482,0.));
#4851=CARTESIAN_POINT('',(0.030151982575655,0.0129470401248482,0.));
#4852=CARTESIAN_POINT('',(0.030151982575655,0.00895219036994048,0.));
#4853=CARTESIAN_POINT('',(0.030151982575655,0.0191649001384473,0.));
#4854=CARTESIAN_POINT('',(0.0200199730498313,0.0188687980536962,0.));
#4855=CARTESIAN_POINT('',(0.0242969307750464,0.0189937896553721,0.));
#4856=CARTESIAN_POINT('',(0.0242969307750464,0.0149624929917472,0.));
#4857=CARTESIAN_POINT('',(0.0242969307750464,0.0251387558515368,0.));
#4858=CARTESIAN_POINT('',(0.0142198228277266,0.0251387558515368,0.));
#4859=CARTESIAN_POINT('',(0.0181427148804069,0.0251387558515368,0.));
#4860=CARTESIAN_POINT('',(0.0181427148804069,0.0211118239970857,0.));
#4861=CARTESIAN_POINT('',(0.0181427148804069,0.0310848921426345,0.));
#4862=CARTESIAN_POINT('',(0.00809766165912151,0.0310848921426345,0.));
#4863=CARTESIAN_POINT('',(0.0120526084378362,0.0310848921426345,0.));
#4864=CARTESIAN_POINT('',(0.0120526084378362,0.0269830941951059,0.));
#4865=CARTESIAN_POINT('',(0.0120526084378362,0.0368812962475771,0.));
#4866=CARTESIAN_POINT('',(0.00201823870884254,0.0368812962475771,0.));
#4867=CARTESIAN_POINT('',(0.00598386897984892,0.0368812962475771,0.));
#4868=CARTESIAN_POINT('',(0.00598386897984892,0.0329826969950074,0.));
#4869=CARTESIAN_POINT('',(0.00598386897984892,0.0430840977424376,0.));
#4870=CARTESIAN_POINT('',(-0.0100169008086056,0.0430840977424376,0.));
#4871=CARTESIAN_POINT('',(-0.0260176705970602,0.0430840977424376,0.));
#4872=CARTESIAN_POINT('',(-0.0260176705970602,0.0269652947694441,0.));
#4873=CARTESIAN_POINT('',(-0.0260176705970602,0.0108464917964504,0.));
#4874=CARTESIAN_POINT('',(-0.0161822782829404,0.0108464917964505,0.));
#4875=CARTESIAN_POINT('',(-0.0202481101900339,0.0108464917964505,0.));
#4876=CARTESIAN_POINT('',(-0.0202481101900339,0.0147916530258954,0.));
#4877=CARTESIAN_POINT('',(-0.0202481101900339,0.0048574844673276,0.));
#4878=CARTESIAN_POINT('',(-0.0101350294426084,0.0048574844673276,0.));
#4879=CARTESIAN_POINT('',(-0.0140219486951828,0.0048574844673276,0.));
#4880=CARTESIAN_POINT('',(-0.0140219486951828,0.00871756626293063,0.));
#4881=CARTESIAN_POINT('',(-0.0140219486951828,-0.00142235194146633,0.));
#4882=CARTESIAN_POINT('',(-0.00389992169220932,-0.00142235194146633,0.));
#4883=CARTESIAN_POINT('',(-0.00777789468923584,-0.00142235194146633,0.));
#4884=CARTESIAN_POINT('',(-0.00777789468923584,0.00269715354079381,0.));
#4885=CARTESIAN_POINT('',(-0.00777789468923584,-0.00718334097694606,0.));
#4886=CARTESIAN_POINT('',(0.00211154573480598,-0.00718334097694606,0.));
#4887=CARTESIAN_POINT('',(-0.00199901384115219,-0.00718334097694606,0.));
#4888=CARTESIAN_POINT('',(-0.00199901384115219,-0.00331497377860154,0.));
#4889=CARTESIAN_POINT('',(-0.00199901384115219,-0.013446606580257,0.));
#4890=CARTESIAN_POINT('',(0.00804821122437716,-0.013446606580257,0.));
#4891=CARTESIAN_POINT('',(0.0040954362899065,-0.013446606580257,0.));
#4892=CARTESIAN_POINT('',(0.0040954362899065,-0.00943101320824397,0.));
#4893=CARTESIAN_POINT('',(0.00409543628990651,-0.0194154198362309,0.));
#4894=CARTESIAN_POINT('',(0.0141277797520161,-0.0194154198362309,0.));
#4895=CARTESIAN_POINT('',(0.0101601232141256,-0.0194154198362309,0.));
#4896=CARTESIAN_POINT('',(0.0101601232141256,-0.0155141239472191,0.));
#4897=CARTESIAN_POINT('',(0.0101601232141256,-0.0232710688383063,0.));
#4898=CARTESIAN_POINT('',(0.014153154566884,-0.0232710688383063,0.));
#4899=CARTESIAN_POINT('',(0.00409543628990651,-0.0232710688383063,0.));
#4900=CARTESIAN_POINT('',(0.0040954362899065,-0.0364732021857017,0.));
#4901=CARTESIAN_POINT('',(0.00409543628990651,-0.0496753355330971,0.));
#4902=CARTESIAN_POINT('',(0.0171728106215596,-0.0496753355330971,0.));
#4903=CARTESIAN_POINT('',(0.0302501849532128,-0.0496753355330971,0.));
#4904=CARTESIAN_POINT('',(0.0302501849532128,-0.0396274069700593,0.));
#4905=CARTESIAN_POINT('',(0.0302501849532128,-0.0435794784070213,0.));
#4906=CARTESIAN_POINT('',(0.0445370804518462,-0.0435794784070213,0.));
#4907=CARTESIAN_POINT('',(0.0402496563237915,-0.0435794784070213,0.));
#4908=CARTESIAN_POINT('',(0.0402496563237915,-0.0431400474370306,0.));
#4909=CARTESIAN_POINT('',(0.0402496563237915,-0.0560857620139297,0.));
#4910=CARTESIAN_POINT('',(0.0569801362812716,-0.0560857620139297,0.));
#4911=CARTESIAN_POINT('',(0.0727161816226904,-0.0560857620139297,0.));
#4912=CARTESIAN_POINT('',(0.0727161816226904,-0.0399256930813855,0.));
#4913=CARTESIAN_POINT('',(0.0600057599981657,-0.0232887063139412,-0.002));
#4914=CARTESIAN_POINT('',(0.0727161816226904,-0.0230243495329367,-0.002));
#4915=CARTESIAN_POINT('',(0.0727161816226904,-0.0230243495329367,-0.002));
#4916=CARTESIAN_POINT('',(0.0600057599981657,-0.0232887063139412,-0.002));
#4917=CARTESIAN_POINT('',(0.0605920187830925,-0.0232765130531826,-0.002));
#4918=CARTESIAN_POINT('',(0.0605920187830925,-0.0232765130531826,-0.002));
#4919=CARTESIAN_POINT('',(0.0727161816226904,-0.0399256930813855,-0.002));
#4920=CARTESIAN_POINT('',(0.0727161816226904,-0.0560857620139297,-0.002));
#4921=CARTESIAN_POINT('',(0.0727161816226904,-0.0560857620139297,-0.002));
#4922=CARTESIAN_POINT('',(0.0727161816226904,-0.0399256930813855,-0.002));
#4923=CARTESIAN_POINT('',(0.0569801362812716,-0.0560857620139297,-0.002));
#4924=CARTESIAN_POINT('',(0.0402496563237915,-0.0560857620139297,-0.002));
#4925=CARTESIAN_POINT('',(0.0402496563237915,-0.0560857620139297,-0.002));
#4926=CARTESIAN_POINT('',(0.0569801362812716,-0.0560857620139297,-0.002));
#4927=CARTESIAN_POINT('',(0.0402496563237915,-0.0431400474370306,-0.002));
#4928=CARTESIAN_POINT('',(0.0402496563237915,-0.0435794784070213,-0.002));
#4929=CARTESIAN_POINT('',(0.0402496563237915,-0.0435794784070213,-0.002));
#4930=CARTESIAN_POINT('',(0.0402496563237915,-0.0431400474370306,-0.002));
#4931=CARTESIAN_POINT('',(0.0445370804518462,-0.0435794784070213,-0.002));
#4932=CARTESIAN_POINT('',(0.0302501849532128,-0.0435794784070213,-0.002));
#4933=CARTESIAN_POINT('',(0.0302501849532128,-0.0435794784070213,-0.002));
#4934=CARTESIAN_POINT('',(0.0445370804518462,-0.0435794784070213,-0.002));
#4935=CARTESIAN_POINT('',(0.0302501849532128,-0.0396274069700593,-0.002));
#4936=CARTESIAN_POINT('',(0.0302501849532128,-0.0496753355330971,-0.002));
#4937=CARTESIAN_POINT('',(0.0302501849532128,-0.0496753355330971,-0.002));
#4938=CARTESIAN_POINT('',(0.0302501849532128,-0.0396274069700593,-0.002));
#4939=CARTESIAN_POINT('',(0.0171728106215596,-0.0496753355330971,-0.002));
#4940=CARTESIAN_POINT('',(0.00409543628990651,-0.0496753355330971,-0.002));
#4941=CARTESIAN_POINT('',(0.00409543628990651,-0.0496753355330971,-0.002));
#4942=CARTESIAN_POINT('',(0.0171728106215596,-0.0496753355330971,-0.002));
#4943=CARTESIAN_POINT('',(0.0040954362899065,-0.0364732021857017,-0.002));
#4944=CARTESIAN_POINT('',(0.00409543628990651,-0.0232710688383063,-0.002));
#4945=CARTESIAN_POINT('',(0.00409543628990651,-0.0232710688383063,-0.002));
#4946=CARTESIAN_POINT('',(0.0040954362899065,-0.0364732021857017,-0.002));
#4947=CARTESIAN_POINT('',(0.014153154566884,-0.0232710688383063,-0.002));
#4948=CARTESIAN_POINT('',(0.0101601232141256,-0.0232710688383063,-0.002));
#4949=CARTESIAN_POINT('',(0.0101601232141256,-0.0232710688383063,-0.002));
#4950=CARTESIAN_POINT('',(0.014153154566884,-0.0232710688383063,-0.002));
#4951=CARTESIAN_POINT('',(0.0101601232141256,-0.0155141239472191,-0.002));
#4952=CARTESIAN_POINT('',(0.0101601232141256,-0.0194154198362309,-0.002));
#4953=CARTESIAN_POINT('',(0.0101601232141256,-0.0194154198362309,-0.002));
#4954=CARTESIAN_POINT('',(0.0101601232141256,-0.0155141239472191,-0.002));
#4955=CARTESIAN_POINT('',(0.0141277797520161,-0.0194154198362309,-0.002));
#4956=CARTESIAN_POINT('',(0.00409543628990651,-0.0194154198362309,-0.002));
#4957=CARTESIAN_POINT('',(0.00409543628990651,-0.0194154198362309,-0.002));
#4958=CARTESIAN_POINT('',(0.0141277797520161,-0.0194154198362309,-0.002));
#4959=CARTESIAN_POINT('',(0.0040954362899065,-0.00943101320824397,-0.002));
#4960=CARTESIAN_POINT('',(0.0040954362899065,-0.013446606580257,-0.002));
#4961=CARTESIAN_POINT('',(0.0040954362899065,-0.013446606580257,-0.002));
#4962=CARTESIAN_POINT('',(0.0040954362899065,-0.00943101320824397,-0.002));
#4963=CARTESIAN_POINT('',(0.00804821122437716,-0.013446606580257,-0.002));
#4964=CARTESIAN_POINT('',(-0.00199901384115219,-0.013446606580257,-0.002));
#4965=CARTESIAN_POINT('',(-0.00199901384115219,-0.013446606580257,-0.002));
#4966=CARTESIAN_POINT('',(0.00804821122437716,-0.013446606580257,-0.002));
#4967=CARTESIAN_POINT('',(-0.00199901384115219,-0.00331497377860154,-0.002));
#4968=CARTESIAN_POINT('',(-0.00199901384115219,-0.00718334097694606,-0.002));
#4969=CARTESIAN_POINT('',(-0.00199901384115219,-0.00718334097694606,-0.002));
#4970=CARTESIAN_POINT('',(-0.00199901384115219,-0.00331497377860154,-0.002));
#4971=CARTESIAN_POINT('',(0.00211154573480598,-0.00718334097694606,-0.002));
#4972=CARTESIAN_POINT('',(-0.00777789468923584,-0.00718334097694606,-0.002));
#4973=CARTESIAN_POINT('',(-0.00777789468923584,-0.00718334097694606,-0.002));
#4974=CARTESIAN_POINT('',(0.00211154573480598,-0.00718334097694606,-0.002));
#4975=CARTESIAN_POINT('',(-0.00777789468923584,0.00269715354079381,-0.002));
#4976=CARTESIAN_POINT('',(-0.00777789468923584,-0.00142235194146633,-0.002));
#4977=CARTESIAN_POINT('',(-0.00777789468923584,-0.00142235194146633,-0.002));
#4978=CARTESIAN_POINT('',(-0.00777789468923584,0.00269715354079381,-0.002));
#4979=CARTESIAN_POINT('',(-0.00389992169220932,-0.00142235194146633,-0.002));
#4980=CARTESIAN_POINT('',(-0.0140219486951828,-0.00142235194146633,-0.002));
#4981=CARTESIAN_POINT('',(-0.0140219486951828,-0.00142235194146633,-0.002));
#4982=CARTESIAN_POINT('',(-0.00389992169220932,-0.00142235194146633,-0.002));
#4983=CARTESIAN_POINT('',(-0.0140219486951828,0.00871756626293063,-0.002));
#4984=CARTESIAN_POINT('',(-0.0140219486951828,0.0048574844673276,-0.002));
#4985=CARTESIAN_POINT('',(-0.0140219486951828,0.0048574844673276,-0.002));
#4986=CARTESIAN_POINT('',(-0.0140219486951828,0.00871756626293063,-0.002));
#4987=CARTESIAN_POINT('',(-0.0101350294426084,0.0048574844673276,-0.002));
#4988=CARTESIAN_POINT('',(-0.0202481101900339,0.0048574844673276,-0.002));
#4989=CARTESIAN_POINT('',(-0.0202481101900339,0.0048574844673276,-0.002));
#4990=CARTESIAN_POINT('',(-0.0101350294426084,0.0048574844673276,-0.002));
#4991=CARTESIAN_POINT('',(-0.0202481101900339,0.0147916530258954,-0.002));
#4992=CARTESIAN_POINT('',(-0.0202481101900339,0.0108464917964505,-0.002));
#4993=CARTESIAN_POINT('',(-0.0202481101900339,0.0108464917964505,-0.002));
#4994=CARTESIAN_POINT('',(-0.0202481101900339,0.0147916530258954,-0.002));
#4995=CARTESIAN_POINT('',(-0.0161822782829404,0.0108464917964505,-0.002));
#4996=CARTESIAN_POINT('',(-0.0260176705970602,0.0108464917964504,-0.002));
#4997=CARTESIAN_POINT('',(-0.0260176705970602,0.0108464917964504,-0.002));
#4998=CARTESIAN_POINT('',(-0.0161822782829404,0.0108464917964505,-0.002));
#4999=CARTESIAN_POINT('',(-0.0260176705970602,0.0269652947694441,-0.002));
#5000=CARTESIAN_POINT('',(-0.0260176705970602,0.0430840977424376,-0.002));
#5001=CARTESIAN_POINT('',(-0.0260176705970602,0.0430840977424376,-0.002));
#5002=CARTESIAN_POINT('',(-0.0260176705970602,0.0269652947694441,-0.002));
#5003=CARTESIAN_POINT('',(-0.0100169008086056,0.0430840977424376,-0.002));
#5004=CARTESIAN_POINT('',(0.00598386897984892,0.0430840977424376,-0.002));
#5005=CARTESIAN_POINT('',(0.00598386897984892,0.0430840977424376,-0.002));
#5006=CARTESIAN_POINT('',(-0.0100169008086056,0.0430840977424376,-0.002));
#5007=CARTESIAN_POINT('',(0.00598386897984892,0.0329826969950074,-0.002));
#5008=CARTESIAN_POINT('',(0.00598386897984892,0.0368812962475771,-0.002));
#5009=CARTESIAN_POINT('',(0.00598386897984892,0.0368812962475771,-0.002));
#5010=CARTESIAN_POINT('',(0.00598386897984892,0.0329826969950074,-0.002));
#5011=CARTESIAN_POINT('',(0.00201823870884254,0.0368812962475771,-0.002));
#5012=CARTESIAN_POINT('',(0.0120526084378362,0.0368812962475771,-0.002));
#5013=CARTESIAN_POINT('',(0.0120526084378362,0.0368812962475771,-0.002));
#5014=CARTESIAN_POINT('',(0.00201823870884254,0.0368812962475771,-0.002));
#5015=CARTESIAN_POINT('',(0.0120526084378362,0.0269830941951059,-0.002));
#5016=CARTESIAN_POINT('',(0.0120526084378362,0.0310848921426345,-0.002));
#5017=CARTESIAN_POINT('',(0.0120526084378362,0.0310848921426345,-0.002));
#5018=CARTESIAN_POINT('',(0.0120526084378362,0.0269830941951059,-0.002));
#5019=CARTESIAN_POINT('',(0.00809766165912151,0.0310848921426345,-0.002));
#5020=CARTESIAN_POINT('',(0.0181427148804069,0.0310848921426345,-0.002));
#5021=CARTESIAN_POINT('',(0.0181427148804069,0.0310848921426345,-0.002));
#5022=CARTESIAN_POINT('',(0.00809766165912151,0.0310848921426345,-0.002));
#5023=CARTESIAN_POINT('',(0.0181427148804069,0.0211118239970857,-0.002));
#5024=CARTESIAN_POINT('',(0.0181427148804069,0.0251387558515368,-0.002));
#5025=CARTESIAN_POINT('',(0.0181427148804069,0.0251387558515368,-0.002));
#5026=CARTESIAN_POINT('',(0.0181427148804069,0.0211118239970857,-0.002));
#5027=CARTESIAN_POINT('',(0.0142198228277266,0.0251387558515368,-0.002));
#5028=CARTESIAN_POINT('',(0.0242969307750464,0.0251387558515368,-0.002));
#5029=CARTESIAN_POINT('',(0.0242969307750464,0.0251387558515368,-0.002));
#5030=CARTESIAN_POINT('',(0.0142198228277266,0.0251387558515368,-0.002));
#5031=CARTESIAN_POINT('',(0.0242969307750464,0.0149624929917472,-0.002));
#5032=CARTESIAN_POINT('',(0.0242969307750464,0.0189937896553721,-0.002));
#5033=CARTESIAN_POINT('',(0.0242969307750464,0.0189937896553721,-0.002));
#5034=CARTESIAN_POINT('',(0.0242969307750464,0.0149624929917472,-0.002));
#5035=CARTESIAN_POINT('',(0.0200199730498313,0.0188687980536962,-0.002));
#5036=CARTESIAN_POINT('',(0.030151982575655,0.0191649001384473,-0.002));
#5037=CARTESIAN_POINT('',(0.030151982575655,0.0191649001384473,-0.002));
#5038=CARTESIAN_POINT('',(0.0200199730498313,0.0188687980536962,-0.002));
#5039=CARTESIAN_POINT('',(0.030151982575655,0.00895219036994048,-0.002));
#5040=CARTESIAN_POINT('',(0.030151982575655,0.0129470401248482,-0.002));
#5041=CARTESIAN_POINT('',(0.030151982575655,0.0129470401248482,-0.002));
#5042=CARTESIAN_POINT('',(0.030151982575655,0.00895219036994048,-0.002));
#5043=CARTESIAN_POINT('',(0.0264107258990407,0.0129470401248482,-0.002));
#5044=CARTESIAN_POINT('',(0.0366694692224264,0.0129470401248482,-0.002));
#5045=CARTESIAN_POINT('',(0.0366694692224264,0.0129470401248482,-0.002));
#5046=CARTESIAN_POINT('',(0.0264107258990407,0.0129470401248482,-0.002));
#5047=CARTESIAN_POINT('',(0.0366694692224264,0.00286702756445161,-0.002));
#5048=CARTESIAN_POINT('',(0.0366694692224264,0.00678701500405497,-0.002));
#5049=CARTESIAN_POINT('',(0.0366694692224264,0.00678701500405497,-0.002));
#5050=CARTESIAN_POINT('',(0.0366694692224264,0.00286702756445161,-0.002));
#5051=CARTESIAN_POINT('',(0.0324794678017497,0.00678701500405497,-0.002));
#5052=CARTESIAN_POINT('',(0.0405978963077068,0.00678701500405497,-0.002));
#5053=CARTESIAN_POINT('',(0.0405978963077068,0.00678701500405497,-0.002));
#5054=CARTESIAN_POINT('',(0.0324794678017497,0.00678701500405497,-0.002));
#5055=CARTESIAN_POINT('',(0.0405978963077068,0.00288841481197536,-0.002));
#5056=CARTESIAN_POINT('',(0.0405978963077068,0.0123538806443756,-0.002));
#5057=CARTESIAN_POINT('',(0.0405978963077068,0.0123538806443756,-0.002));
#5058=CARTESIAN_POINT('',(0.0405978963077068,0.00288841481197536,-0.002));
#5059=CARTESIAN_POINT('',(0.0536025315523148,0.0123538806443756,-0.002));
#5060=CARTESIAN_POINT('',(0.0666071667969227,0.0123538806443756,-0.002));
#5061=CARTESIAN_POINT('',(0.0666071667969227,0.0123538806443756,-0.002));
#5062=CARTESIAN_POINT('',(0.0536025315523148,0.0123538806443756,-0.002));
#5063=CARTESIAN_POINT('',(0.0666071667969227,-0.000127431435734554,-0.002));
#5064=CARTESIAN_POINT('',(0.0666071667969227,-0.0133088456538311,-0.002));
#5065=CARTESIAN_POINT('',(0.0666071667969227,-0.0133088456538311,-0.002));
#5066=CARTESIAN_POINT('',(0.0666071667969227,-0.000127431435734554,-0.002));
#5067=CARTESIAN_POINT('',(0.0565995927900076,-0.0133088456538311,-0.002));
#5068=CARTESIAN_POINT('',(0.0605920187830925,-0.0133088456538311,-0.002));
#5069=CARTESIAN_POINT('',(0.0605920187830925,-0.0133088456538311,-0.002));
#5070=CARTESIAN_POINT('',(0.0565995927900076,-0.0133088456538311,-0.002));
#5071=CARTESIAN_POINT('',(0.0605920187830925,-0.0123712454148152,-0.002));
#5072=CARTESIAN_POINT('',(0.0605920187830925,-0.0123712454148152,-0.002));
#5073=CARTESIAN_POINT('',(0.,0.,-0.002));
#5074=MECHANICAL_DESIGN_GEOMETRIC_PRESENTATION_REPRESENTATION('',(#3223),
#5075);
#5075=(
GEOMETRIC_REPRESENTATION_CONTEXT(3)
GLOBAL_UNCERTAINTY_ASSIGNED_CONTEXT((#5076))
GLOBAL_UNIT_ASSIGNED_CONTEXT((#5079,#5078,#5077))
REPRESENTATION_CONTEXT('Part 1','TOP_LEVEL_ASSEMBLY_PART')
);
#5076=UNCERTAINTY_MEASURE_WITH_UNIT(LENGTH_MEASURE(1.E-8),#5079,
'DISTANCE_ACCURACY_VALUE','Maximum Tolerance applied to model');
#5077=(
NAMED_UNIT(*)
SI_UNIT($,.STERADIAN.)
SOLID_ANGLE_UNIT()
);
#5078=(
NAMED_UNIT(*)
PLANE_ANGLE_UNIT()
SI_UNIT($,.RADIAN.)
);
#5079=(
LENGTH_UNIT()
NAMED_UNIT(*)
SI_UNIT($,.METRE.)
);
#5080=PRODUCT_DEFINITION_SHAPE('','',#5081);
#5081=PRODUCT_DEFINITION('','',#5083,#5082);
#5082=PRODUCT_DEFINITION_CONTEXT('',#5089,'design');
#5083=PRODUCT_DEFINITION_FORMATION_WITH_SPECIFIED_SOURCE('','',#5085,
 .NOT_KNOWN.);
#5084=PRODUCT_RELATED_PRODUCT_CATEGORY('','',(#5085));
#5085=PRODUCT('Part 1','Part 1','Part 1',(#5087));
#5086=PRODUCT_CATEGORY('','');
#5087=PRODUCT_CONTEXT('',#5089,'mechanical');
#5088=APPLICATION_PROTOCOL_DEFINITION('international standard',
'ap242_managed_model_based_3d_engineering',2020,#5089);
#5089=APPLICATION_CONTEXT('managed model based 3d engineering');
ENDSEC;
END-ISO-10303-21;
